id,stock_code,company,year,report_type,title,announcement_date,source,source_url,original_title,original_adjunct_url,pdf_url,original_pdf_filename,normalized_filename,local_path,file_sha256,file_size_bytes,error
1225366961,600963,岳阳林纸,2025,ESG报告,岳阳林纸：岳阳林纸股份有限公司2025年度环境、社会和公司治理（ESG）报告,2026-06-13,cninfo,https://www.cninfo.com.cn/new/disclosure/detail?stockCode=600963&announcementId=1225366961&orgId=gssh0600963&announcementTime=1781280000000,岳阳林纸：岳阳林纸股份有限公司2025年度环境、社会和公司治理（<em>ESG</em>）<em>报告</em>,finalpage/2026-06-13/1225366961.PDF,https://static.cninfo.com.cn/finalpage/2026-06-13/1225366961.PDF,1225366961.PDF,600963_岳阳林纸_2025_ESG报告.pdf,data/raw_pdfs/600963_岳阳林纸_2025_ESG报告.pdf,2d2e65c5f7b41ca480f9178d2e2b7fa935cae0c4de01b1bf2262309e8dc5f856,17565280,
1225355845,300376,易事特,2025,可持续发展报告,易事特：2025年度可持续发展暨ESG报告,2026-06-06,cninfo,https://www.cninfo.com.cn/new/disclosure/detail?stockCode=300376&announcementId=1225355845&orgId=GD025312&announcementTime=1780675200000,易事特：2025年度可持续发展暨<em>ESG</em><em>报告</em>,finalpage/2026-06-06/1225355845.PDF,https://static.cninfo.com.cn/finalpage/2026-06-06/1225355845.PDF,1225355845.PDF,300376_易事特_2025_可持续发展报告.pdf,data/raw_pdfs/300376_易事特_2025_可持续发展报告.pdf,08aba7a5d552760d28f8fe4ec6df6f066a0db00c9527c7f2956d58e72a9f7ba2,23087169,
1225347036,301599,理奇智能,2025,ESG报告,理奇智能：2025年度环境、社会和公司治理（ESG）报告,2026-06-03,cninfo,https://www.cninfo.com.cn/new/disclosure/detail?stockCode=301599&announcementId=1225347036&orgId=9900063198&announcementTime=1780416000000,理奇智能：2025年度环境、社会和公司治理（<em>ESG</em>）<em>报告</em>,finalpage/2026-06-03/1225347036.PDF,https://static.cninfo.com.cn/finalpage/2026-06-03/1225347036.PDF,1225347036.PDF,301599_理奇智能_2025_ESG报告.pdf,data/raw_pdfs/301599_理奇智能_2025_ESG报告.pdf,c18c1b53b896417d7e5b7da6431c23eea65d7c9a42ee63940d8ea2944ecaa460,4951591,
1225342976,02402,亿华通,2025,ESG报告,亿华通：2025年环境、社会与管治 (ESG) 报告,2026-06-01,cninfo,https://www.cninfo.com.cn/new/disclosure/detail?stockCode=02402&announcementId=1225342976&orgId=gfbj0834613&announcementTime=1780307174000,亿华通：2025年环境、社会与管治 (<em>ESG</em>) <em>报告</em>,finalpage/2026-06-01/1225342976.PDF,https://static.cninfo.com.cn/finalpage/2026-06-01/1225342976.PDF,1225342976.PDF,02402_亿华通_2025_ESG报告.pdf,data/raw_pdfs/02402_亿华通_2025_ESG报告.pdf,e0dd163ad7907318ef6321a8755da8f6fefa90ade2129e52e72fa3100845a1ce,9631490,
1225332205,01847,云南建投混凝土,2025,ESG报告,云南建投混凝土：(1)2025年度董事会工作报告(2)2025年度财务报表(3)2025年度报告(4)2025年度环境、社会及管治(ESG)报告(5)2025年度财务决算方案(6)2025年度利润分配方案(7)2026年度财务预算方案(8)续聘2026年度审计师(9)发行股份的一般授权(10)发行债务性融资工具的一般授...,2026-05-26,cninfo,https://www.cninfo.com.cn/new/disclosure/detail?stockCode=01847&announcementId=1225332205&orgId=9900042118&announcementTime=1779801248000,云南建投混凝土：(1)2025年度董事会工作<em>报告</em>(2)2025年度财务报表(3)2025年度<em>报告</em>(4)2025年度环境、社会及管治(<em>ESG</em>)<em>报告</em>(5)2025年度财务决算方案(6)2025年度利润分配方案(7)2026年度财务预算方案(8)续聘2026年度审计师(9)发行股份的一般授权(10)发行债务性融资工具的一般授...,finalpage/2026-05-26/1225332205.PDF,https://static.cninfo.com.cn/finalpage/2026-05-26/1225332205.PDF,1225332205.PDF,01847_云南建投混凝土_2025_ESG报告.pdf,data/raw_pdfs/01847_云南建投混凝土_2025_ESG报告.pdf,3892616e19cc059ccf43545ff3bf159a33851201cac980d87927d4bee45c1098,432108,
1225306167,00588,北京北辰实业股份,2025,可持续发展报告,北京北辰实业股份：2025年可持续发展暨ESG报告,2026-05-14,cninfo,https://www.cninfo.com.cn/new/disclosure/detail?stockCode=00588&announcementId=1225306167&orgId=9900000921&announcementTime=1778749090000,北京北辰实业股份：2025年可持续发展暨<em>ESG</em><em>报告</em>,finalpage/2026-05-14/1225306167.PDF,https://static.cninfo.com.cn/finalpage/2026-05-14/1225306167.PDF,1225306167.PDF,00588_北京北辰实业股份_2025_可持续发展报告.pdf,data/raw_pdfs/00588_北京北辰实业股份_2025_可持续发展报告.pdf,ee71d750c9e585a33dc805f598b1fd864015ab7dc0ff8940490e274a0629b35d,21092690,
1225275566,06810,商米科技-Ｗ,2025,ESG报告,商米科技-Ｗ：2025环境、社会及管治(ESG)报告,2026-04-30,cninfo,https://www.cninfo.com.cn/new/disclosure/detail?stockCode=06810&announcementId=1225275566&orgId=9900047776&announcementTime=1777564799000,商米科技-Ｗ：2025环境、社会及管治(<em>ESG</em>)<em>报告</em>,finalpage/2026-04-30/1225275566.PDF,https://static.cninfo.com.cn/finalpage/2026-04-30/1225275566.PDF,1225275566.PDF,06810_商米科技-Ｗ_2025_ESG报告.pdf,data/raw_pdfs/06810_商米科技-Ｗ_2025_ESG报告.pdf,ece5e74768bb51481c3b7167e7e75728f5d78be6d57c0e2e85cdf4be6d77fda7,18119516,
1225275273,01950,帝王实业控股,2026,ESG报告,帝王实业控股：环境、社会及管治（ESG）报告,2026-04-30,cninfo,https://www.cninfo.com.cn/new/disclosure/detail?stockCode=01950&announcementId=1225275273&orgId=9900043381&announcementTime=1777564799000,帝王实业控股：环境、社会及管治（<em>ESG</em>）<em>报告</em>,finalpage/2026-04-30/1225275273.PDF,https://static.cninfo.com.cn/finalpage/2026-04-30/1225275273.PDF,1225275273.PDF,01950_帝王实业控股_2026_ESG报告.pdf,data/raw_pdfs/01950_帝王实业控股_2026_ESG报告.pdf,f705bc7cf23689611d1e229050bafcdfdfa61b841c62583f9cb72ad8aabc2115,2331403,
1225270534,01216,中原银行,2025,ESG报告,中原银行：2025环境、社会及管治（ESG）报告,2026-04-30,cninfo,https://www.cninfo.com.cn/new/disclosure/detail?stockCode=01216&announcementId=1225270534&orgId=9900032898&announcementTime=1777530510000,中原银行：2025环境、社会及管治（<em>ESG</em>）<em>报告</em>,finalpage/2026-04-30/1225270534.PDF,https://static.cninfo.com.cn/finalpage/2026-04-30/1225270534.PDF,1225270534.PDF,01216_中原银行_2025_ESG报告.pdf,data/raw_pdfs/01216_中原银行_2025_ESG报告.pdf,9c2c1d6c0d8987c7831bdda47e01f67df34051087ad7384cb5a248db4bc16245,17804321,
1225253683,002886,沃特股份,2025,ESG报告,沃特股份：2025年环境、社会及公司治理（ESG）报告（中文）,2026-04-30,cninfo,https://www.cninfo.com.cn/new/disclosure/detail?stockCode=002886&announcementId=1225253683&orgId=9900031440&announcementTime=1777478400000,沃特股份：2025年环境、社会及公司治理（<em>ESG</em>）<em>报告</em>（中文）,finalpage/2026-04-30/1225253683.PDF,https://static.cninfo.com.cn/finalpage/2026-04-30/1225253683.PDF,1225253683.PDF,002886_沃特股份_2025_ESG报告.pdf,data/raw_pdfs/002886_沃特股份_2025_ESG报告.pdf,4193f9cd212544c714ce0643da708cc7ab49cb4f3c149aeca4d3a2c2656550ef,13486689,
1225254867,600713,南京医药,2025,ESG报告,南京医药：南京医药2025年度环境、社会和公司治理（ESG）报告,2026-04-30,cninfo,https://www.cninfo.com.cn/new/disclosure/detail?stockCode=600713&announcementId=1225254867&orgId=gssh0600713&announcementTime=1777478400000,南京医药：南京医药2025年度环境、社会和公司治理（<em>ESG</em>）<em>报告</em>,finalpage/2026-04-30/1225254867.PDF,https://static.cninfo.com.cn/finalpage/2026-04-30/1225254867.PDF,1225254867.PDF,600713_南京医药_2025_ESG报告.pdf,data/raw_pdfs/600713_南京医药_2025_ESG报告.pdf,9db1a8778356c534a04ebb803605810b5d516fe34c4607168d78bb5617b94cc4,17989792,
1225254462,000158,常山北明,2025,ESG报告,常山北明：2025年环境、社会和公司治理（ESG）报告,2026-04-30,cninfo,https://www.cninfo.com.cn/new/disclosure/detail?stockCode=000158&announcementId=1225254462&orgId=gssz0000158&announcementTime=1777478400000,常山北明：2025年环境、社会和公司治理（<em>ESG</em>）<em>报告</em>,finalpage/2026-04-30/1225254462.PDF,https://static.cninfo.com.cn/finalpage/2026-04-30/1225254462.PDF,1225254462.PDF,000158_常山北明_2025_ESG报告.pdf,data/raw_pdfs/000158_常山北明_2025_ESG报告.pdf,2865bf56799c47d1f3f7b0082e3d4240e6868d0d56e39251058166a5da459cbd,25313896,
1225257940,600406,国电南瑞,2025,ESG报告,国电南瑞：国电南瑞2025年环境、社会及公司治理（ESG）报告,2026-04-30,cninfo,https://www.cninfo.com.cn/new/disclosure/detail?stockCode=600406&announcementId=1225257940&orgId=gssh0600406&announcementTime=1777478400000,国电南瑞：国电南瑞2025年环境、社会及公司治理（<em>ESG</em>）<em>报告</em>,finalpage/2026-04-30/1225257940.PDF,https://static.cninfo.com.cn/finalpage/2026-04-30/1225257940.PDF,1225257940.PDF,600406_国电南瑞_2025_ESG报告.pdf,data/raw_pdfs/600406_国电南瑞_2025_ESG报告.pdf,e46284292b46ea161dc0bca6b0b0cd48b4cd7ecbb7aff5774cda2de1c0b4b80e,22584570,
1225257216,688709,成都华微,2025,ESG报告,成都华微：成都华微电子科技股份有限公司2025年度环境、社会和公司治理（ESG）报告,2026-04-30,cninfo,https://www.cninfo.com.cn/new/disclosure/detail?stockCode=688709&announcementId=1225257216&orgId=9900053939&announcementTime=1777478400000,成都华微：成都华微电子科技股份有限公司2025年度环境、社会和公司治理（<em>ESG</em>）<em>报告</em>,finalpage/2026-04-30/1225257216.PDF,https://static.cninfo.com.cn/finalpage/2026-04-30/1225257216.PDF,1225257216.PDF,688709_成都华微_2025_ESG报告.pdf,data/raw_pdfs/688709_成都华微_2025_ESG报告.pdf,2c8eb990fc893775fea18ccbb6696362390f897caa9871c3ebe98ffece31e0d5,31250540,
1225256511,002692,远程股份,2026,ESG报告,远程股份：远程电缆股份有限公司环境、社会与公司治理（ESG）报告,2026-04-30,cninfo,https://www.cninfo.com.cn/new/disclosure/detail?stockCode=002692&announcementId=1225256511&orgId=9900023230&announcementTime=1777478400000,远程股份：远程电缆股份有限公司环境、社会与公司治理（<em>ESG</em>）<em>报告</em>,finalpage/2026-04-30/1225256511.PDF,https://static.cninfo.com.cn/finalpage/2026-04-30/1225256511.PDF,1225256511.PDF,002692_远程股份_2026_ESG报告.pdf,data/raw_pdfs/002692_远程股份_2026_ESG报告.pdf,b4b62fd7d4c3edb18dc7612db11afaab279dfd7bab1af870fa14f30829f468cd,29792228,
1225262037,600783,鲁信创投,2025,ESG报告,鲁信创投：鲁信创投2025年度环境、社会和公司治理（ESG）报告,2026-04-30,cninfo,https://www.cninfo.com.cn/new/disclosure/detail?stockCode=600783&announcementId=1225262037&orgId=gssh0600783&announcementTime=1777478400000,鲁信创投：鲁信创投2025年度环境、社会和公司治理（<em>ESG</em>）<em>报告</em>,finalpage/2026-04-30/1225262037.PDF,https://static.cninfo.com.cn/finalpage/2026-04-30/1225262037.PDF,1225262037.PDF,600783_鲁信创投_2025_ESG报告.pdf,data/raw_pdfs/600783_鲁信创投_2025_ESG报告.pdf,bdf2942bbd3489e8194ced0f809beb0e5a62ea4b5b58358a055acbacb2aa1a4f,7723326,
1225263769,600322,津投城开,2025,ESG报告,津投城开：津投城开2025年ESG报告,2026-04-30,cninfo,https://www.cninfo.com.cn/new/disclosure/detail?stockCode=600322&announcementId=1225263769&orgId=gssh0600322&announcementTime=1777478400000,津投城开：津投城开2025年<em>ESG</em><em>报告</em>,finalpage/2026-04-30/1225263769.PDF,https://static.cninfo.com.cn/finalpage/2026-04-30/1225263769.PDF,1225263769.PDF,600322_津投城开_2025_ESG报告.pdf,data/raw_pdfs/600322_津投城开_2025_ESG报告.pdf,12d37c570886037fc49b475594ee4d75234f06f72592e66bb75c27663fe2f5e5,15016266,
1225264297,600009,上海机场,2025,ESG报告,上海机场：上海机场2025年度ESG报告,2026-04-30,cninfo,https://www.cninfo.com.cn/new/disclosure/detail?stockCode=600009&announcementId=1225264297&orgId=gssh0600009&announcementTime=1777478400000,上海机场：上海机场2025年度<em>ESG</em><em>报告</em>,finalpage/2026-04-30/1225264297.PDF,https://static.cninfo.com.cn/finalpage/2026-04-30/1225264297.PDF,1225264297.PDF,600009_上海机场_2025_ESG报告.pdf,data/raw_pdfs/600009_上海机场_2025_ESG报告.pdf,b659695387f8245ab2cedb72cb2e5098d97366a1f286954be005fc68c288c14d,9809837,
1225258825,002663,普邦股份,2025,ESG报告,普邦股份：2025年度环境、社会和公司治理（ESG）报告,2026-04-30,cninfo,https://www.cninfo.com.cn/new/disclosure/detail?stockCode=002663&announcementId=1225258825&orgId=9900022158&announcementTime=1777478400000,普邦股份：2025年度环境、社会和公司治理（<em>ESG</em>）<em>报告</em>,finalpage/2026-04-30/1225258825.PDF,https://static.cninfo.com.cn/finalpage/2026-04-30/1225258825.PDF,1225258825.PDF,002663_普邦股份_2025_ESG报告.pdf,data/raw_pdfs/002663_普邦股份_2025_ESG报告.pdf,7701369627be53b9206f1773a4f3e2ba40e94abac5de9f5ba5f1c50b8ad01c7b,7670077,
1225259950,688348,昱能科技,2025,ESG报告,昱能科技：2025年度环境、社会和公司治理（ESG）报告,2026-04-30,cninfo,https://www.cninfo.com.cn/new/disclosure/detail?stockCode=688348&announcementId=1225259950&orgId=9900052521&announcementTime=1777478400000,昱能科技：2025年度环境、社会和公司治理（<em>ESG</em>）<em>报告</em>,finalpage/2026-04-30/1225259950.PDF,https://static.cninfo.com.cn/finalpage/2026-04-30/1225259950.PDF,1225259950.PDF,688348_昱能科技_2025_ESG报告.pdf,data/raw_pdfs/688348_昱能科技_2025_ESG报告.pdf,b7407417397dc2dee9610e062db03a16b27667601942c6a874c87838535ec26c,19434530,
1225257304,601360,三六零,2025,ESG报告,三六零：三六零安全科技股份有限公司2025年度环境、社会和公司治理（ESG）报告（中文版）,2026-04-30,cninfo,https://www.cninfo.com.cn/new/disclosure/detail?stockCode=601360&announcementId=1225257304&orgId=9900021962&announcementTime=1777478400000,三六零：三六零安全科技股份有限公司2025年度环境、社会和公司治理（<em>ESG</em>）<em>报告</em>（中文版）,finalpage/2026-04-30/1225257304.PDF,https://static.cninfo.com.cn/finalpage/2026-04-30/1225257304.PDF,1225257304.PDF,601360_三六零_2025_ESG报告.pdf,data/raw_pdfs/601360_三六零_2025_ESG报告.pdf,6feb505ee5bcc2aaa759cf068d62202548986cd36b652fa874bed19762edb195,16013491,
1225260872,002490,山东墨龙,2025,ESG报告,山东墨龙：2025年度环境、社会和公司治理（ESG）报告,2026-04-30,cninfo,https://www.cninfo.com.cn/new/disclosure/detail?stockCode=002490&announcementId=1225260872&orgId=gshk0000568&announcementTime=1777478400000,山东墨龙：2025年度环境、社会和公司治理（<em>ESG</em>）<em>报告</em>,finalpage/2026-04-30/1225260872.PDF,https://static.cninfo.com.cn/finalpage/2026-04-30/1225260872.PDF,1225260872.PDF,002490_山东墨龙_2025_ESG报告.pdf,data/raw_pdfs/002490_山东墨龙_2025_ESG报告.pdf,66bb71e67cffe5ef7b3df2a3d08d7c0127352d30b8fd6c1342d85b1d974d8abd,7252561,
1225268117,600396,华电辽能,2025,ESG报告,华电辽能：2025年度环境、社会和公司治理（ESG）报告,2026-04-30,cninfo,https://www.cninfo.com.cn/new/disclosure/detail?stockCode=600396&announcementId=1225268117&orgId=gssh0600396&announcementTime=1777478400000,华电辽能：2025年度环境、社会和公司治理（<em>ESG</em>）<em>报告</em>,finalpage/2026-04-30/1225268117.PDF,https://static.cninfo.com.cn/finalpage/2026-04-30/1225268117.PDF,1225268117.PDF,600396_华电辽能_2025_ESG报告.pdf,data/raw_pdfs/600396_华电辽能_2025_ESG报告.pdf,f615d79867d42a25a50710e087b5ae382aa9673cb7d9408a5635c4fe8966fcfd,28328543,
1225262423,600072,中船科技,2025,ESG报告,中船科技：中船科技股份有限公司2025年度环境、社会及公司治理（ESG）报告,2026-04-30,cninfo,https://www.cninfo.com.cn/new/disclosure/detail?stockCode=600072&announcementId=1225262423&orgId=gssh0600072&announcementTime=1777478400000,中船科技：中船科技股份有限公司2025年度环境、社会及公司治理（<em>ESG</em>）<em>报告</em>,finalpage/2026-04-30/1225262423.PDF,https://static.cninfo.com.cn/finalpage/2026-04-30/1225262423.PDF,1225262423.PDF,600072_中船科技_2025_ESG报告.pdf,data/raw_pdfs/600072_中船科技_2025_ESG报告.pdf,38b09cdd570e1fba1d8e2ce5b29726efb0b4c25beffa3675f94d16195b0d09e2,24239138,
1225254451,002999,天禾股份,2025,ESG报告,天禾股份：2025年度环境、社会和公司治理（ESG）报告,2026-04-30,cninfo,https://www.cninfo.com.cn/new/disclosure/detail?stockCode=002999&announcementId=1225254451&orgId=9900033717&announcementTime=1777478400000,天禾股份：2025年度环境、社会和公司治理（<em>ESG</em>）<em>报告</em>,finalpage/2026-04-30/1225254451.PDF,https://static.cninfo.com.cn/finalpage/2026-04-30/1225254451.PDF,1225254451.PDF,002999_天禾股份_2025_ESG报告.pdf,data/raw_pdfs/002999_天禾股份_2025_ESG报告.pdf,47bc3989b731f39ea24f75863349d25da5394914c7ffa9972fd0fd21670d3e81,26649270,
1225260359,600587,新华医疗,2025,ESG报告,新华医疗：新华医疗2025年环境、社会和公司治理（ESG）报告,2026-04-30,cninfo,https://www.cninfo.com.cn/new/disclosure/detail?stockCode=600587&announcementId=1225260359&orgId=gssh0600587&announcementTime=1777478400000,新华医疗：新华医疗2025年环境、社会和公司治理（<em>ESG</em>）<em>报告</em>,finalpage/2026-04-30/1225260359.PDF,https://static.cninfo.com.cn/finalpage/2026-04-30/1225260359.PDF,1225260359.PDF,600587_新华医疗_2025_ESG报告.pdf,data/raw_pdfs/600587_新华医疗_2025_ESG报告.pdf,68069d39f40819be6492243ab3fbf322c3884eaacb778b0cb42221d7b6e316d0,12043604,
1225254509,601298,青岛港,2025,ESG报告,青岛港：青岛港国际股份有限公司2025年度环境、社会及管治（ESG）报告,2026-04-30,cninfo,https://www.cninfo.com.cn/new/disclosure/detail?stockCode=601298&announcementId=1225254509&orgId=GD025907&announcementTime=1777478400000,青岛港：青岛港国际股份有限公司2025年度环境、社会及管治（<em>ESG</em>）<em>报告</em>,finalpage/2026-04-30/1225254509.PDF,https://static.cninfo.com.cn/finalpage/2026-04-30/1225254509.PDF,1225254509.PDF,601298_青岛港_2025_ESG报告.pdf,data/raw_pdfs/601298_青岛港_2025_ESG报告.pdf,b26ca471d53f36e7f4abc1b841721046a745dff22ef645214f954b7903f6f1f1,8693208,
1225256169,603260,合盛硅业,2025,可持续发展报告,合盛硅业：合盛硅业2025年度可持续发展报告（ESG报告）,2026-04-30,cninfo,https://www.cninfo.com.cn/new/disclosure/detail?stockCode=603260&announcementId=1225256169&orgId=9900031901&announcementTime=1777478400000,合盛硅业：合盛硅业2025年度可持续发展<em>报告</em>（<em>ESG</em><em>报告</em>）,finalpage/2026-04-30/1225256169.PDF,https://static.cninfo.com.cn/finalpage/2026-04-30/1225256169.PDF,1225256169.PDF,603260_合盛硅业_2025_可持续发展报告.pdf,data/raw_pdfs/603260_合盛硅业_2025_可持续发展报告.pdf,f0ec145aacba058c2ead2e1c7aebe72722f351aab23e448307be9011bbccee77,16741598,
1225256705,600651,飞乐音响,2025,可持续发展报告,飞乐音响：飞乐音响2025年度可持续发展（ESG）报告,2026-04-30,cninfo,https://www.cninfo.com.cn/new/disclosure/detail?stockCode=600651&announcementId=1225256705&orgId=gssh0600651&announcementTime=1777478400000,飞乐音响：飞乐音响2025年度可持续发展（<em>ESG</em>）<em>报告</em>,finalpage/2026-04-30/1225256705.PDF,https://static.cninfo.com.cn/finalpage/2026-04-30/1225256705.PDF,1225256705.PDF,600651_飞乐音响_2025_可持续发展报告.pdf,data/raw_pdfs/600651_飞乐音响_2025_可持续发展报告.pdf,6fb80431ba9dfcaa5fabd3537c967f1cdb94d50b3122449ca4f3803a4f1f323a,33234700,
1225261474,603368,柳药集团,2025,ESG报告,柳药集团：广西柳药集团股份有限公司2025年度环境、社会及治理(ESG)报告,2026-04-30,cninfo,https://www.cninfo.com.cn/new/disclosure/detail?stockCode=603368&announcementId=1225261474&orgId=9900022939&announcementTime=1777478400000,柳药集团：广西柳药集团股份有限公司2025年度环境、社会及治理(<em>ESG</em>)<em>报告</em>,finalpage/2026-04-30/1225261474.PDF,https://static.cninfo.com.cn/finalpage/2026-04-30/1225261474.PDF,1225261474.PDF,603368_柳药集团_2025_ESG报告.pdf,data/raw_pdfs/603368_柳药集团_2025_ESG报告.pdf,e572ea8b6842cd0c7531df1202161a49da113739a8187a28ede509cd316c8061,15157294,
1225266838,603128,华贸物流,2025,ESG报告,华贸物流：港中旅华贸国际物流股份有限公司2025年环境、社会及治理（ESG）报告,2026-04-30,cninfo,https://www.cninfo.com.cn/new/disclosure/detail?stockCode=603128&announcementId=1225266838&orgId=9900022718&announcementTime=1777478400000,华贸物流：港中旅华贸国际物流股份有限公司2025年环境、社会及治理（<em>ESG</em>）<em>报告</em>,finalpage/2026-04-30/1225266838.PDF,https://static.cninfo.com.cn/finalpage/2026-04-30/1225266838.PDF,1225266838.PDF,603128_华贸物流_2025_ESG报告.pdf,data/raw_pdfs/603128_华贸物流_2025_ESG报告.pdf,3ebe1db2d9069e8c577935e0c98e269cd69003db5be2fab8df9d86cd378d8c97,1675621,
1225258198,688618,三旺通信,2025,ESG报告,三旺通信：深圳市三旺通信股份有限公司2025年环境、社会和公司治理（ESG）报告,2026-04-30,cninfo,https://www.cninfo.com.cn/new/disclosure/detail?stockCode=688618&announcementId=1225258198&orgId=nssc1000604&announcementTime=1777478400000,三旺通信：深圳市三旺通信股份有限公司2025年环境、社会和公司治理（<em>ESG</em>）<em>报告</em>,finalpage/2026-04-30/1225258198.PDF,https://static.cninfo.com.cn/finalpage/2026-04-30/1225258198.PDF,1225258198.PDF,688618_三旺通信_2025_ESG报告.pdf,data/raw_pdfs/688618_三旺通信_2025_ESG报告.pdf,07667693421b8556316f3381885ab20035be5fd9d7b2f97567843fb5228c1169,8308646,
1225266710,688439,振华风光,2025,ESG报告,振华风光：贵州振华风光半导体股份有限公司2025年度环境、社会及公司治理（ESG）报告,2026-04-30,cninfo,https://www.cninfo.com.cn/new/disclosure/detail?stockCode=688439&announcementId=1225266710&orgId=9900053041&announcementTime=1777478400000,振华风光：贵州振华风光半导体股份有限公司2025年度环境、社会及公司治理（<em>ESG</em>）<em>报告</em>,finalpage/2026-04-30/1225266710.PDF,https://static.cninfo.com.cn/finalpage/2026-04-30/1225266710.PDF,1225266710.PDF,688439_振华风光_2025_ESG报告.pdf,data/raw_pdfs/688439_振华风光_2025_ESG报告.pdf,6f9e7fd37ce067f0fbfe6f70fd5fad2402dc358fb690c461bed949463b706232,21600119,
1225255773,605399,晨光新材,2025,ESG报告,晨光新材：江西晨光新材料股份有限公司2025年度环境、社会及治理（ESG）报告,2026-04-30,cninfo,https://www.cninfo.com.cn/new/disclosure/detail?stockCode=605399&announcementId=1225255773&orgId=9900039742&announcementTime=1777478400000,晨光新材：江西晨光新材料股份有限公司2025年度环境、社会及治理（<em>ESG</em>）<em>报告</em>,finalpage/2026-04-30/1225255773.PDF,https://static.cninfo.com.cn/finalpage/2026-04-30/1225255773.PDF,1225255773.PDF,605399_晨光新材_2025_ESG报告.pdf,data/raw_pdfs/605399_晨光新材_2025_ESG报告.pdf,058c2d16ba753fe68f90382e5d00cfbd246e90dd1c8296fc409975e4bc8373f2,5739332,
1225259955,603333,尚纬股份,2025,ESG报告,尚纬股份：尚纬股份有限公司2025年度环境、社会及公司治理（ESG）报告,2026-04-30,cninfo,https://www.cninfo.com.cn/new/disclosure/detail?stockCode=603333&announcementId=1225259955&orgId=9900022575&announcementTime=1777478400000,尚纬股份：尚纬股份有限公司2025年度环境、社会及公司治理（<em>ESG</em>）<em>报告</em>,finalpage/2026-04-30/1225259955.PDF,https://static.cninfo.com.cn/finalpage/2026-04-30/1225259955.PDF,1225259955.PDF,603333_尚纬股份_2025_ESG报告.pdf,data/raw_pdfs/603333_尚纬股份_2025_ESG报告.pdf,56cb0fbf4f5a0c7d09641e4c4c646a357a0d8a5a7d4ae2b9be9d596d82cfb674,13645990,
1225265006,688409,富创精密,2025,ESG报告,富创精密：2025年度环境、社会和公司治理（ESG）报告,2026-04-30,cninfo,https://www.cninfo.com.cn/new/disclosure/detail?stockCode=688409&announcementId=1225265006&orgId=9900048393&announcementTime=1777478400000,富创精密：2025年度环境、社会和公司治理（<em>ESG</em>）<em>报告</em>,finalpage/2026-04-30/1225265006.PDF,https://static.cninfo.com.cn/finalpage/2026-04-30/1225265006.PDF,1225265006.PDF,688409_富创精密_2025_ESG报告.pdf,data/raw_pdfs/688409_富创精密_2025_ESG报告.pdf,e20ab43faf76cec76bb604421ad3b4d53dbbc551ba9c5db296ea1263e0346cb4,30990614,
1225254927,603577,汇金通,2025,ESG报告,汇金通：汇金通2025年度环境、社会和公司治理（ESG）报告,2026-04-30,cninfo,https://www.cninfo.com.cn/new/disclosure/detail?stockCode=603577&announcementId=1225254927&orgId=9900029595&announcementTime=1777478400000,汇金通：汇金通2025年度环境、社会和公司治理（<em>ESG</em>）<em>报告</em>,finalpage/2026-04-30/1225254927.PDF,https://static.cninfo.com.cn/finalpage/2026-04-30/1225254927.PDF,1225254927.PDF,603577_汇金通_2025_ESG报告.pdf,data/raw_pdfs/603577_汇金通_2025_ESG报告.pdf,24872aed04ab1b74110ec5612d7d13b4411d01e6a41b83c504376ce799d3c181,24677281,
1225255070,600855,航天长峰,2025,ESG报告,航天长峰：北京航天长峰股份有限公司2025年度环境、社会和公司治理(ESG)报告,2026-04-30,cninfo,https://www.cninfo.com.cn/new/disclosure/detail?stockCode=600855&announcementId=1225255070&orgId=gssh0600855&announcementTime=1777478400000,航天长峰：北京航天长峰股份有限公司2025年度环境、社会和公司治理(<em>ESG</em>)<em>报告</em>,finalpage/2026-04-30/1225255070.PDF,https://static.cninfo.com.cn/finalpage/2026-04-30/1225255070.PDF,1225255070.PDF,600855_航天长峰_2025_ESG报告.pdf,data/raw_pdfs/600855_航天长峰_2025_ESG报告.pdf,fd231b2635b12131d929241b36a763e117e213fc02486b519276e6fb5c83a4bd,22615300,
1225258437,600331,宏达股份,2025,ESG报告,宏达股份：2025年度环境、社会和公司治理（ESG）报告,2026-04-30,cninfo,https://www.cninfo.com.cn/new/disclosure/detail?stockCode=600331&announcementId=1225258437&orgId=gssh0600331&announcementTime=1777478400000,宏达股份：2025年度环境、社会和公司治理（<em>ESG</em>）<em>报告</em>,finalpage/2026-04-30/1225258437.PDF,https://static.cninfo.com.cn/finalpage/2026-04-30/1225258437.PDF,1225258437.PDF,600331_宏达股份_2025_ESG报告.pdf,data/raw_pdfs/600331_宏达股份_2025_ESG报告.pdf,20f3770b77f2636b939f55dcecaaf228bda94da73554876973d46a19b6724690,30388423,
1225263219,600884,杉杉股份,2025,ESG报告,杉杉股份：杉杉股份2025年度环境、社会与公司治理（ESG）报告,2026-04-30,cninfo,https://www.cninfo.com.cn/new/disclosure/detail?stockCode=600884&announcementId=1225263219&orgId=gssh0600884&announcementTime=1777478400000,杉杉股份：杉杉股份2025年度环境、社会与公司治理（<em>ESG</em>）<em>报告</em>,finalpage/2026-04-30/1225263219.PDF,https://static.cninfo.com.cn/finalpage/2026-04-30/1225263219.PDF,1225263219.PDF,600884_杉杉股份_2025_ESG报告.pdf,data/raw_pdfs/600884_杉杉股份_2025_ESG报告.pdf,c45bea38c498a2268889faf06dbc992243306566960cbf67d981e27196c3245d,25457573,
1225259233,688218,江苏北人,2025,ESG报告,江苏北人：2025年度环境、社会及公司治理（ESG）报告,2026-04-30,cninfo,https://www.cninfo.com.cn/new/disclosure/detail?stockCode=688218&announcementId=1225259233&orgId=gfbj0836084&announcementTime=1777478400000,江苏北人：2025年度环境、社会及公司治理（<em>ESG</em>）<em>报告</em>,finalpage/2026-04-30/1225259233.PDF,https://static.cninfo.com.cn/finalpage/2026-04-30/1225259233.PDF,1225259233.PDF,688218_江苏北人_2025_ESG报告.pdf,data/raw_pdfs/688218_江苏北人_2025_ESG报告.pdf,0451b2ad2653afa29ba0a9938ad9a43f2a71f27de921591804bed5f6b88311ed,15889014,
1225262547,600846,同济科技,2025,ESG报告,同济科技：2025年环境、社会及治理（ESG）报告,2026-04-30,cninfo,https://www.cninfo.com.cn/new/disclosure/detail?stockCode=600846&announcementId=1225262547&orgId=gssh0600846&announcementTime=1777478400000,同济科技：2025年环境、社会及治理（<em>ESG</em>）<em>报告</em>,finalpage/2026-04-30/1225262547.PDF,https://static.cninfo.com.cn/finalpage/2026-04-30/1225262547.PDF,1225262547.PDF,600846_同济科技_2025_ESG报告.pdf,data/raw_pdfs/600846_同济科技_2025_ESG报告.pdf,46368efb3a8a905f9064aae85f892d527a5d40377c240397a4abfe06424182cc,31535788,
1225264379,603717,天域生物,2025,ESG报告,天域生物：2025年度环境、社会及公司治理（ESG）报告,2026-04-30,cninfo,https://www.cninfo.com.cn/new/disclosure/detail?stockCode=603717&announcementId=1225264379&orgId=9900030817&announcementTime=1777478400000,天域生物：2025年度环境、社会及公司治理（<em>ESG</em>）<em>报告</em>,finalpage/2026-04-30/1225264379.PDF,https://static.cninfo.com.cn/finalpage/2026-04-30/1225264379.PDF,1225264379.PDF,603717_天域生物_2025_ESG报告.pdf,data/raw_pdfs/603717_天域生物_2025_ESG报告.pdf,233e650ee652aeb3a7e5f7cb99629c3cf4448de2d4a4c886d613f2baa0d893e9,5467481,
1225268370,603051,鹿山新材,2025,ESG报告,鹿山新材：广州鹿山新材料股份有限公司2025年环境、社会与治理（ESG）报告,2026-04-30,cninfo,https://www.cninfo.com.cn/new/disclosure/detail?stockCode=603051&announcementId=1225268370&orgId=9900022812&announcementTime=1777478400000,鹿山新材：广州鹿山新材料股份有限公司2025年环境、社会与治理（<em>ESG</em>）<em>报告</em>,finalpage/2026-04-30/1225268370.PDF,https://static.cninfo.com.cn/finalpage/2026-04-30/1225268370.PDF,1225268370.PDF,603051_鹿山新材_2025_ESG报告.pdf,data/raw_pdfs/603051_鹿山新材_2025_ESG报告.pdf,9f958540c874a551513fcbdd916c7727bf54e9047be2b48a4aa03bbc71971a06,14942946,
1225268524,600400,红豆股份,2025,ESG报告,红豆股份：红豆股份2025年度环境、社会和公司治理（ESG）报告,2026-04-30,cninfo,https://www.cninfo.com.cn/new/disclosure/detail?stockCode=600400&announcementId=1225268524&orgId=gssh0600400&announcementTime=1777478400000,红豆股份：红豆股份2025年度环境、社会和公司治理（<em>ESG</em>）<em>报告</em>,finalpage/2026-04-30/1225268524.PDF,https://static.cninfo.com.cn/finalpage/2026-04-30/1225268524.PDF,1225268524.PDF,600400_红豆股份_2025_ESG报告.pdf,data/raw_pdfs/600400_红豆股份_2025_ESG报告.pdf,2e89ff65070447a383b01169e8d78ba854faba6696a0a3bc6da2e2ed19426224,7024333,
1225255394,600261,阳光照明,2025,ESG报告,阳光照明：阳光照明2025年环境、社会及公司治理（ESG）报告,2026-04-30,cninfo,https://www.cninfo.com.cn/new/disclosure/detail?stockCode=600261&announcementId=1225255394&orgId=gssh0600261&announcementTime=1777478400000,阳光照明：阳光照明2025年环境、社会及公司治理（<em>ESG</em>）<em>报告</em>,finalpage/2026-04-30/1225255394.PDF,https://static.cninfo.com.cn/finalpage/2026-04-30/1225255394.PDF,1225255394.PDF,600261_阳光照明_2025_ESG报告.pdf,data/raw_pdfs/600261_阳光照明_2025_ESG报告.pdf,248a457428759468ee45f514c8bea848dd6660feb261bf6ab5702f957d017516,17381755,
1225257839,600684,珠江股份,2025,ESG暨社会责任报告,珠江股份：2025年社会责任暨环境、社会及公司治理（ESG）报告,2026-04-30,cninfo,https://www.cninfo.com.cn/new/disclosure/detail?stockCode=600684&announcementId=1225257839&orgId=gssh0600684&announcementTime=1777478400000,珠江股份：2025年社会责任暨环境、社会及公司治理（<em>ESG</em>）<em>报告</em>,finalpage/2026-04-30/1225257839.PDF,https://static.cninfo.com.cn/finalpage/2026-04-30/1225257839.PDF,1225257839.PDF,600684_珠江股份_2025_ESG暨社会责任报告.pdf,data/raw_pdfs/600684_珠江股份_2025_ESG暨社会责任报告.pdf,e8348dbfe5ade1380994e735994ab48c7351ca787a9f96e2e68bf7c5388fd2f6,20086786,
1225257805,600850,电科数字,2025,ESG报告,电科数字：中电科数字技术股份有限公司2025年环境、社会和公司治理（ESG）报告,2026-04-30,cninfo,https://www.cninfo.com.cn/new/disclosure/detail?stockCode=600850&announcementId=1225257805&orgId=gssh0600850&announcementTime=1777478400000,电科数字：中电科数字技术股份有限公司2025年环境、社会和公司治理（<em>ESG</em>）<em>报告</em>,finalpage/2026-04-30/1225257805.PDF,https://static.cninfo.com.cn/finalpage/2026-04-30/1225257805.PDF,1225257805.PDF,600850_电科数字_2025_ESG报告.pdf,data/raw_pdfs/600850_电科数字_2025_ESG报告.pdf,20d7711455e5804ac1a57a2f2d813dbbbdf73a7df6205c660d0e6baf1e3e73e1,8807624,
1225259615,600805,悦达投资,2025,ESG报告,悦达投资：悦达投资2025年度环境、社会及治理（ESG）报告,2026-04-30,cninfo,https://www.cninfo.com.cn/new/disclosure/detail?stockCode=600805&announcementId=1225259615&orgId=gssh0600805&announcementTime=1777478400000,悦达投资：悦达投资2025年度环境、社会及治理（<em>ESG</em>）<em>报告</em>,finalpage/2026-04-30/1225259615.PDF,https://static.cninfo.com.cn/finalpage/2026-04-30/1225259615.PDF,1225259615.PDF,600805_悦达投资_2025_ESG报告.pdf,data/raw_pdfs/600805_悦达投资_2025_ESG报告.pdf,0263cb32e6c6c175b64639b04c807ad2f23b323174ee3f63e6dac73b95bee053,3654741,
1225259616,600996,贵广网络,2025,ESG报告,贵广网络：2025年度环境、社会及公司治理（ESG）报告,2026-04-30,cninfo,https://www.cninfo.com.cn/new/disclosure/detail?stockCode=600996&announcementId=1225259616&orgId=9900030438&announcementTime=1777478400000,贵广网络：2025年度环境、社会及公司治理（<em>ESG</em>）<em>报告</em>,finalpage/2026-04-30/1225259616.PDF,https://static.cninfo.com.cn/finalpage/2026-04-30/1225259616.PDF,1225259616.PDF,600996_贵广网络_2025_ESG报告.pdf,data/raw_pdfs/600996_贵广网络_2025_ESG报告.pdf,fb7023e9bf66290c7e6be05d4870192ee3ac2bb76e4f06412e9c4004c6cab05b,8051001,
1225259336,600779,水井坊,2025,ESG报告,水井坊：水井坊2025年度环境、社会、公司治理（ESG）报告,2026-04-30,cninfo,https://www.cninfo.com.cn/new/disclosure/detail?stockCode=600779&announcementId=1225259336&orgId=gssh0600779&announcementTime=1777478400000,水井坊：水井坊2025年度环境、社会、公司治理（<em>ESG</em>）<em>报告</em>,finalpage/2026-04-30/1225259336.PDF,https://static.cninfo.com.cn/finalpage/2026-04-30/1225259336.PDF,1225259336.PDF,600779_水井坊_2025_ESG报告.pdf,data/raw_pdfs/600779_水井坊_2025_ESG报告.pdf,2a43f692d53277ae738e85519465918339a6b4c7e534c0ea5a4ff27debac7270,20895388,
1225257052,002533,金杯电工,2025,ESG报告,金杯电工：2025年度环境、社会和公司治理（ESG）报告,2026-04-30,cninfo,https://www.cninfo.com.cn/new/disclosure/detail?stockCode=002533&announcementId=1225257052&orgId=9900016750&announcementTime=1777478400000,金杯电工：2025年度环境、社会和公司治理（<em>ESG</em>）<em>报告</em>,finalpage/2026-04-30/1225257052.PDF,https://static.cninfo.com.cn/finalpage/2026-04-30/1225257052.PDF,1225257052.PDF,002533_金杯电工_2025_ESG报告.pdf,data/raw_pdfs/002533_金杯电工_2025_ESG报告.pdf,5e9fa862745fef56d970b696f464396aa26b52443ddd7d07c427eb1b2265b826,30177510,
1225261695,601106,中国一重,2025,ESG报告,中国一重：中国第一重型机械股份公司2025年度环境、社会和治理（ESG）报告,2026-04-30,cninfo,https://www.cninfo.com.cn/new/disclosure/detail?stockCode=601106&announcementId=1225261695&orgId=9900010530&announcementTime=1777478400000,中国一重：中国第一重型机械股份公司2025年度环境、社会和治理（<em>ESG</em>）<em>报告</em>,finalpage/2026-04-30/1225261695.PDF,https://static.cninfo.com.cn/finalpage/2026-04-30/1225261695.PDF,1225261695.PDF,601106_中国一重_2025_ESG报告.pdf,data/raw_pdfs/601106_中国一重_2025_ESG报告.pdf,efeee30b75ea25bcdffc6cab9ef4ce0ca8d0681d4df6aea18c2a5dea2f6f70b7,21073235,
1225263649,688051,佳华科技,2025,ESG报告,佳华科技：2025年年度环境、社会和治理（ESG）报告,2026-04-30,cninfo,https://www.cninfo.com.cn/new/disclosure/detail?stockCode=688051&announcementId=1225263649&orgId=9900039347&announcementTime=1777478400000,佳华科技：2025年年度环境、社会和治理（<em>ESG</em>）<em>报告</em>,finalpage/2026-04-30/1225263649.PDF,https://static.cninfo.com.cn/finalpage/2026-04-30/1225263649.PDF,1225263649.PDF,688051_佳华科技_2025_ESG报告.pdf,data/raw_pdfs/688051_佳华科技_2025_ESG报告.pdf,56f292e87dcbd5ba743d9e5b69243772f3626adfcc316d1aea759c7cc5f30547,10347532,
1225261527,603808,歌力思,2025,ESG报告,歌力思：2025年度环境、社会和公司治理（ESG）报告,2026-04-30,cninfo,https://www.cninfo.com.cn/new/disclosure/detail?stockCode=603808&announcementId=1225261527&orgId=9900023747&announcementTime=1777478400000,歌力思：2025年度环境、社会和公司治理（<em>ESG</em>）<em>报告</em>,finalpage/2026-04-30/1225261527.PDF,https://static.cninfo.com.cn/finalpage/2026-04-30/1225261527.PDF,1225261527.PDF,603808_歌力思_2025_ESG报告.pdf,data/raw_pdfs/603808_歌力思_2025_ESG报告.pdf,2da6281d64c1a9f1691506a4322832ae141e7298c28bb3600b5422c9e8c1234a,8842466,
1225265268,603628,清源股份,2025,ESG报告,清源股份：2025年度环境、社会及治理（ESG）报告,2026-04-30,cninfo,https://www.cninfo.com.cn/new/disclosure/detail?stockCode=603628&announcementId=1225265268&orgId=9900023615&announcementTime=1777478400000,清源股份：2025年度环境、社会及治理（<em>ESG</em>）<em>报告</em>,finalpage/2026-04-30/1225265268.PDF,https://static.cninfo.com.cn/finalpage/2026-04-30/1225265268.PDF,1225265268.PDF,603628_清源股份_2025_ESG报告.pdf,data/raw_pdfs/603628_清源股份_2025_ESG报告.pdf,df1548f8bc7c5045c8d5fedaf7a72c7b202cf9c116cc3f46854ea7ae7a388e16,23889317,
1225265449,600117,西宁特钢,2025,ESG报告,西宁特钢：西宁特殊钢股份有限公司2025年度环境、社会和公司治理（ESG）报告,2026-04-30,cninfo,https://www.cninfo.com.cn/new/disclosure/detail?stockCode=600117&announcementId=1225265449&orgId=gssh0600117&announcementTime=1777478400000,西宁特钢：西宁特殊钢股份有限公司2025年度环境、社会和公司治理（<em>ESG</em>）<em>报告</em>,finalpage/2026-04-30/1225265449.PDF,https://static.cninfo.com.cn/finalpage/2026-04-30/1225265449.PDF,1225265449.PDF,600117_西宁特钢_2025_ESG报告.pdf,data/raw_pdfs/600117_西宁特钢_2025_ESG报告.pdf,31ebb54b179b4e8a6571d07931dc53d691e03f60c692d451a6fb0c07e9146cca,8382803,
1225272179,920001,纬达光电,2025,ESG报告,[临时公告]纬达光电:2025年度环境、社会和公司治理（ESG）报告,2026-04-30,cninfo,https://www.cninfo.com.cn/new/disclosure/detail?stockCode=920001&announcementId=1225272179&orgId=9900037542&announcementTime=1777478400000,[临时公告]纬达光电:2025年度环境、社会和公司治理（<em>ESG</em>）<em>报告</em>,finalpage/2026-04-30/1225272179.PDF,https://static.cninfo.com.cn/finalpage/2026-04-30/1225272179.PDF,1225272179.PDF,920001_纬达光电_2025_ESG报告.pdf,data/raw_pdfs/920001_纬达光电_2025_ESG报告.pdf,f2472db5c8cb79f17a5c13b84fb333002b9093c447428313c3063d54d0c5819b,18043135,
1225269823,00568,山东墨龙,2025,ESG报告,山东墨龙：2025年度环境、社会和公司治理（ESG）报告,2026-04-29,cninfo,https://www.cninfo.com.cn/new/disclosure/detail?stockCode=00568&announcementId=1225269823&orgId=gshk0000568&announcementTime=1777478399000,山东墨龙：2025年度环境、社会和公司治理（<em>ESG</em>）<em>报告</em>,finalpage/2026-04-29/1225269823.PDF,https://static.cninfo.com.cn/finalpage/2026-04-29/1225269823.PDF,1225269823.PDF,00568_山东墨龙_2025_ESG报告.pdf,data/raw_pdfs/00568_山东墨龙_2025_ESG报告.pdf,94d4aee41a880d3cbc2c683911206a214330cd09af8a1868c0caf6304c7d0fe5,7181955,
1225268626,00666,瑞浦兰钧,2025,ESG报告,瑞浦兰钧：2025环境、社会及管治（ESG）报告,2026-04-29,cninfo,https://www.cninfo.com.cn/new/disclosure/detail?stockCode=00666&announcementId=1225268626&orgId=9900060213&announcementTime=1777474709000,瑞浦兰钧：2025环境、社会及管治（<em>ESG</em>）<em>报告</em>,finalpage/2026-04-29/1225268626.PDF,https://static.cninfo.com.cn/finalpage/2026-04-29/1225268626.PDF,1225268626.PDF,00666_瑞浦兰钧_2025_ESG报告.pdf,data/raw_pdfs/00666_瑞浦兰钧_2025_ESG报告.pdf,d545874eca828a460bc964030a7a66fbfd818c7fcae83b06ab96e59146f8faec,19644166,
1225265956,09668,渤海银行,2025,ESG暨社会责任报告,渤海银行：2025 ESG（社会责任）报告,2026-04-29,cninfo,https://www.cninfo.com.cn/new/disclosure/detail?stockCode=09668&announcementId=1225265956&orgId=9900008688&announcementTime=1777468709000,渤海银行：2025 <em>ESG</em>（社会责任）<em>报告</em>,finalpage/2026-04-29/1225265956.PDF,https://static.cninfo.com.cn/finalpage/2026-04-29/1225265956.PDF,1225265956.PDF,09668_渤海银行_2025_ESG暨社会责任报告.pdf,data/raw_pdfs/09668_渤海银行_2025_ESG暨社会责任报告.pdf,9ebc8ee3557c4ffc2a2c573a544b985e1d9ad7e25cc9a3eaf4647c6ce93362d3,5267090,
1225262585,06198,青岛港,2025,ESG报告,青岛港：2025环境、社会及管治（ESG）报告,2026-04-29,cninfo,https://www.cninfo.com.cn/new/disclosure/detail?stockCode=06198&announcementId=1225262585&orgId=GD025907&announcementTime=1777462351000,青岛港：2025环境、社会及管治（<em>ESG</em>）<em>报告</em>,finalpage/2026-04-29/1225262585.PDF,https://static.cninfo.com.cn/finalpage/2026-04-29/1225262585.PDF,1225262585.PDF,06198_青岛港_2025_ESG报告.pdf,data/raw_pdfs/06198_青岛港_2025_ESG报告.pdf,6f68b668a0bc5d20eb07fbf4af90345e1d8b4efe0b28ce60c69c6420c37858f5,8627129,
1225260946,06656,思格新能,2025,ESG报告,思格新能：2025环境、社会及管治(ESG)报告,2026-04-29,cninfo,https://www.cninfo.com.cn/new/disclosure/detail?stockCode=06656&announcementId=1225260946&orgId=9920000097&announcementTime=1777460549000,思格新能：2025环境、社会及管治(<em>ESG</em>)<em>报告</em>,finalpage/2026-04-29/1225260946.PDF,https://static.cninfo.com.cn/finalpage/2026-04-29/1225260946.PDF,1225260946.PDF,06656_思格新能_2025_ESG报告.pdf,data/raw_pdfs/06656_思格新能_2025_ESG报告.pdf,5dcfa924b4967e30b85ef1d05b38bbf8eb5b79c8655a2464f4d76d5caf9ddf8b,20309677,
1225258305,01359,中国信达,2025,ESG暨社会责任报告,中国信达：2025社会责任（ESG）报告,2026-04-29,cninfo,https://www.cninfo.com.cn/new/disclosure/detail?stockCode=01359&announcementId=1225258305&orgId=qsgn0000511&announcementTime=1777457076000,中国信达：2025社会责任（<em>ESG</em>）<em>报告</em>,finalpage/2026-04-29/1225258305.PDF,https://static.cninfo.com.cn/finalpage/2026-04-29/1225258305.PDF,1225258305.PDF,01359_中国信达_2025_ESG暨社会责任报告.pdf,data/raw_pdfs/01359_中国信达_2025_ESG暨社会责任报告.pdf,bf3654deb7c2c7dc2007a54cb18c15e092ff2a67136fdfcd54548ac185f44704,13008965,
1225231607,600025,华能水电,2025,ESG报告,华能水电：2025年度环境、社会和管治(ESG)报告,2026-04-29,cninfo,https://www.cninfo.com.cn/new/disclosure/detail?stockCode=600025&announcementId=1225231607&orgId=9900030360&announcementTime=1777392000000,华能水电：2025年度环境、社会和管治(<em>ESG</em>)<em>报告</em>,finalpage/2026-04-29/1225231607.PDF,https://static.cninfo.com.cn/finalpage/2026-04-29/1225231607.PDF,1225231607.PDF,600025_华能水电_2025_ESG报告.pdf,data/raw_pdfs/600025_华能水电_2025_ESG报告.pdf,36334e51efe4d569c7f1c8e0e0a80bbb943936bf09276d130da6cdce040e62c4,9535597,
1225232501,688503,聚和材料,2025,ESG报告,聚和材料：2025年度环境、社会及治理（ESG）报告,2026-04-29,cninfo,https://www.cninfo.com.cn/new/disclosure/detail?stockCode=688503&announcementId=1225232501&orgId=9900046635&announcementTime=1777392000000,聚和材料：2025年度环境、社会及治理（<em>ESG</em>）<em>报告</em>,finalpage/2026-04-29/1225232501.PDF,https://static.cninfo.com.cn/finalpage/2026-04-29/1225232501.PDF,1225232501.PDF,688503_聚和材料_2025_ESG报告.pdf,data/raw_pdfs/688503_聚和材料_2025_ESG报告.pdf,35ac66b01c262e3aa19bade981092682582c96c65ad45499188c188d429c628f,8177746,
1225235704,601577,长沙银行,2025,可持续发展报告,长沙银行：长沙银行股份有限公司2025年度可持续发展(ESG)报告,2026-04-29,cninfo,https://www.cninfo.com.cn/new/disclosure/detail?stockCode=601577&announcementId=1225235704&orgId=9900021960&announcementTime=1777392000000,长沙银行：长沙银行股份有限公司2025年度可持续发展(<em>ESG</em>)<em>报告</em>,finalpage/2026-04-29/1225235704.PDF,https://static.cninfo.com.cn/finalpage/2026-04-29/1225235704.PDF,1225235704.PDF,601577_长沙银行_2025_可持续发展报告.pdf,data/raw_pdfs/601577_长沙银行_2025_可持续发展报告.pdf,e1fe16e4812b6d7511e1e3074a5a5b85dc5fa4f5ae8963343851f56442626bcd,32013032,
1225232012,000016,深康佳Ａ,2025,ESG报告,深康佳Ａ：2025年度环境、社会和公司治理(ESG)报告,2026-04-29,cninfo,https://www.cninfo.com.cn/new/disclosure/detail?stockCode=000016&announcementId=1225232012&orgId=gssz0000016&announcementTime=1777392000000,深康佳Ａ：2025年度环境、社会和公司治理(<em>ESG</em>)<em>报告</em>,finalpage/2026-04-29/1225232012.PDF,https://static.cninfo.com.cn/finalpage/2026-04-29/1225232012.PDF,1225232012.PDF,000016_深康佳Ａ_2025_ESG报告.pdf,data/raw_pdfs/000016_深康佳Ａ_2025_ESG报告.pdf,d7915e78af82038cda08053deefc7f26e0200daeabc825908cfb8b2295433952,18571555,
1225243074,688598,金博股份,2025,ESG报告,金博股份：2025年度环境、社会和公司治理（ESG）报告,2026-04-29,cninfo,https://www.cninfo.com.cn/new/disclosure/detail?stockCode=688598&announcementId=1225243074&orgId=9900041577&announcementTime=1777392000000,金博股份：2025年度环境、社会和公司治理（<em>ESG</em>）<em>报告</em>,finalpage/2026-04-29/1225243074.PDF,https://static.cninfo.com.cn/finalpage/2026-04-29/1225243074.PDF,1225243074.PDF,688598_金博股份_2025_ESG报告.pdf,data/raw_pdfs/688598_金博股份_2025_ESG报告.pdf,3c294f88b1d8a41322acb449744bb0554deca807c8a384449d3c8e95bfc79e83,33165856,
1225245300,600525,ST长园,2025,ESG报告,ST长园：2025年度ESG报告,2026-04-29,cninfo,https://www.cninfo.com.cn/new/disclosure/detail?stockCode=600525&announcementId=1225245300&orgId=gssh0600525&announcementTime=1777392000000,ST长园：2025年度<em>ESG</em><em>报告</em>,finalpage/2026-04-29/1225245300.PDF,https://static.cninfo.com.cn/finalpage/2026-04-29/1225245300.PDF,1225245300.PDF,600525_ST长园_2025_ESG报告.pdf,data/raw_pdfs/600525_ST长园_2025_ESG报告.pdf,54df85490a21aa1a673d1441998bff0ec7f18f076e6596f19260e9931e071fbc,15402244,
1225246068,601118,海南橡胶,2025,ESG报告,海南橡胶：2025年度环境、社会及公司治理（ESG）报告,2026-04-29,cninfo,https://www.cninfo.com.cn/new/disclosure/detail?stockCode=601118&announcementId=1225246068&orgId=9900005902&announcementTime=1777392000000,海南橡胶：2025年度环境、社会及公司治理（<em>ESG</em>）<em>报告</em>,finalpage/2026-04-29/1225246068.PDF,https://static.cninfo.com.cn/finalpage/2026-04-29/1225246068.PDF,1225246068.PDF,601118_海南橡胶_2025_ESG报告.pdf,data/raw_pdfs/601118_海南橡胶_2025_ESG报告.pdf,74ad55a17cf8788bfac6adc8b732a051c9d464cba4029d1d6b6e3cb94ef77111,18879229,
1225249966,688226,威腾电气,2025,ESG报告,威腾电气：威腾电气集团股份有限公司2025年环境、社会及公司治理（ESG）报告,2026-04-29,cninfo,https://www.cninfo.com.cn/new/disclosure/detail?stockCode=688226&announcementId=1225249966&orgId=gfbj0836970&announcementTime=1777392000000,威腾电气：威腾电气集团股份有限公司2025年环境、社会及公司治理（<em>ESG</em>）<em>报告</em>,finalpage/2026-04-29/1225249966.PDF,https://static.cninfo.com.cn/finalpage/2026-04-29/1225249966.PDF,1225249966.PDF,688226_威腾电气_2025_ESG报告.pdf,data/raw_pdfs/688226_威腾电气_2025_ESG报告.pdf,be436c72a714217951db123e3235bb265b5b050f0a4ca273a19ef40f9d922cb2,19709848,
1225248154,301019,宁波色母,2025,可持续发展报告,宁波色母：2025年度可持续发展（ESG）报告,2026-04-29,cninfo,https://www.cninfo.com.cn/new/disclosure/detail?stockCode=301019&announcementId=1225248154&orgId=nssc1000339&announcementTime=1777392000000,宁波色母：2025年度可持续发展（<em>ESG</em>）<em>报告</em>,finalpage/2026-04-29/1225248154.PDF,https://static.cninfo.com.cn/finalpage/2026-04-29/1225248154.PDF,1225248154.PDF,301019_宁波色母_2025_可持续发展报告.pdf,data/raw_pdfs/301019_宁波色母_2025_可持续发展报告.pdf,d50eb584be9296b8bf4f41fa5ca66bce064bedd7c245abcb8efd2158456aac21,626162,
1225248436,300261,雅本化学,2025,ESG报告,雅本化学：2025年环境、社会及公司治理（ESG）报告,2026-04-29,cninfo,https://www.cninfo.com.cn/new/disclosure/detail?stockCode=300261&announcementId=1225248436&orgId=9900021099&announcementTime=1777392000000,雅本化学：2025年环境、社会及公司治理（<em>ESG</em>）<em>报告</em>,finalpage/2026-04-29/1225248436.PDF,https://static.cninfo.com.cn/finalpage/2026-04-29/1225248436.PDF,1225248436.PDF,300261_雅本化学_2025_ESG报告.pdf,data/raw_pdfs/300261_雅本化学_2025_ESG报告.pdf,d73b59869056c83a7ce6018cc20353f323f9de6922bf9776bc8e29018ec84444,12688263,
1225248069,300982,苏文电能,2025,ESG报告,苏文电能：2025年度环境、社会和公司治理(ESG)报告,2026-04-29,cninfo,https://www.cninfo.com.cn/new/disclosure/detail?stockCode=300982&announcementId=1225248069&orgId=9900039847&announcementTime=1777392000000,苏文电能：2025年度环境、社会和公司治理(<em>ESG</em>)<em>报告</em>,finalpage/2026-04-29/1225248069.PDF,https://static.cninfo.com.cn/finalpage/2026-04-29/1225248069.PDF,1225248069.PDF,300982_苏文电能_2025_ESG报告.pdf,data/raw_pdfs/300982_苏文电能_2025_ESG报告.pdf,b82ab9def1675ee5501d2303780c5f76a84af5c6a5240676aa366787d2be84cf,13554579,
1225245951,000403,派林生物,2025,ESG报告,派林生物：派林生物2025年环境、社会及治理（ESG）报告,2026-04-29,cninfo,https://www.cninfo.com.cn/new/disclosure/detail?stockCode=000403&announcementId=1225245951&orgId=gssz0000403&announcementTime=1777392000000,派林生物：派林生物2025年环境、社会及治理（<em>ESG</em>）<em>报告</em>,finalpage/2026-04-29/1225245951.PDF,https://static.cninfo.com.cn/finalpage/2026-04-29/1225245951.PDF,1225245951.PDF,000403_派林生物_2025_ESG报告.pdf,data/raw_pdfs/000403_派林生物_2025_ESG报告.pdf,069c8cefafe48b95195094eb7c432fd85decad4531712d771a831e0aa317bf8a,5151642,
1225225410,002573,清新环境,2025,ESG报告,清新环境：清新环境2025年度环境、社会和公司治理（ESG）报告,2026-04-29,cninfo,https://www.cninfo.com.cn/new/disclosure/detail?stockCode=002573&announcementId=1225225410&orgId=9900019152&announcementTime=1777392000000,清新环境：清新环境2025年度环境、社会和公司治理（<em>ESG</em>）<em>报告</em>,finalpage/2026-04-29/1225225410.PDF,https://static.cninfo.com.cn/finalpage/2026-04-29/1225225410.PDF,1225225410.PDF,002573_清新环境_2025_ESG报告.pdf,data/raw_pdfs/002573_清新环境_2025_ESG报告.pdf,881d09969fe0c6a43a1a09c3a8e41647711f0621948b4035aef96f5564e27328,30937255,
1225224550,002444,巨星科技,2025,ESG报告,巨星科技：巨星科技2025年度ESG报告（中文版）,2026-04-29,cninfo,https://www.cninfo.com.cn/new/disclosure/detail?stockCode=002444&announcementId=1225224550&orgId=9900013367&announcementTime=1777392000000,巨星科技：巨星科技2025年度<em>ESG</em><em>报告</em>（中文版）,finalpage/2026-04-29/1225224550.PDF,https://static.cninfo.com.cn/finalpage/2026-04-29/1225224550.PDF,1225224550.PDF,002444_巨星科技_2025_ESG报告.pdf,data/raw_pdfs/002444_巨星科技_2025_ESG报告.pdf,698160da787b1bf879bf9769b9d329b67d3a440b28fa2703097db9f4b9c5a317,17322984,
1225225336,603683,晶华新材,2025,ESG报告,晶华新材：晶华新材2025年度环境、社会和公司治理（ESG）报告,2026-04-29,cninfo,https://www.cninfo.com.cn/new/disclosure/detail?stockCode=603683&announcementId=1225225336&orgId=9900031815&announcementTime=1777392000000,晶华新材：晶华新材2025年度环境、社会和公司治理（<em>ESG</em>）<em>报告</em>,finalpage/2026-04-29/1225225336.PDF,https://static.cninfo.com.cn/finalpage/2026-04-29/1225225336.PDF,1225225336.PDF,603683_晶华新材_2025_ESG报告.pdf,data/raw_pdfs/603683_晶华新材_2025_ESG报告.pdf,ef3cadf95804abdd8787b41fe97a5f077e5a53196d3b5cb8ba02da6bc43e89cc,22589674,
1225225494,300100,双林股份,2025,ESG报告,双林股份：2025年度环境、社会和公司治理（ESG）报告,2026-04-29,cninfo,https://www.cninfo.com.cn/new/disclosure/detail?stockCode=300100&announcementId=1225225494&orgId=9900012868&announcementTime=1777392000000,双林股份：2025年度环境、社会和公司治理（<em>ESG</em>）<em>报告</em>,finalpage/2026-04-29/1225225494.PDF,https://static.cninfo.com.cn/finalpage/2026-04-29/1225225494.PDF,1225225494.PDF,300100_双林股份_2025_ESG报告.pdf,data/raw_pdfs/300100_双林股份_2025_ESG报告.pdf,c9df00727d4658133f52ee86d761b7ea038b4c916efe41005f119b7647e97ab9,10664214,
1225230657,600475,华光环能,2025,ESG报告,华光环能：无锡华光环保能源集团股份有限公司2025年度环境、社会和公司治理（ESG）报告,2026-04-29,cninfo,https://www.cninfo.com.cn/new/disclosure/detail?stockCode=600475&announcementId=1225230657&orgId=gssh0600475&announcementTime=1777392000000,华光环能：无锡华光环保能源集团股份有限公司2025年度环境、社会和公司治理（<em>ESG</em>）<em>报告</em>,finalpage/2026-04-29/1225230657.PDF,https://static.cninfo.com.cn/finalpage/2026-04-29/1225230657.PDF,1225230657.PDF,600475_华光环能_2025_ESG报告.pdf,data/raw_pdfs/600475_华光环能_2025_ESG报告.pdf,7dcecb885d68881bd6f7cb45345d9e2b7707c5b8c318a38d3d9c26b832145c6c,18349072,
1225231183,603868,飞科电器,2025,ESG报告,飞科电器：飞科电器2025年度环境、社会和治理（ESG）报告,2026-04-29,cninfo,https://www.cninfo.com.cn/new/disclosure/detail?stockCode=603868&announcementId=1225231183&orgId=9900026668&announcementTime=1777392000000,飞科电器：飞科电器2025年度环境、社会和治理（<em>ESG</em>）<em>报告</em>,finalpage/2026-04-29/1225231183.PDF,https://static.cninfo.com.cn/finalpage/2026-04-29/1225231183.PDF,1225231183.PDF,603868_飞科电器_2025_ESG报告.pdf,data/raw_pdfs/603868_飞科电器_2025_ESG报告.pdf,1e4070bda559be7285ee6152e9400e9daa5602c556de59ad8b144b4f0c363f77,8402038,
1225239448,600516,方大炭素,2025,ESG报告,方大炭素：方大炭素2025年度环境、社会及治理（ESG）报告,2026-04-29,cninfo,https://www.cninfo.com.cn/new/disclosure/detail?stockCode=600516&announcementId=1225239448&orgId=gssh0600516&announcementTime=1777392000000,方大炭素：方大炭素2025年度环境、社会及治理（<em>ESG</em>）<em>报告</em>,finalpage/2026-04-29/1225239448.PDF,https://static.cninfo.com.cn/finalpage/2026-04-29/1225239448.PDF,1225239448.PDF,600516_方大炭素_2025_ESG报告.pdf,data/raw_pdfs/600516_方大炭素_2025_ESG报告.pdf,67eaa5056bd4468f72527d05b06b32eb9330881ac5df7400e8ca14f12d1e132a,17083678,
1225244128,002568,百润股份,2025,ESG报告,百润股份：上海百润投资控股集团股份有限公司2025年度环境、社会及治理（ESG）报告,2026-04-29,cninfo,https://www.cninfo.com.cn/new/disclosure/detail?stockCode=002568&announcementId=1225244128&orgId=9900018893&announcementTime=1777392000000,百润股份：上海百润投资控股集团股份有限公司2025年度环境、社会及治理（<em>ESG</em>）<em>报告</em>,finalpage/2026-04-29/1225244128.PDF,https://static.cninfo.com.cn/finalpage/2026-04-29/1225244128.PDF,1225244128.PDF,002568_百润股份_2025_ESG报告.pdf,data/raw_pdfs/002568_百润股份_2025_ESG报告.pdf,4ccd27dede4ae55956137ddc06c06bfba4fe3fac7c6affda08b4fde7b07414f5,32134136,
1225249523,300149,睿智医药,2025,ESG报告,睿智医药：2025年度环境、社会和公司治理(ESG)报告,2026-04-29,cninfo,https://www.cninfo.com.cn/new/disclosure/detail?stockCode=300149&announcementId=1225249523&orgId=9900015868&announcementTime=1777392000000,睿智医药：2025年度环境、社会和公司治理(<em>ESG</em>)<em>报告</em>,finalpage/2026-04-29/1225249523.PDF,https://static.cninfo.com.cn/finalpage/2026-04-29/1225249523.PDF,1225249523.PDF,300149_睿智医药_2025_ESG报告.pdf,data/raw_pdfs/300149_睿智医药_2025_ESG报告.pdf,a73d6180ee1eb0a325e4769f636aab80832e6316384bb05b7dcce6b694f4e74d,8094380,
1225251867,300068,ST南都,2025,ESG报告,南都电源：2025年度环境、社会与公司治理（ESG）报告,2026-04-29,cninfo,https://www.cninfo.com.cn/new/disclosure/detail?stockCode=300068&announcementId=1225251867&orgId=9900010793&announcementTime=1777392000000,南都电源：2025年度环境、社会与公司治理（<em>ESG</em>）<em>报告</em>,finalpage/2026-04-29/1225251867.PDF,https://static.cninfo.com.cn/finalpage/2026-04-29/1225251867.PDF,1225251867.PDF,300068_ST南都_2025_ESG报告.pdf,data/raw_pdfs/300068_ST南都_2025_ESG报告.pdf,b8dd04ca4767318d724c4070a685a361bb09050e976f34a74accebdbce373c7a,21687600,
1225224023,301043,绿岛风,2025,ESG报告,绿岛风：2025年度环境、社会及治理（ESG）报告,2026-04-29,cninfo,https://www.cninfo.com.cn/new/disclosure/detail?stockCode=301043&announcementId=1225224023&orgId=9900041433&announcementTime=1777392000000,绿岛风：2025年度环境、社会及治理（<em>ESG</em>）<em>报告</em>,finalpage/2026-04-29/1225224023.PDF,https://static.cninfo.com.cn/finalpage/2026-04-29/1225224023.PDF,1225224023.PDF,301043_绿岛风_2025_ESG报告.pdf,data/raw_pdfs/301043_绿岛风_2025_ESG报告.pdf,378c09ed26071baec1faec007578a927b936b22e220976116994aefb53e5b4cc,6476794,
1225247210,301588,美新科技,2025,ESG报告,美新科技：美新科技股份有限公司2025年ESG报告,2026-04-29,cninfo,https://www.cninfo.com.cn/new/disclosure/detail?stockCode=301588&announcementId=1225247210&orgId=9900052298&announcementTime=1777392000000,美新科技：美新科技股份有限公司2025年<em>ESG</em><em>报告</em>,finalpage/2026-04-29/1225247210.PDF,https://static.cninfo.com.cn/finalpage/2026-04-29/1225247210.PDF,1225247210.PDF,301588_美新科技_2025_ESG报告.pdf,data/raw_pdfs/301588_美新科技_2025_ESG报告.pdf,20ef42dd5ac0520c3a7b8d0c7d164d58463dbe2722c651fa46b31b5c337d4f0d,17706233,
1225233146,002649,博彦科技,2025,ESG报告,博彦科技：2025环境、社会和治理（ESG）报告,2026-04-29,cninfo,https://www.cninfo.com.cn/new/disclosure/detail?stockCode=002649&announcementId=1225233146&orgId=9900021913&announcementTime=1777392000000,博彦科技：2025环境、社会和治理（<em>ESG</em>）<em>报告</em>,finalpage/2026-04-29/1225233146.PDF,https://static.cninfo.com.cn/finalpage/2026-04-29/1225233146.PDF,1225233146.PDF,002649_博彦科技_2025_ESG报告.pdf,data/raw_pdfs/002649_博彦科技_2025_ESG报告.pdf,a8e7e2a76c728bb2b7f08487d41efa2aade2b2b659c76952b49dd69d24e1bef3,16360077,
1225238099,002851,麦格米特,2025,ESG暨社会责任报告,麦格米特：公司2025年度社会责任暨环境、社会及公司治理（ESG）报告,2026-04-29,cninfo,https://www.cninfo.com.cn/new/disclosure/detail?stockCode=002851&announcementId=1225238099&orgId=9900023251&announcementTime=1777392000000,麦格米特：公司2025年度社会责任暨环境、社会及公司治理（<em>ESG</em>）<em>报告</em>,finalpage/2026-04-29/1225238099.PDF,https://static.cninfo.com.cn/finalpage/2026-04-29/1225238099.PDF,1225238099.PDF,002851_麦格米特_2025_ESG暨社会责任报告.pdf,data/raw_pdfs/002851_麦格米特_2025_ESG暨社会责任报告.pdf,9c71365a4d503770a13f69941337415b1b75eea744718d0813ded37e165a6fa6,25410264,
1225239863,301522,上大股份,2025,ESG报告,上大股份：2025年环境、社会和公司治理（ESG）报告,2026-04-29,cninfo,https://www.cninfo.com.cn/new/disclosure/detail?stockCode=301522&announcementId=1225239863&orgId=9900056251&announcementTime=1777392000000,上大股份：2025年环境、社会和公司治理（<em>ESG</em>）<em>报告</em>,finalpage/2026-04-29/1225239863.PDF,https://static.cninfo.com.cn/finalpage/2026-04-29/1225239863.PDF,1225239863.PDF,301522_上大股份_2025_ESG报告.pdf,data/raw_pdfs/301522_上大股份_2025_ESG报告.pdf,3efe05c117dd99a48edc99b99121fba719a4b3d68094586ef0cddd218627cd1a,30184862,
1225241284,603373,安邦护卫,2025,ESG暨社会责任报告,安邦护卫：安邦护卫2025年度社会责任（ESG）报告,2026-04-29,cninfo,https://www.cninfo.com.cn/new/disclosure/detail?stockCode=603373&announcementId=1225241284&orgId=9900052523&announcementTime=1777392000000,安邦护卫：安邦护卫2025年度社会责任（<em>ESG</em>）<em>报告</em>,finalpage/2026-04-29/1225241284.PDF,https://static.cninfo.com.cn/finalpage/2026-04-29/1225241284.PDF,1225241284.PDF,603373_安邦护卫_2025_ESG暨社会责任报告.pdf,data/raw_pdfs/603373_安邦护卫_2025_ESG暨社会责任报告.pdf,a48d4256117b866fa292b8418a8a003ea66c2d9caae18fcae0ac5a18edc6c204,6502076,
1225246015,600199,金种子酒,2025,ESG报告,金种子酒：2025年环境、社会和公司治理（ESG）报告,2026-04-29,cninfo,https://www.cninfo.com.cn/new/disclosure/detail?stockCode=600199&announcementId=1225246015&orgId=gssh0600199&announcementTime=1777392000000,金种子酒：2025年环境、社会和公司治理（<em>ESG</em>）<em>报告</em>,finalpage/2026-04-29/1225246015.PDF,https://static.cninfo.com.cn/finalpage/2026-04-29/1225246015.PDF,1225246015.PDF,600199_金种子酒_2025_ESG报告.pdf,data/raw_pdfs/600199_金种子酒_2025_ESG报告.pdf,513bc24092e133a95a3a7a88c3a7ca659bde90a93b39518b368343a4dab7d81f,6266017,
1225241826,002037,保利联合,2025,ESG报告,保利联合：2025年环境、社会及治理（ESG）报告,2026-04-29,cninfo,https://www.cninfo.com.cn/new/disclosure/detail?stockCode=002037&announcementId=1225241826&orgId=gssz0002037&announcementTime=1777392000000,保利联合：2025年环境、社会及治理（<em>ESG</em>）<em>报告</em>,finalpage/2026-04-29/1225241826.PDF,https://static.cninfo.com.cn/finalpage/2026-04-29/1225241826.PDF,1225241826.PDF,002037_保利联合_2025_ESG报告.pdf,data/raw_pdfs/002037_保利联合_2025_ESG报告.pdf,32365314c45519cf480c379f1b3bd0e6373e77d608b4e0533e7fa73cd6fcf132,20408591,
1225248193,300035,中科电气,2025,ESG报告,中科电气：2025年度环境、社会与公司治理（ESG）报告,2026-04-29,cninfo,https://www.cninfo.com.cn/new/disclosure/detail?stockCode=300035&announcementId=1225248193&orgId=9900009150&announcementTime=1777392000000,中科电气：2025年度环境、社会与公司治理（<em>ESG</em>）<em>报告</em>,finalpage/2026-04-29/1225248193.PDF,https://static.cninfo.com.cn/finalpage/2026-04-29/1225248193.PDF,1225248193.PDF,300035_中科电气_2025_ESG报告.pdf,data/raw_pdfs/300035_中科电气_2025_ESG报告.pdf,aeeeda1c378e4b3a71b13baabaef66749ffe47d03c5336279c025839cb4ec6eb,10096982,
1225243173,002011,盾安环境,2025,ESG报告,盾安环境：2025年度环境、社会及公司治理（ESG）报告,2026-04-29,cninfo,https://www.cninfo.com.cn/new/disclosure/detail?stockCode=002011&announcementId=1225243173&orgId=gssz0002011&announcementTime=1777392000000,盾安环境：2025年度环境、社会及公司治理（<em>ESG</em>）<em>报告</em>,finalpage/2026-04-29/1225243173.PDF,https://static.cninfo.com.cn/finalpage/2026-04-29/1225243173.PDF,1225243173.PDF,002011_盾安环境_2025_ESG报告.pdf,data/raw_pdfs/002011_盾安环境_2025_ESG报告.pdf,02802bc72ceacee1181c4c0febe129c69c76b511e54f5af7116cfb05c92e110a,22067692,
1225249288,002203,海亮股份,2025,ESG报告,海亮股份：2025年度环境、社会及公司治理（ESG）报告,2026-04-29,cninfo,https://www.cninfo.com.cn/new/disclosure/detail?stockCode=002203&announcementId=1225249288&orgId=9900003945&announcementTime=1777392000000,海亮股份：2025年度环境、社会及公司治理（<em>ESG</em>）<em>报告</em>,finalpage/2026-04-29/1225249288.PDF,https://static.cninfo.com.cn/finalpage/2026-04-29/1225249288.PDF,1225249288.PDF,002203_海亮股份_2025_ESG报告.pdf,data/raw_pdfs/002203_海亮股份_2025_ESG报告.pdf,a247c4d9aa325c35949f53a6cf94397c3a3e9bbcd5ae92a2fc4ed7f1a6d13609,19518271,
1225251975,688400,凌云光,2025,ESG报告,凌云光：2025年度环境、社会和公司治理（ESG）报告,2026-04-29,cninfo,https://www.cninfo.com.cn/new/disclosure/detail?stockCode=688400&announcementId=1225251975&orgId=9900048361&announcementTime=1777392000000,凌云光：2025年度环境、社会和公司治理（<em>ESG</em>）<em>报告</em>,finalpage/2026-04-29/1225251975.PDF,https://static.cninfo.com.cn/finalpage/2026-04-29/1225251975.PDF,1225251975.PDF,688400_凌云光_2025_ESG报告.pdf,data/raw_pdfs/688400_凌云光_2025_ESG报告.pdf,302bb4aea4e709f09cf832f6c92caca21e3397c82b95b92391f9a5adbab34e28,7201601,
1225267833,920039,国义招标,2025,ESG报告,[临时公告]国义招标:2025年度环境、社会和公司治理（ESG）报告,2026-04-29,cninfo,https://www.cninfo.com.cn/new/disclosure/detail?stockCode=920039&announcementId=1225267833&orgId=gfbj0831039&announcementTime=1777392000000,[临时公告]国义招标:2025年度环境、社会和公司治理（<em>ESG</em>）<em>报告</em>,finalpage/2026-04-29/1225267833.PDF,https://static.cninfo.com.cn/finalpage/2026-04-29/1225267833.PDF,1225267833.PDF,920039_国义招标_2025_ESG报告.pdf,data/raw_pdfs/920039_国义招标_2025_ESG报告.pdf,3cb176eafbb8130449213fc7462d67fd2d926cf676a8ee51df94253a960d68bd,25956066,
1225226761,605377,华旺科技,2025,ESG报告,华旺科技：杭州华旺新材料科技股份有限公司2025年度环境、社会和公司治理(ESG)报告,2026-04-29,cninfo,https://www.cninfo.com.cn/new/disclosure/detail?stockCode=605377&announcementId=1225226761&orgId=gfbj0832514&announcementTime=1777392000000,华旺科技：杭州华旺新材料科技股份有限公司2025年度环境、社会和公司治理(<em>ESG</em>)<em>报告</em>,finalpage/2026-04-29/1225226761.PDF,https://static.cninfo.com.cn/finalpage/2026-04-29/1225226761.PDF,1225226761.PDF,605377_华旺科技_2025_ESG报告.pdf,data/raw_pdfs/605377_华旺科技_2025_ESG报告.pdf,b025dd65c67bdf78ca962496a022b9f4ed97607f37245e6ba3196145f062099f,21010239,
1225232943,600877,电科芯片,2025,ESG暨社会责任报告,电科芯片：中电科芯片技术股份有限公司2025年度ESG暨社会责任报告,2026-04-29,cninfo,https://www.cninfo.com.cn/new/disclosure/detail?stockCode=600877&announcementId=1225232943&orgId=gssh0600877&announcementTime=1777392000000,电科芯片：中电科芯片技术股份有限公司2025年度<em>ESG</em>暨社会责任<em>报告</em>,finalpage/2026-04-29/1225232943.PDF,https://static.cninfo.com.cn/finalpage/2026-04-29/1225232943.PDF,1225232943.PDF,600877_电科芯片_2025_ESG暨社会责任报告.pdf,data/raw_pdfs/600877_电科芯片_2025_ESG暨社会责任报告.pdf,e8db9b39fd36f002dab35efda0d9595d6bc18ae2f8718fe5fb9ab71d6d0e7913,29057079,
1225234343,002807,江阴银行,2025,ESG报告,江阴银行：2025年ESG报告,2026-04-29,cninfo,https://www.cninfo.com.cn/new/disclosure/detail?stockCode=002807&announcementId=1225234343&orgId=9900022947&announcementTime=1777392000000,江阴银行：2025年<em>ESG</em><em>报告</em>,finalpage/2026-04-29/1225234343.PDF,https://static.cninfo.com.cn/finalpage/2026-04-29/1225234343.PDF,1225234343.PDF,002807_江阴银行_2025_ESG报告.pdf,data/raw_pdfs/002807_江阴银行_2025_ESG报告.pdf,a23949aa5ed130432c2392b5f9b6230a6ef12676119a63d54183a9d185275f45,19055958,
1225235603,603329,上海雅仕,2025,ESG报告,上海雅仕：2025年度环境、社会及治理（ESG）报告,2026-04-29,cninfo,https://www.cninfo.com.cn/new/disclosure/detail?stockCode=603329&announcementId=1225235603&orgId=9900031812&announcementTime=1777392000000,上海雅仕：2025年度环境、社会及治理（<em>ESG</em>）<em>报告</em>,finalpage/2026-04-29/1225235603.PDF,https://static.cninfo.com.cn/finalpage/2026-04-29/1225235603.PDF,1225235603.PDF,603329_上海雅仕_2025_ESG报告.pdf,data/raw_pdfs/603329_上海雅仕_2025_ESG报告.pdf,d71b05ee676fb3943539faa62f613d49dee31bcc090cd4ad1a9497c717a42eeb,3531737,
1225239487,603660,苏州科达,2025,ESG报告,苏州科达：2025年苏州科达环境、社会和公司治理（ESG)报告,2026-04-29,cninfo,https://www.cninfo.com.cn/new/disclosure/detail?stockCode=603660&announcementId=1225239487&orgId=9900026447&announcementTime=1777392000000,苏州科达：2025年苏州科达环境、社会和公司治理（<em>ESG</em>)<em>报告</em>,finalpage/2026-04-29/1225239487.PDF,https://static.cninfo.com.cn/finalpage/2026-04-29/1225239487.PDF,1225239487.PDF,603660_苏州科达_2025_ESG报告.pdf,data/raw_pdfs/603660_苏州科达_2025_ESG报告.pdf,92b4bc216f95ac11f0376fbc6508700576c0e34d430b73b2fe0e5135e79af93e,23143121,
1225246728,688613,奥精医疗,2025,ESG报告,奥精医疗：奥精医疗：2025年环境、社会和公司治理(ESG)报告,2026-04-29,cninfo,https://www.cninfo.com.cn/new/disclosure/detail?stockCode=688613&announcementId=1225246728&orgId=nssc1000537&announcementTime=1777392000000,奥精医疗：奥精医疗：2025年环境、社会和公司治理(<em>ESG</em>)<em>报告</em>,finalpage/2026-04-29/1225246728.PDF,https://static.cninfo.com.cn/finalpage/2026-04-29/1225246728.PDF,1225246728.PDF,688613_奥精医疗_2025_ESG报告.pdf,data/raw_pdfs/688613_奥精医疗_2025_ESG报告.pdf,e024ecabf4b1964f2e5927c3857141b87cc435c070dee7d1186f7357127fb20e,19844167,
1225249705,688509,正元地信,2025,ESG报告,正元地信：正元地信2025年度环境、社会和公司治理（ESG）报告,2026-04-29,cninfo,https://www.cninfo.com.cn/new/disclosure/detail?stockCode=688509&announcementId=1225249705&orgId=9900041382&announcementTime=1777392000000,正元地信：正元地信2025年度环境、社会和公司治理（<em>ESG</em>）<em>报告</em>,finalpage/2026-04-29/1225249705.PDF,https://static.cninfo.com.cn/finalpage/2026-04-29/1225249705.PDF,1225249705.PDF,688509_正元地信_2025_ESG报告.pdf,data/raw_pdfs/688509_正元地信_2025_ESG报告.pdf,ca0b800e470922d9bf2032bf0f3addc2eec9f86606e4ca39fccba7e586501cf5,1186003,
1225242385,000720,新能泰山,2025,ESG报告,新能泰山：2025年度环境、社会及治理（ESG）报告,2026-04-29,cninfo,https://www.cninfo.com.cn/new/disclosure/detail?stockCode=000720&announcementId=1225242385&orgId=gssz0000720&announcementTime=1777392000000,新能泰山：2025年度环境、社会及治理（<em>ESG</em>）<em>报告</em>,finalpage/2026-04-29/1225242385.PDF,https://static.cninfo.com.cn/finalpage/2026-04-29/1225242385.PDF,1225242385.PDF,000720_新能泰山_2025_ESG报告.pdf,data/raw_pdfs/000720_新能泰山_2025_ESG报告.pdf,b5ef183241434407b8becec072bb3cc88d93a748579cbff6a0329c365c21fa5f,12551305,
1225250123,300513,恒实科技,2025,ESG报告,恒实科技：2025年度环境、社会及公司治理（ESG）报告,2026-04-29,cninfo,https://www.cninfo.com.cn/new/disclosure/detail?stockCode=300513&announcementId=1225250123&orgId=9900026672&announcementTime=1777392000000,恒实科技：2025年度环境、社会及公司治理（<em>ESG</em>）<em>报告</em>,finalpage/2026-04-29/1225250123.PDF,https://static.cninfo.com.cn/finalpage/2026-04-29/1225250123.PDF,1225250123.PDF,300513_恒实科技_2025_ESG报告.pdf,data/raw_pdfs/300513_恒实科技_2025_ESG报告.pdf,d0fd1f58b8d9478b50c43837d318cee04cb7d023d81d04d086dd7788a9ef1fca,19826629,
1225225332,603918,金桥信息,2025,ESG报告,金桥信息：2025年环境、社会和公司治理(ESG)报告,2026-04-29,cninfo,https://www.cninfo.com.cn/new/disclosure/detail?stockCode=603918&announcementId=1225225332&orgId=9900023739&announcementTime=1777392000000,金桥信息：2025年环境、社会和公司治理(<em>ESG</em>)<em>报告</em>,finalpage/2026-04-29/1225225332.PDF,https://static.cninfo.com.cn/finalpage/2026-04-29/1225225332.PDF,1225225332.PDF,603918_金桥信息_2025_ESG报告.pdf,data/raw_pdfs/603918_金桥信息_2025_ESG报告.pdf,c3b19d18d781c460fbeb054b8b9cc8164c5836f3234e6006f459d653d30d4bc7,16088455,
1225227873,001322,箭牌家居,2025,ESG报告,箭牌家居：2025年度环境、社会和公司治理（ESG）报告,2026-04-29,cninfo,https://www.cninfo.com.cn/new/disclosure/detail?stockCode=001322&announcementId=1225227873&orgId=9900047305&announcementTime=1777392000000,箭牌家居：2025年度环境、社会和公司治理（<em>ESG</em>）<em>报告</em>,finalpage/2026-04-29/1225227873.PDF,https://static.cninfo.com.cn/finalpage/2026-04-29/1225227873.PDF,1225227873.PDF,001322_箭牌家居_2025_ESG报告.pdf,data/raw_pdfs/001322_箭牌家居_2025_ESG报告.pdf,9dabbc3e4171fc825ca64f9b56062d8deaab9e3464c3b22d3ca04974ff725aae,4009382,
1225247853,000547,航天发展,2025,ESG报告,航天发展：2025年度环境、社会和公司治理（ESG）报告,2026-04-29,cninfo,https://www.cninfo.com.cn/new/disclosure/detail?stockCode=000547&announcementId=1225247853&orgId=gssz0000547&announcementTime=1777392000000,航天发展：2025年度环境、社会和公司治理（<em>ESG</em>）<em>报告</em>,finalpage/2026-04-29/1225247853.PDF,https://static.cninfo.com.cn/finalpage/2026-04-29/1225247853.PDF,1225247853.PDF,000547_航天发展_2025_ESG报告.pdf,data/raw_pdfs/000547_航天发展_2025_ESG报告.pdf,d0a1faf09eb876a19a53b05b5e265773ba48ecd3d258df186578e57cbe35e2c1,13910874,
1225224745,603013,亚普股份,2025,ESG报告,亚普股份：亚普汽车部件股份有限公司2025年度ESG报告,2026-04-29,cninfo,https://www.cninfo.com.cn/new/disclosure/detail?stockCode=603013&announcementId=1225224745&orgId=9900023758&announcementTime=1777392000000,亚普股份：亚普汽车部件股份有限公司2025年度<em>ESG</em><em>报告</em>,finalpage/2026-04-29/1225224745.PDF,https://static.cninfo.com.cn/finalpage/2026-04-29/1225224745.PDF,1225224745.PDF,603013_亚普股份_2025_ESG报告.pdf,data/raw_pdfs/603013_亚普股份_2025_ESG报告.pdf,2e082ad26416cb13fcafefcd31f4eea7f4387019eb884d4c5aa2a41d554fa1ed,6512784,
1225224386,300972,万辰集团,2025,ESG报告,万辰集团：2025年度环境、社会及公司治理（ESG）报告,2026-04-29,cninfo,https://www.cninfo.com.cn/new/disclosure/detail?stockCode=300972&announcementId=1225224386&orgId=gfbj0833260&announcementTime=1777392000000,万辰集团：2025年度环境、社会及公司治理（<em>ESG</em>）<em>报告</em>,finalpage/2026-04-29/1225224386.PDF,https://static.cninfo.com.cn/finalpage/2026-04-29/1225224386.PDF,1225224386.PDF,300972_万辰集团_2025_ESG报告.pdf,data/raw_pdfs/300972_万辰集团_2025_ESG报告.pdf,6c2ac521edd98f4fff5570b55d6dfd3726fd491892109fffe724dbadc6cae7b7,16454342,
1225229195,600259,中稀有色,2025,ESG报告,中稀有色：中稀有色金属股份有限公司2025年度环境、社会和公司治理（ESG）报告,2026-04-29,cninfo,https://www.cninfo.com.cn/new/disclosure/detail?stockCode=600259&announcementId=1225229195&orgId=gssh0600259&announcementTime=1777392000000,中稀有色：中稀有色金属股份有限公司2025年度环境、社会和公司治理（<em>ESG</em>）<em>报告</em>,finalpage/2026-04-29/1225229195.PDF,https://static.cninfo.com.cn/finalpage/2026-04-29/1225229195.PDF,1225229195.PDF,600259_中稀有色_2025_ESG报告.pdf,data/raw_pdfs/600259_中稀有色_2025_ESG报告.pdf,4f4bf56ca0fb211bbc70a8513dfcfddc1a318b6d443f65ebf3e91aee418d662c,31384924,
1225236522,688818,电科蓝天,2025,ESG报告,电科蓝天：2025年度环境、社会和公司治理（ESG）报告,2026-04-29,cninfo,https://www.cninfo.com.cn/new/disclosure/detail?stockCode=688818&announcementId=1225236522&orgId=GD192810&announcementTime=1777392000000,电科蓝天：2025年度环境、社会和公司治理（<em>ESG</em>）<em>报告</em>,finalpage/2026-04-29/1225236522.PDF,https://static.cninfo.com.cn/finalpage/2026-04-29/1225236522.PDF,1225236522.PDF,688818_电科蓝天_2025_ESG报告.pdf,data/raw_pdfs/688818_电科蓝天_2025_ESG报告.pdf,8a1447aba881e9b270ad81520b844c04bb98518e7cbbb22f56e11f7abd93d9bb,6880154,
1225234855,300547,川环科技,2025,ESG报告,川环科技：2025年环境、社会及公司治理（ESG）报告,2026-04-29,cninfo,https://www.cninfo.com.cn/new/disclosure/detail?stockCode=300547&announcementId=1225234855&orgId=9900026810&announcementTime=1777392000000,川环科技：2025年环境、社会及公司治理（<em>ESG</em>）<em>报告</em>,finalpage/2026-04-29/1225234855.PDF,https://static.cninfo.com.cn/finalpage/2026-04-29/1225234855.PDF,1225234855.PDF,300547_川环科技_2025_ESG报告.pdf,data/raw_pdfs/300547_川环科技_2025_ESG报告.pdf,05c906ab031a52e6fb06d9da81e10de7e3aece35e4b8f3a18484e8dd512d7e02,20425189,
1225231163,000557,西部创业,2025,可持续发展报告,西部创业：2025年度可持续发展（ESG）报告,2026-04-29,cninfo,https://www.cninfo.com.cn/new/disclosure/detail?stockCode=000557&announcementId=1225231163&orgId=gssz0000557&announcementTime=1777392000000,西部创业：2025年度可持续发展（<em>ESG</em>）<em>报告</em>,finalpage/2026-04-29/1225231163.PDF,https://static.cninfo.com.cn/finalpage/2026-04-29/1225231163.PDF,1225231163.PDF,000557_西部创业_2025_可持续发展报告.pdf,data/raw_pdfs/000557_西部创业_2025_可持续发展报告.pdf,2d107a642ecfefd7ffd40df1c4a084ac839a8523ba8b696b5a63e53795e16a02,24219619,
1225235446,300949,奥雅股份,2025,ESG报告,奥雅股份：奥雅股份2025年度环境、社会及公司治理（ESG）报告,2026-04-29,cninfo,https://www.cninfo.com.cn/new/disclosure/detail?stockCode=300949&announcementId=1225235446&orgId=9900033217&announcementTime=1777392000000,奥雅股份：奥雅股份2025年度环境、社会及公司治理（<em>ESG</em>）<em>报告</em>,finalpage/2026-04-29/1225235446.PDF,https://static.cninfo.com.cn/finalpage/2026-04-29/1225235446.PDF,1225235446.PDF,300949_奥雅股份_2025_ESG报告.pdf,data/raw_pdfs/300949_奥雅股份_2025_ESG报告.pdf,8275c6eaa86d172a5be02b5fafd148bef0708fa461f8e38e170e9b5c38f66297,23571267,
1225244932,603369,今世缘,2025,可持续发展报告,今世缘：江苏今世缘酒业股份有限公司2025年度可持续发展（ESG）报告,2026-04-29,cninfo,https://www.cninfo.com.cn/new/disclosure/detail?stockCode=603369&announcementId=1225244932&orgId=9900023168&announcementTime=1777392000000,今世缘：江苏今世缘酒业股份有限公司2025年度可持续发展（<em>ESG</em>）<em>报告</em>,finalpage/2026-04-29/1225244932.PDF,https://static.cninfo.com.cn/finalpage/2026-04-29/1225244932.PDF,1225244932.PDF,603369_今世缘_2025_可持续发展报告.pdf,data/raw_pdfs/603369_今世缘_2025_可持续发展报告.pdf,7f0eda59b66350d02402d9fd8a6ae52fbd73f99f0af56a012ded5a79e0cd7a41,27067584,
1225244793,603777,来伊份,2025,ESG报告,来伊份：来伊份2025年ESG报告,2026-04-29,cninfo,https://www.cninfo.com.cn/new/disclosure/detail?stockCode=603777&announcementId=1225244793&orgId=9900023222&announcementTime=1777392000000,来伊份：来伊份2025年<em>ESG</em><em>报告</em>,finalpage/2026-04-29/1225244793.PDF,https://static.cninfo.com.cn/finalpage/2026-04-29/1225244793.PDF,1225244793.PDF,603777_来伊份_2025_ESG报告.pdf,data/raw_pdfs/603777_来伊份_2025_ESG报告.pdf,210ea28ed1fb07a58791b2f186fa3b9acdae972eae600e978ac36b189a40a7e0,3390097,
1225249401,605599,菜百股份,2025,ESG报告,菜百股份：北京菜市口百货股份有限公司2025年度环境、社会和公司治理（ESG）报告,2026-04-29,cninfo,https://www.cninfo.com.cn/new/disclosure/detail?stockCode=605599&announcementId=1225249401&orgId=nssc1000538&announcementTime=1777392000000,菜百股份：北京菜市口百货股份有限公司2025年度环境、社会和公司治理（<em>ESG</em>）<em>报告</em>,finalpage/2026-04-29/1225249401.PDF,https://static.cninfo.com.cn/finalpage/2026-04-29/1225249401.PDF,1225249401.PDF,605599_菜百股份_2025_ESG报告.pdf,data/raw_pdfs/605599_菜百股份_2025_ESG报告.pdf,8a2fed8b690da47d6ddb93dfa5e291ae4069881fe6889447e6c38d501f607b2b,20603215,
1225226792,601555,东吴证券,2025,可持续发展报告,东吴证券：东吴证券股份有限公司2025年度可持续发展暨ESG报告,2026-04-29,cninfo,https://www.cninfo.com.cn/new/disclosure/detail?stockCode=601555&announcementId=1225226792&orgId=qsgn0000325&announcementTime=1777392000000,东吴证券：东吴证券股份有限公司2025年度可持续发展暨<em>ESG</em><em>报告</em>,finalpage/2026-04-29/1225226792.PDF,https://static.cninfo.com.cn/finalpage/2026-04-29/1225226792.PDF,1225226792.PDF,601555_东吴证券_2025_可持续发展报告.pdf,data/raw_pdfs/601555_东吴证券_2025_可持续发展报告.pdf,60d147e7afca41348754e90ca62b3dee6cb6d7589ab3ed5313324362e57132b8,5251631,
1225237056,301185,鸥玛软件,2025,ESG报告,鸥玛软件：2025年度环境、社会及公司治理（ESG)报告,2026-04-29,cninfo,https://www.cninfo.com.cn/new/disclosure/detail?stockCode=301185&announcementId=1225237056&orgId=gfbj0839737&announcementTime=1777392000000,鸥玛软件：2025年度环境、社会及公司治理（<em>ESG</em>)<em>报告</em>,finalpage/2026-04-29/1225237056.PDF,https://static.cninfo.com.cn/finalpage/2026-04-29/1225237056.PDF,1225237056.PDF,301185_鸥玛软件_2025_ESG报告.pdf,data/raw_pdfs/301185_鸥玛软件_2025_ESG报告.pdf,430734cd610cead267a43eb0b91f2bb3d7f608358dea821418fbe7cf6252d459,11550735,
1225237536,300597,吉大通信,2025,ESG报告,吉大通信：2025年度环境、社会和公司治理（ESG）报告,2026-04-29,cninfo,https://www.cninfo.com.cn/new/disclosure/detail?stockCode=300597&announcementId=1225237536&orgId=9900030085&announcementTime=1777392000000,吉大通信：2025年度环境、社会和公司治理（<em>ESG</em>）<em>报告</em>,finalpage/2026-04-29/1225237536.PDF,https://static.cninfo.com.cn/finalpage/2026-04-29/1225237536.PDF,1225237536.PDF,300597_吉大通信_2025_ESG报告.pdf,data/raw_pdfs/300597_吉大通信_2025_ESG报告.pdf,2014bcc7ec18e1b1aab2c043ed3bf93edcda8381c0660048b61740ecb708e849,27615831,
1225225562,301073,君亭酒店,2025,ESG报告,君亭酒店：2025年度环境、社会及公司治理(ESG)报告,2026-04-29,cninfo,https://www.cninfo.com.cn/new/disclosure/detail?stockCode=301073&announcementId=1225225562&orgId=gfbj0835939&announcementTime=1777392000000,君亭酒店：2025年度环境、社会及公司治理(<em>ESG</em>)<em>报告</em>,finalpage/2026-04-29/1225225562.PDF,https://static.cninfo.com.cn/finalpage/2026-04-29/1225225562.PDF,1225225562.PDF,301073_君亭酒店_2025_ESG报告.pdf,data/raw_pdfs/301073_君亭酒店_2025_ESG报告.pdf,ca42922549cb7f79b132c5781f04d979c473f235a006d681783cfd04228774d6,26958974,
1225245653,002958,青农商行,2025,可持续发展报告,青农商行：2025年度可持续发展（ESG）报告,2026-04-29,cninfo,https://www.cninfo.com.cn/new/disclosure/detail?stockCode=002958&announcementId=1225245653&orgId=9900031174&announcementTime=1777392000000,青农商行：2025年度可持续发展（<em>ESG</em>）<em>报告</em>,finalpage/2026-04-29/1225245653.PDF,https://static.cninfo.com.cn/finalpage/2026-04-29/1225245653.PDF,1225245653.PDF,002958_青农商行_2025_可持续发展报告.pdf,data/raw_pdfs/002958_青农商行_2025_可持续发展报告.pdf,715cda0d6ab7a97856fda4f23ad88c30d06bdb8dd90708d62981c2b47648a7ac,31720868,
1225224106,600630,龙头股份,2025,ESG报告,龙头股份：龙头股份2025年度环境、社会和公司治理（ESG）报告,2026-04-29,cninfo,https://www.cninfo.com.cn/new/disclosure/detail?stockCode=600630&announcementId=1225224106&orgId=gssh0600630&announcementTime=1777392000000,龙头股份：龙头股份2025年度环境、社会和公司治理（<em>ESG</em>）<em>报告</em>,finalpage/2026-04-29/1225224106.PDF,https://static.cninfo.com.cn/finalpage/2026-04-29/1225224106.PDF,1225224106.PDF,600630_龙头股份_2025_ESG报告.pdf,data/raw_pdfs/600630_龙头股份_2025_ESG报告.pdf,d15db98cf0e517182129493aab925ef8580669ec280cbe6b6e6bc166469f7aa1,14755313,
1225227499,000503,国新健康,2025,ESG报告,国新健康：2025年度环境、社会和公司治理（ESG）报告,2026-04-29,cninfo,https://www.cninfo.com.cn/new/disclosure/detail?stockCode=000503&announcementId=1225227499&orgId=gssz0000503&announcementTime=1777392000000,国新健康：2025年度环境、社会和公司治理（<em>ESG</em>）<em>报告</em>,finalpage/2026-04-29/1225227499.PDF,https://static.cninfo.com.cn/finalpage/2026-04-29/1225227499.PDF,1225227499.PDF,000503_国新健康_2025_ESG报告.pdf,data/raw_pdfs/000503_国新健康_2025_ESG报告.pdf,bfe081d1ca20f7a58637d86b302b5b97350686fd3bcde6a46086279bffe92111,31632276,
1225235789,300834,星辉环材,2025,ESG报告,星辉环材：2025年度环境、社会及治理（ESG）报告,2026-04-29,cninfo,https://www.cninfo.com.cn/new/disclosure/detail?stockCode=300834&announcementId=1225235789&orgId=9900046631&announcementTime=1777392000000,星辉环材：2025年度环境、社会及治理（<em>ESG</em>）<em>报告</em>,finalpage/2026-04-29/1225235789.PDF,https://static.cninfo.com.cn/finalpage/2026-04-29/1225235789.PDF,1225235789.PDF,300834_星辉环材_2025_ESG报告.pdf,data/raw_pdfs/300834_星辉环材_2025_ESG报告.pdf,babecaa26f768146de13f01e65261a68eebf5667b31d69012846b0da4e182513,12005197,
1225232089,000923,河钢资源,2025,ESG报告,河钢资源：2025河钢资源股份有限公司环境、社会及治理(ESG)报告,2026-04-29,cninfo,https://www.cninfo.com.cn/new/disclosure/detail?stockCode=000923&announcementId=1225232089&orgId=gssz0000923&announcementTime=1777392000000,河钢资源：2025河钢资源股份有限公司环境、社会及治理(<em>ESG</em>)<em>报告</em>,finalpage/2026-04-29/1225232089.PDF,https://static.cninfo.com.cn/finalpage/2026-04-29/1225232089.PDF,1225232089.PDF,000923_河钢资源_2025_ESG报告.pdf,data/raw_pdfs/000923_河钢资源_2025_ESG报告.pdf,d0adbfe04fc56a1539dec9fa09bf12ba108424c032bc0dc25b3847c98b170989,22103613,
1225234077,688279,峰岹科技,2025,ESG报告,峰岹科技：2025年度环境、社会和管治（ESG）报告,2026-04-29,cninfo,https://www.cninfo.com.cn/new/disclosure/detail?stockCode=688279&announcementId=1225234077&orgId=9900046501&announcementTime=1777392000000,峰岹科技：2025年度环境、社会和管治（<em>ESG</em>）<em>报告</em>,finalpage/2026-04-29/1225234077.PDF,https://static.cninfo.com.cn/finalpage/2026-04-29/1225234077.PDF,1225234077.PDF,688279_峰岹科技_2025_ESG报告.pdf,data/raw_pdfs/688279_峰岹科技_2025_ESG报告.pdf,2e6d45fd80a703cb95eb92b6689828eb511037cdf0850bf69d96828d08efb2d9,7243099,
1225247488,600919,江苏银行,2025,可持续发展报告,江苏银行：江苏银行2025年度可持续发展(ESG)报告,2026-04-29,cninfo,https://www.cninfo.com.cn/new/disclosure/detail?stockCode=600919&announcementId=1225247488&orgId=9900006248&announcementTime=1777392000000,江苏银行：江苏银行2025年度可持续发展(<em>ESG</em>)<em>报告</em>,finalpage/2026-04-29/1225247488.PDF,https://static.cninfo.com.cn/finalpage/2026-04-29/1225247488.PDF,1225247488.PDF,600919_江苏银行_2025_可持续发展报告.pdf,data/raw_pdfs/600919_江苏银行_2025_可持续发展报告.pdf,5476545b3a900a903a7f1fcb030272f8309c91db5c7ec9b40484f6c0d4275f49,5660893,
1225246705,688147,微导纳米,2025,ESG报告,微导纳米：江苏微导纳米科技股份有限公司2025年度环境、社会及公司治理（ESG）报告,2026-04-29,cninfo,https://www.cninfo.com.cn/new/disclosure/detail?stockCode=688147&announcementId=1225246705&orgId=nssc1000585&announcementTime=1777392000000,微导纳米：江苏微导纳米科技股份有限公司2025年度环境、社会及公司治理（<em>ESG</em>）<em>报告</em>,finalpage/2026-04-29/1225246705.PDF,https://static.cninfo.com.cn/finalpage/2026-04-29/1225246705.PDF,1225246705.PDF,688147_微导纳米_2025_ESG报告.pdf,data/raw_pdfs/688147_微导纳米_2025_ESG报告.pdf,fcbe9edf3f2e346d25c71c878c9e3cc4a9cb633434314caaa6b7cb49a53be213,24378221,
1225250943,605199,ST葫芦娃,2025,ESG报告,ST葫芦娃：海南葫芦娃药业集团股份有限公司2025年度环境、社会和公司治理(ESG)报告,2026-04-29,cninfo,https://www.cninfo.com.cn/new/disclosure/detail?stockCode=605199&announcementId=1225250943&orgId=9900039731&announcementTime=1777392000000,ST葫芦娃：海南葫芦娃药业集团股份有限公司2025年度环境、社会和公司治理(<em>ESG</em>)<em>报告</em>,finalpage/2026-04-29/1225250943.PDF,https://static.cninfo.com.cn/finalpage/2026-04-29/1225250943.PDF,1225250943.PDF,605199_ST葫芦娃_2025_ESG报告.pdf,data/raw_pdfs/605199_ST葫芦娃_2025_ESG报告.pdf,c09abfabfaabe66b94340674f2ba543a5bdc53cc800892a5bfdd4e1470947227,30689344,
1225230649,300468,四方精创,2025,ESG报告,四方精创：2025年度环境、社会和公司治理（ESG）报告,2026-04-29,cninfo,https://www.cninfo.com.cn/new/disclosure/detail?stockCode=300468&announcementId=1225230649&orgId=9900024029&announcementTime=1777392000000,四方精创：2025年度环境、社会和公司治理（<em>ESG</em>）<em>报告</em>,finalpage/2026-04-29/1225230649.PDF,https://static.cninfo.com.cn/finalpage/2026-04-29/1225230649.PDF,1225230649.PDF,300468_四方精创_2025_ESG报告.pdf,data/raw_pdfs/300468_四方精创_2025_ESG报告.pdf,93285be32d238b2a41dc5ef76e44d82a3737628a18aec2f38f96771271afa9b8,27524867,
1225230957,000810,创维数字,2025,ESG报告,创维数字：2025年环境、社会及治理（ESG）报告,2026-04-29,cninfo,https://www.cninfo.com.cn/new/disclosure/detail?stockCode=000810&announcementId=1225230957&orgId=gssz0000810&announcementTime=1777392000000,创维数字：2025年环境、社会及治理（<em>ESG</em>）<em>报告</em>,finalpage/2026-04-29/1225230957.PDF,https://static.cninfo.com.cn/finalpage/2026-04-29/1225230957.PDF,1225230957.PDF,000810_创维数字_2025_ESG报告.pdf,data/raw_pdfs/000810_创维数字_2025_ESG报告.pdf,bf4a1aedd8f83579e91559c60a6f080a23b96aea73fc0beb69f07a0f7a220d84,16714361,
1225236896,002887,绿茵生态,2025,ESG报告,绿茵生态：2025年度环境、社会及公司治理（ESG）报告,2026-04-29,cninfo,https://www.cninfo.com.cn/new/disclosure/detail?stockCode=002887&announcementId=1225236896&orgId=9900031819&announcementTime=1777392000000,绿茵生态：2025年度环境、社会及公司治理（<em>ESG</em>）<em>报告</em>,finalpage/2026-04-29/1225236896.PDF,https://static.cninfo.com.cn/finalpage/2026-04-29/1225236896.PDF,1225236896.PDF,002887_绿茵生态_2025_ESG报告.pdf,data/raw_pdfs/002887_绿茵生态_2025_ESG报告.pdf,1e572a916e15cccfd93fb7f298c3bd78139813e3aedd31f615e1fc008cd37471,10213203,
1225237725,000998,隆平高科,2025,ESG报告,隆平高科：2025年环境、社会及治理（ESG）报告,2026-04-29,cninfo,https://www.cninfo.com.cn/new/disclosure/detail?stockCode=000998&announcementId=1225237725&orgId=gssz0000998&announcementTime=1777392000000,隆平高科：2025年环境、社会及治理（<em>ESG</em>）<em>报告</em>,finalpage/2026-04-29/1225237725.PDF,https://static.cninfo.com.cn/finalpage/2026-04-29/1225237725.PDF,1225237725.PDF,000998_隆平高科_2025_ESG报告.pdf,data/raw_pdfs/000998_隆平高科_2025_ESG报告.pdf,b54759119cdaa97db709cfa79b19b3160582cca188d6604a36c69b0180e07347,25521781,
1225237933,301370,国科恒泰,2025,ESG报告,国科恒泰：2025年度环境、社会和公司治理（ESG）报告,2026-04-29,cninfo,https://www.cninfo.com.cn/new/disclosure/detail?stockCode=301370&announcementId=1225237933&orgId=9900035522&announcementTime=1777392000000,国科恒泰：2025年度环境、社会和公司治理（<em>ESG</em>）<em>报告</em>,finalpage/2026-04-29/1225237933.PDF,https://static.cninfo.com.cn/finalpage/2026-04-29/1225237933.PDF,1225237933.PDF,301370_国科恒泰_2025_ESG报告.pdf,data/raw_pdfs/301370_国科恒泰_2025_ESG报告.pdf,e2b770c2021f60b9025abbbd2fa5ae6057aa67edf517e8d7164826a7211ce386,14277225,
1225242533,300459,汤姆猫,2025,ESG报告,汤姆猫：2025年度环境、社会及公司治理（ESG）报告,2026-04-29,cninfo,https://www.cninfo.com.cn/new/disclosure/detail?stockCode=300459&announcementId=1225242533&orgId=9900023890&announcementTime=1777392000000,汤姆猫：2025年度环境、社会及公司治理（<em>ESG</em>）<em>报告</em>,finalpage/2026-04-29/1225242533.PDF,https://static.cninfo.com.cn/finalpage/2026-04-29/1225242533.PDF,1225242533.PDF,300459_汤姆猫_2025_ESG报告.pdf,data/raw_pdfs/300459_汤姆猫_2025_ESG报告.pdf,23c39762b91f110fe280ebfc95b096b0f32508f466089e321837bb2ab6b52ea5,8961014,
1225246846,300527,ST应急,2025,ESG报告,ST应急：2025年度环境、社会及公司治理（ESG）报告,2026-04-29,cninfo,https://www.cninfo.com.cn/new/disclosure/detail?stockCode=300527&announcementId=1225246846&orgId=9900027321&announcementTime=1777392000000,ST应急：2025年度环境、社会及公司治理（<em>ESG</em>）<em>报告</em>,finalpage/2026-04-29/1225246846.PDF,https://static.cninfo.com.cn/finalpage/2026-04-29/1225246846.PDF,1225246846.PDF,300527_ST应急_2025_ESG报告.pdf,data/raw_pdfs/300527_ST应急_2025_ESG报告.pdf,74d213be50c3b3992d9b5299b5fdfb3f9df3bc110bded8967180c83b74abb40a,19122055,
1225232293,603990,麦迪科技,2025,ESG报告,麦迪科技：苏州麦迪斯顿医疗科技股份有限公司2025年度环境、社会和公司治理（ESG）报告,2026-04-29,cninfo,https://www.cninfo.com.cn/new/disclosure/detail?stockCode=603990&announcementId=1225232293&orgId=9900029594&announcementTime=1777392000000,麦迪科技：苏州麦迪斯顿医疗科技股份有限公司2025年度环境、社会和公司治理（<em>ESG</em>）<em>报告</em>,finalpage/2026-04-29/1225232293.PDF,https://static.cninfo.com.cn/finalpage/2026-04-29/1225232293.PDF,1225232293.PDF,603990_麦迪科技_2025_ESG报告.pdf,data/raw_pdfs/603990_麦迪科技_2025_ESG报告.pdf,04fd8a2264e66cc52435979802182e9b8c16140b85bce40afc1e0c58734b846b,33259021,
1225234185,002079,苏州固锝,2025,ESG报告,苏州固锝：苏州固锝2025年度环境、社会和公司治理（ESG）报告,2026-04-29,cninfo,https://www.cninfo.com.cn/new/disclosure/detail?stockCode=002079&announcementId=1225234185&orgId=9900001221&announcementTime=1777392000000,苏州固锝：苏州固锝2025年度环境、社会和公司治理（<em>ESG</em>）<em>报告</em>,finalpage/2026-04-29/1225234185.PDF,https://static.cninfo.com.cn/finalpage/2026-04-29/1225234185.PDF,1225234185.PDF,002079_苏州固锝_2025_ESG报告.pdf,data/raw_pdfs/002079_苏州固锝_2025_ESG报告.pdf,d3fe0d400c16fb8ab75888ac842a32a6723c0420d47a238b36b194b50afdb8ba,18915621,
1225239154,300212,易华录,2025,ESG报告,易华录：2025年度环境、社会和公司治理（ESG）报告,2026-04-29,cninfo,https://www.cninfo.com.cn/new/disclosure/detail?stockCode=300212&announcementId=1225239154&orgId=9900018955&announcementTime=1777392000000,易华录：2025年度环境、社会和公司治理（<em>ESG</em>）<em>报告</em>,finalpage/2026-04-29/1225239154.PDF,https://static.cninfo.com.cn/finalpage/2026-04-29/1225239154.PDF,1225239154.PDF,300212_易华录_2025_ESG报告.pdf,data/raw_pdfs/300212_易华录_2025_ESG报告.pdf,d7b528d9261c6624180ef095d757d0fa5fb0c6a27b45d8f94a6a2fe83f4e177e,27753915,
1225253343,01432,中国圣牧,2025,ESG报告,中国圣牧：2025 年中国圣牧 ESG 报告,2026-04-28,cninfo,https://www.cninfo.com.cn/new/disclosure/detail?stockCode=01432&announcementId=1225253343&orgId=9900029023&announcementTime=1777391999000,中国圣牧：2025 年中国圣牧 <em>ESG</em> <em>报告</em>,finalpage/2026-04-28/1225253343.PDF,https://static.cninfo.com.cn/finalpage/2026-04-28/1225253343.PDF,1225253343.PDF,01432_中国圣牧_2025_ESG报告.pdf,data/raw_pdfs/01432_中国圣牧_2025_ESG报告.pdf,9922f6980925d5670329bb00043ca5dd5340bb5ef44cd644e5a7231f25d66628,29161397,
1225252952,02768,国恩科技,2025,可持续发展报告,国恩科技：2025环境、社会及管治(ESG)暨可持续发展报告,2026-04-28,cninfo,https://www.cninfo.com.cn/new/disclosure/detail?stockCode=02768&announcementId=1225252952&orgId=9900023787&announcementTime=1777391999000,国恩科技：2025环境、社会及管治(<em>ESG</em>)暨可持续发展<em>报告</em>,finalpage/2026-04-28/1225252952.PDF,https://static.cninfo.com.cn/finalpage/2026-04-28/1225252952.PDF,1225252952.PDF,02768_国恩科技_2025_可持续发展报告.pdf,data/raw_pdfs/02768_国恩科技_2025_可持续发展报告.pdf,a1dfe8daf933bca96564fac7ff199e75efb301a642e3cad9f44b0bbf48385261,12596170,
1225249940,02651,大众口腔,2025,ESG报告,大众口腔：2025 环境、社会及管治(ESG)报告,2026-04-28,cninfo,https://www.cninfo.com.cn/new/disclosure/detail?stockCode=02651&announcementId=1225249940&orgId=gfbj0832387&announcementTime=1777386148000,大众口腔：2025 环境、社会及管治(<em>ESG</em>)<em>报告</em>,finalpage/2026-04-28/1225249940.PDF,https://static.cninfo.com.cn/finalpage/2026-04-28/1225249940.PDF,1225249940.PDF,02651_大众口腔_2025_ESG报告.pdf,data/raw_pdfs/02651_大众口腔_2025_ESG报告.pdf,c378920f01505cf9fcd1ad829ca6b8b8be8a0b0ad7e5352a6c2cf60fe2933c25,2187798,
1225237804,00553,南京熊猫电子股份,2025,ESG报告,南京熊猫电子股份：2025年度环境、社会及治理（ESG）报告,2026-04-28,cninfo,https://www.cninfo.com.cn/new/disclosure/detail?stockCode=00553&announcementId=1225237804&orgId=gssh0600775&announcementTime=1777375948000,南京熊猫电子股份：2025年度环境、社会及治理（<em>ESG</em>）<em>报告</em>,finalpage/2026-04-28/1225237804.PDF,https://static.cninfo.com.cn/finalpage/2026-04-28/1225237804.PDF,1225237804.PDF,00553_南京熊猫电子股份_2025_ESG报告.pdf,data/raw_pdfs/00553_南京熊猫电子股份_2025_ESG报告.pdf,a023493818ad34946d61a5d14d55aa8248824a758dff8c577abd888e12f804bc,25476913,
1225228320,00966,中国太平,2025,ESG暨社会责任报告,中国太平：2025环境、社会及管治(ESG)暨社会责任报告,2026-04-28,cninfo,https://www.cninfo.com.cn/new/disclosure/detail?stockCode=00966&announcementId=1225228320&orgId=gshk0000966&announcementTime=1777368148000,中国太平：2025环境、社会及管治(<em>ESG</em>)暨社会责任<em>报告</em>,finalpage/2026-04-28/1225228320.PDF,https://static.cninfo.com.cn/finalpage/2026-04-28/1225228320.PDF,1225228320.PDF,00966_中国太平_2025_ESG暨社会责任报告.pdf,data/raw_pdfs/00966_中国太平_2025_ESG暨社会责任报告.pdf,99f147bbc129c6056027ba0edfefe534f8d75cbb3124d17e3979724a779f738c,19800954,
1225223033,02676,纳芯微,2025,ESG报告,纳芯微：2025年度环境、社会及公司治理（ESG) 报告,2026-04-28,cninfo,https://www.cninfo.com.cn/new/disclosure/detail?stockCode=02676&announcementId=1225223033&orgId=gfbj0838551&announcementTime=1777330710000,纳芯微：2025年度环境、社会及公司治理（<em>ESG</em>) <em>报告</em>,finalpage/2026-04-28/1225223033.PDF,https://static.cninfo.com.cn/finalpage/2026-04-28/1225223033.PDF,1225223033.PDF,02676_纳芯微_2025_ESG报告.pdf,data/raw_pdfs/02676_纳芯微_2025_ESG报告.pdf,2e5d9b729809dbb1ee788c44ab731af169291c1882362309a5dee5feec7ef203,23830187,
1225200444,600278,东方创业,2025,ESG报告,东方创业：东方创业2025年度ESG报告,2026-04-28,cninfo,https://www.cninfo.com.cn/new/disclosure/detail?stockCode=600278&announcementId=1225200444&orgId=gssh0600278&announcementTime=1777305600000,东方创业：东方创业2025年度<em>ESG</em><em>报告</em>,finalpage/2026-04-28/1225200444.PDF,https://static.cninfo.com.cn/finalpage/2026-04-28/1225200444.PDF,1225200444.PDF,600278_东方创业_2025_ESG报告.pdf,data/raw_pdfs/600278_东方创业_2025_ESG报告.pdf,a0580cdb08a20d6da0901dc8e7fd35b4f9ebd9fcb3123342366eb459ca61cb6a,26796374,
1225200087,001287,中电港,2025,ESG报告,中电港：2025年度环境、社会及治理（ESG）报告,2026-04-28,cninfo,https://www.cninfo.com.cn/new/disclosure/detail?stockCode=001287&announcementId=1225200087&orgId=9900054451&announcementTime=1777305600000,中电港：2025年度环境、社会及治理（<em>ESG</em>）<em>报告</em>,finalpage/2026-04-28/1225200087.PDF,https://static.cninfo.com.cn/finalpage/2026-04-28/1225200087.PDF,1225200087.PDF,001287_中电港_2025_ESG报告.pdf,data/raw_pdfs/001287_中电港_2025_ESG报告.pdf,d09719d93beaf5b53715a8a677d6e839c613af6ce4e8c787c8321d47e42f2436,12535893,
1225201127,603291,联合水务,2025,ESG报告,联合水务：2025年度环境、社会及治理（ESG）报告,2026-04-28,cninfo,https://www.cninfo.com.cn/new/disclosure/detail?stockCode=603291&announcementId=1225201127&orgId=9900047645&announcementTime=1777305600000,联合水务：2025年度环境、社会及治理（<em>ESG</em>）<em>报告</em>,finalpage/2026-04-28/1225201127.PDF,https://static.cninfo.com.cn/finalpage/2026-04-28/1225201127.PDF,1225201127.PDF,603291_联合水务_2025_ESG报告.pdf,data/raw_pdfs/603291_联合水务_2025_ESG报告.pdf,a0e551bc1b411521697d43e21f7e94d8f4b1cbf9895fbebb7dde136caf686640,29133585,
1225205635,002326,永太科技,2025,ESG报告,永太科技：2025年度环境、社会和公司治理（ESG）报告,2026-04-28,cninfo,https://www.cninfo.com.cn/new/disclosure/detail?stockCode=002326&announcementId=1225205635&orgId=9900009510&announcementTime=1777305600000,永太科技：2025年度环境、社会和公司治理（<em>ESG</em>）<em>报告</em>,finalpage/2026-04-28/1225205635.PDF,https://static.cninfo.com.cn/finalpage/2026-04-28/1225205635.PDF,1225205635.PDF,002326_永太科技_2025_ESG报告.pdf,data/raw_pdfs/002326_永太科技_2025_ESG报告.pdf,1cc4a2499be0754088f60861279b146db915042c462fab862c93a260f8c71058,21663898,
1225208745,000537,绿发电力,2025,ESG报告,绿发电力：2025年环境、社会和公司治理（ESG）报告,2026-04-28,cninfo,https://www.cninfo.com.cn/new/disclosure/detail?stockCode=000537&announcementId=1225208745&orgId=gssz0000537&announcementTime=1777305600000,绿发电力：2025年环境、社会和公司治理（<em>ESG</em>）<em>报告</em>,finalpage/2026-04-28/1225208745.PDF,https://static.cninfo.com.cn/finalpage/2026-04-28/1225208745.PDF,1225208745.PDF,000537_绿发电力_2025_ESG报告.pdf,data/raw_pdfs/000537_绿发电力_2025_ESG报告.pdf,e706524d63b4c173ab7fbf44b2874972c30f26a2c2abc3f6ca3bc8acfd7af9c0,32524281,
1225216809,002035,华帝股份,2025,ESG报告,华帝股份：2025年环境、社会及公司治理（ESG）报告,2026-04-28,cninfo,https://www.cninfo.com.cn/new/disclosure/detail?stockCode=002035&announcementId=1225216809&orgId=gssz0002035&announcementTime=1777305600000,华帝股份：2025年环境、社会及公司治理（<em>ESG</em>）<em>报告</em>,finalpage/2026-04-28/1225216809.PDF,https://static.cninfo.com.cn/finalpage/2026-04-28/1225216809.PDF,1225216809.PDF,002035_华帝股份_2025_ESG报告.pdf,data/raw_pdfs/002035_华帝股份_2025_ESG报告.pdf,27c65c5388e1070e2f8d1af08a097b668fd97e787998fa431e0c53b136514f79,12226249,
1225216064,000777,中核科技,2025,ESG暨社会责任报告,中核科技：2025年度ESG报告暨社会责任报告,2026-04-28,cninfo,https://www.cninfo.com.cn/new/disclosure/detail?stockCode=000777&announcementId=1225216064&orgId=gssz0000777&announcementTime=1777305600000,中核科技：2025年度<em>ESG</em><em>报告</em>暨社会责任<em>报告</em>,finalpage/2026-04-28/1225216064.PDF,https://static.cninfo.com.cn/finalpage/2026-04-28/1225216064.PDF,1225216064.PDF,000777_中核科技_2025_ESG暨社会责任报告.pdf,data/raw_pdfs/000777_中核科技_2025_ESG暨社会责任报告.pdf,8f137ece64d49070b9c2ae4f7f0b5efc40b52c4920d119565ba1000b5a43db0b,25000141,
1225200358,601956,东贝集团,2025,ESG报告,东贝集团：湖北东贝机电集团股份有限公司2025年度环境、社会和公司治理（ESG）报告,2026-04-28,cninfo,https://www.cninfo.com.cn/new/disclosure/detail?stockCode=601956&announcementId=1225200358&orgId=GD008131&announcementTime=1777305600000,东贝集团：湖北东贝机电集团股份有限公司2025年度环境、社会和公司治理（<em>ESG</em>）<em>报告</em>,finalpage/2026-04-28/1225200358.PDF,https://static.cninfo.com.cn/finalpage/2026-04-28/1225200358.PDF,1225200358.PDF,601956_东贝集团_2025_ESG报告.pdf,data/raw_pdfs/601956_东贝集团_2025_ESG报告.pdf,5836e95717c62a77b8ee129cd7bc426d62172265ef61133a47acaff79a1ccaa0,33376517,
1225202614,002048,宁波华翔,2025,ESG报告,宁波华翔：2025宁波华翔ESG暨环境、社会和公司治理报告,2026-04-28,cninfo,https://www.cninfo.com.cn/new/disclosure/detail?stockCode=002048&announcementId=1225202614&orgId=gssz0002048&announcementTime=1777305600000,宁波华翔：2025宁波华翔<em>ESG</em>暨环境、社会和公司治理<em>报告</em>,finalpage/2026-04-28/1225202614.PDF,https://static.cninfo.com.cn/finalpage/2026-04-28/1225202614.PDF,1225202614.PDF,002048_宁波华翔_2025_ESG报告.pdf,data/raw_pdfs/002048_宁波华翔_2025_ESG报告.pdf,bd163c63e290865c4d3c774306204ab71f357208a1b1bc3ffb4e1238bdc7dc5d,21557665,
1225212559,000628,高新发展,2025,ESG报告,高新发展：成都高新发展股份有限公2025年度环境、社会和公司治理（ESG）报告,2026-04-28,cninfo,https://www.cninfo.com.cn/new/disclosure/detail?stockCode=000628&announcementId=1225212559&orgId=gssz0000628&announcementTime=1777305600000,高新发展：成都高新发展股份有限公2025年度环境、社会和公司治理（<em>ESG</em>）<em>报告</em>,finalpage/2026-04-28/1225212559.PDF,https://static.cninfo.com.cn/finalpage/2026-04-28/1225212559.PDF,1225212559.PDF,000628_高新发展_2025_ESG报告.pdf,data/raw_pdfs/000628_高新发展_2025_ESG报告.pdf,b2386cf4fb8389fe0372a35d3c50d831c12adc0a911d65c6500440607b9b98c9,11548903,
1225252631,920167,同享科技,2025,ESG报告,[临时公告]同享科技:2025年度环境、社会、公司治理（ESG）报告,2026-04-28,cninfo,https://www.cninfo.com.cn/new/disclosure/detail?stockCode=920167&announcementId=1225252631&orgId=gfbj0839167&announcementTime=1777305600000,[临时公告]同享科技:2025年度环境、社会、公司治理（<em>ESG</em>）<em>报告</em>,finalpage/2026-04-28/1225252631.PDF,https://static.cninfo.com.cn/finalpage/2026-04-28/1225252631.PDF,1225252631.PDF,920167_同享科技_2025_ESG报告.pdf,data/raw_pdfs/920167_同享科技_2025_ESG报告.pdf,c2b8517624bed4ae847c468d7d3bab474678e638261e2840b6b8506e5fc11159,17304803,
1225198247,001390,古麒绒材,2025,可持续发展报告,古麒绒材：古麒绒材：2025年度可持续发展（ESG）报告,2026-04-28,cninfo,https://www.cninfo.com.cn/new/disclosure/detail?stockCode=001390&announcementId=1225198247&orgId=gfbj0831908&announcementTime=1777305600000,古麒绒材：古麒绒材：2025年度可持续发展（<em>ESG</em>）<em>报告</em>,finalpage/2026-04-28/1225198247.PDF,https://static.cninfo.com.cn/finalpage/2026-04-28/1225198247.PDF,1225198247.PDF,001390_古麒绒材_2025_可持续发展报告.pdf,data/raw_pdfs/001390_古麒绒材_2025_可持续发展报告.pdf,acb742ba42a6bf965a995d5220322e08e727964504b5e19b89b6a58e50a56908,16000377,
1225199903,000758,中色股份,2025,ESG暨社会责任报告,中色股份：2025年度社会责任暨ESG报告,2026-04-28,cninfo,https://www.cninfo.com.cn/new/disclosure/detail?stockCode=000758&announcementId=1225199903&orgId=gssz0000758&announcementTime=1777305600000,中色股份：2025年度社会责任暨<em>ESG</em><em>报告</em>,finalpage/2026-04-28/1225199903.PDF,https://static.cninfo.com.cn/finalpage/2026-04-28/1225199903.PDF,1225199903.PDF,000758_中色股份_2025_ESG暨社会责任报告.pdf,data/raw_pdfs/000758_中色股份_2025_ESG暨社会责任报告.pdf,c2f9584aacea5ba27596251052d7f2693ba67c1e47397920b9d4fceff9fb5d50,21852102,
1225201602,600021,上海电力,2025,ESG报告,上海电力：上海电力股份有限公司2025年环境、社会和公司治理（ESG）报告,2026-04-28,cninfo,https://www.cninfo.com.cn/new/disclosure/detail?stockCode=600021&announcementId=1225201602&orgId=gssh0600021&announcementTime=1777305600000,上海电力：上海电力股份有限公司2025年环境、社会和公司治理（<em>ESG</em>）<em>报告</em>,finalpage/2026-04-28/1225201602.PDF,https://static.cninfo.com.cn/finalpage/2026-04-28/1225201602.PDF,1225201602.PDF,600021_上海电力_2025_ESG报告.pdf,data/raw_pdfs/600021_上海电力_2025_ESG报告.pdf,328069dea053112fdce22cca440d300c35e9d1dd841a2589dad5bdc1e27dc394,21762804,
1225210066,688728,格科微,2025,ESG报告,格科微：格科微有限公司2025年度环境、社会和公司治理（ESG）报告,2026-04-28,cninfo,https://www.cninfo.com.cn/new/disclosure/detail?stockCode=688728&announcementId=1225210066&orgId=nssc1000731&announcementTime=1777305600000,格科微：格科微有限公司2025年度环境、社会和公司治理（<em>ESG</em>）<em>报告</em>,finalpage/2026-04-28/1225210066.PDF,https://static.cninfo.com.cn/finalpage/2026-04-28/1225210066.PDF,1225210066.PDF,688728_格科微_2025_ESG报告.pdf,data/raw_pdfs/688728_格科微_2025_ESG报告.pdf,039cbdecc14a29c352879cc440439a53ce1c264a1e3a6f77546a5ca328b6406e,14029617,
1225204426,002782,可立克,2025,可持续发展报告,可立克：可立克2025年度可持续发展暨ESG报告,2026-04-28,cninfo,https://www.cninfo.com.cn/new/disclosure/detail?stockCode=002782&announcementId=1225204426&orgId=9900023239&announcementTime=1777305600000,可立克：可立克2025年度可持续发展暨<em>ESG</em><em>报告</em>,finalpage/2026-04-28/1225204426.PDF,https://static.cninfo.com.cn/finalpage/2026-04-28/1225204426.PDF,1225204426.PDF,002782_可立克_2025_可持续发展报告.pdf,data/raw_pdfs/002782_可立克_2025_可持续发展报告.pdf,915094d1c5561212af7aa4a094426560d710223d57f1da499e3ee6b54d7d3cb3,22828257,
1225216709,000968,蓝焰控股,2025,ESG报告,蓝焰控股：2025年环境、社会和公司治理（ESG）报告,2026-04-28,cninfo,https://www.cninfo.com.cn/new/disclosure/detail?stockCode=000968&announcementId=1225216709&orgId=gssz0000968&announcementTime=1777305600000,蓝焰控股：2025年环境、社会和公司治理（<em>ESG</em>）<em>报告</em>,finalpage/2026-04-28/1225216709.PDF,https://static.cninfo.com.cn/finalpage/2026-04-28/1225216709.PDF,1225216709.PDF,000968_蓝焰控股_2025_ESG报告.pdf,data/raw_pdfs/000968_蓝焰控股_2025_ESG报告.pdf,5c4abdbc288198410be2b4a40ec8eb253bbdc58b41eb85bd2372ebdf31863b4d,25474433,
1225220123,688560,明冠新材,2025,ESG报告,明冠新材：明冠新材2025年度环境、社会和公司治理（ESG）报告,2026-04-28,cninfo,https://www.cninfo.com.cn/new/disclosure/detail?stockCode=688560&announcementId=1225220123&orgId=9900037841&announcementTime=1777305600000,明冠新材：明冠新材2025年度环境、社会和公司治理（<em>ESG</em>）<em>报告</em>,finalpage/2026-04-28/1225220123.PDF,https://static.cninfo.com.cn/finalpage/2026-04-28/1225220123.PDF,1225220123.PDF,688560_明冠新材_2025_ESG报告.pdf,data/raw_pdfs/688560_明冠新材_2025_ESG报告.pdf,0b7dec0e73d0d919b0b2ad5b99f0576253b05a48a58533fcef26610da137fdc8,10629139,
1225222378,688515,裕太微,2025,ESG报告,裕太微：2025年度环境、社会及公司治理（ESG）报告,2026-04-28,cninfo,https://www.cninfo.com.cn/new/disclosure/detail?stockCode=688515&announcementId=1225222378&orgId=9900056245&announcementTime=1777305600000,裕太微：2025年度环境、社会及公司治理（<em>ESG</em>）<em>报告</em>,finalpage/2026-04-28/1225222378.PDF,https://static.cninfo.com.cn/finalpage/2026-04-28/1225222378.PDF,1225222378.PDF,688515_裕太微_2025_ESG报告.pdf,data/raw_pdfs/688515_裕太微_2025_ESG报告.pdf,8f78af4a494da2690db607772bbf06e24a6d0f6821c0d227eed0366ec1f63796,20623643,
1225221679,000825,太钢不锈,2025,可持续发展报告,太钢不锈：太钢不锈2025可持续发展（ESG）报告,2026-04-28,cninfo,https://www.cninfo.com.cn/new/disclosure/detail?stockCode=000825&announcementId=1225221679&orgId=gssz0000825&announcementTime=1777305600000,太钢不锈：太钢不锈2025可持续发展（<em>ESG</em>）<em>报告</em>,finalpage/2026-04-28/1225221679.PDF,https://static.cninfo.com.cn/finalpage/2026-04-28/1225221679.PDF,1225221679.PDF,000825_太钢不锈_2025_可持续发展报告.pdf,data/raw_pdfs/000825_太钢不锈_2025_可持续发展报告.pdf,9f8499cd51d92725f02dcb394183650126c0cd9d94b6fb4ede1f82bcd8befab1,11821929,
1225202399,003030,祖名股份,2025,ESG报告,祖名股份：2025年度环境、社会和公司治理（ESG）报告,2026-04-28,cninfo,https://www.cninfo.com.cn/new/disclosure/detail?stockCode=003030&announcementId=1225202399&orgId=gfbj0836494&announcementTime=1777305600000,祖名股份：2025年度环境、社会和公司治理（<em>ESG</em>）<em>报告</em>,finalpage/2026-04-28/1225202399.PDF,https://static.cninfo.com.cn/finalpage/2026-04-28/1225202399.PDF,1225202399.PDF,003030_祖名股份_2025_ESG报告.pdf,data/raw_pdfs/003030_祖名股份_2025_ESG报告.pdf,88c5cbddf678dcd6c3731c4a18e33ddb62417d70995696b511b632fbc085a365,14284708,
1225206969,000881,中广核技,2025,ESG报告,中广核技：2025年度环境、社会和公司治理（ESG）报告,2026-04-28,cninfo,https://www.cninfo.com.cn/new/disclosure/detail?stockCode=000881&announcementId=1225206969&orgId=gssz0000881&announcementTime=1777305600000,中广核技：2025年度环境、社会和公司治理（<em>ESG</em>）<em>报告</em>,finalpage/2026-04-28/1225206969.PDF,https://static.cninfo.com.cn/finalpage/2026-04-28/1225206969.PDF,1225206969.PDF,000881_中广核技_2025_ESG报告.pdf,data/raw_pdfs/000881_中广核技_2025_ESG报告.pdf,6e5bbd50cb5452f4ed91feedd5f47a58a129e277ed75e93fe95fda11f53f5a79,5597469,
1225211322,600480,凌云股份,2025,ESG报告,凌云股份：凌云股份2025年度ESG报告,2026-04-28,cninfo,https://www.cninfo.com.cn/new/disclosure/detail?stockCode=600480&announcementId=1225211322&orgId=gssh0600480&announcementTime=1777305600000,凌云股份：凌云股份2025年度<em>ESG</em><em>报告</em>,finalpage/2026-04-28/1225211322.PDF,https://static.cninfo.com.cn/finalpage/2026-04-28/1225211322.PDF,1225211322.PDF,600480_凌云股份_2025_ESG报告.pdf,data/raw_pdfs/600480_凌云股份_2025_ESG报告.pdf,740c76cae9b2f30a5dc94e7a2e16bf964c68f73880e4b301ea6e178ba41dcdbd,22050779,
1225208438,300832,新产业,2025,ESG报告,新产业：2025年度环境、社会和公司治理(ESG)报告（中文）,2026-04-28,cninfo,https://www.cninfo.com.cn/new/disclosure/detail?stockCode=300832&announcementId=1225208438&orgId=9900027265&announcementTime=1777305600000,新产业：2025年度环境、社会和公司治理(<em>ESG</em>)<em>报告</em>（中文）,finalpage/2026-04-28/1225208438.PDF,https://static.cninfo.com.cn/finalpage/2026-04-28/1225208438.PDF,1225208438.PDF,300832_新产业_2025_ESG报告.pdf,data/raw_pdfs/300832_新产业_2025_ESG报告.pdf,366a4234b143ddf9deef0445a747a69b77309b77b93f9280f39be3191caa8eef,9146282,
1225215095,000526,学大教育,2025,ESG报告,学大教育：2025年度环境、社会及公司治理（ESG）报告,2026-04-28,cninfo,https://www.cninfo.com.cn/new/disclosure/detail?stockCode=000526&announcementId=1225215095&orgId=gssz0000526&announcementTime=1777305600000,学大教育：2025年度环境、社会及公司治理（<em>ESG</em>）<em>报告</em>,finalpage/2026-04-28/1225215095.PDF,https://static.cninfo.com.cn/finalpage/2026-04-28/1225215095.PDF,1225215095.PDF,000526_学大教育_2025_ESG报告.pdf,data/raw_pdfs/000526_学大教育_2025_ESG报告.pdf,29b4930a12f5d3889486a78f0e3fd040d1c715e731a70eb00b421d8c9734e2d0,3013175,
1225252463,920122,中纺标,2025,ESG报告,[临时公告]中纺标:2025年度环境、社会和公司治理(ESG)报告,2026-04-28,cninfo,https://www.cninfo.com.cn/new/disclosure/detail?stockCode=920122&announcementId=1225252463&orgId=gfbj0873122&announcementTime=1777305600000,[临时公告]中纺标:2025年度环境、社会和公司治理(<em>ESG</em>)<em>报告</em>,finalpage/2026-04-28/1225252463.PDF,https://static.cninfo.com.cn/finalpage/2026-04-28/1225252463.PDF,1225252463.PDF,920122_中纺标_2025_ESG报告.pdf,data/raw_pdfs/920122_中纺标_2025_ESG报告.pdf,bede4449e62b5c967091766defc35a7da7172dfd1a830fd0b5c82f3991420dcc,6424869,
1225213386,002627,三峡旅游,2025,ESG报告,三峡旅游：2025年度ESG报告,2026-04-28,cninfo,https://www.cninfo.com.cn/new/disclosure/detail?stockCode=002627&announcementId=1225213386&orgId=9900021537&announcementTime=1777305600000,三峡旅游：2025年度<em>ESG</em><em>报告</em>,finalpage/2026-04-28/1225213386.PDF,https://static.cninfo.com.cn/finalpage/2026-04-28/1225213386.PDF,1225213386.PDF,002627_三峡旅游_2025_ESG报告.pdf,data/raw_pdfs/002627_三峡旅游_2025_ESG报告.pdf,1392a31caf6ba07bb0ec5ca62490567b541f5e4e301fbd2d7f75c510355bd061,16843078,
1225247888,920665,科强股份,2025,ESG报告,[临时公告]科强股份:2025年度环境、社会和公司治理(ESG)报告,2026-04-28,cninfo,https://www.cninfo.com.cn/new/disclosure/detail?stockCode=920665&announcementId=1225247888&orgId=gfbj0872059&announcementTime=1777305600000,[临时公告]科强股份:2025年度环境、社会和公司治理(<em>ESG</em>)<em>报告</em>,finalpage/2026-04-28/1225247888.PDF,https://static.cninfo.com.cn/finalpage/2026-04-28/1225247888.PDF,1225247888.PDF,920665_科强股份_2025_ESG报告.pdf,data/raw_pdfs/920665_科强股份_2025_ESG报告.pdf,ffc8e2ec05226d72e483b82a625e4fc6e5a633f181a233d3fca41fd81c42a848,22590625,
1225248330,920029,开发科技,2025,ESG报告,[临时公告]开发科技:2025年度环境、社会及治理（ESG）报告,2026-04-28,cninfo,https://www.cninfo.com.cn/new/disclosure/detail?stockCode=920029&announcementId=1225248330&orgId=gfbj0873879&announcementTime=1777305600000,[临时公告]开发科技:2025年度环境、社会及治理（<em>ESG</em>）<em>报告</em>,finalpage/2026-04-28/1225248330.PDF,https://static.cninfo.com.cn/finalpage/2026-04-28/1225248330.PDF,1225248330.PDF,920029_开发科技_2025_ESG报告.pdf,data/raw_pdfs/920029_开发科技_2025_ESG报告.pdf,49b5f7c6fb2c0d6cbb36e199377c790ac75848f0ff48c30f948516e9c75ed927,27468742,
1225222879,600759,ST洲际,2025,ESG报告,洲际油气：洲际油气股份有限公司2025环境、社会及治理（ESG）报告,2026-04-28,cninfo,https://www.cninfo.com.cn/new/disclosure/detail?stockCode=600759&announcementId=1225222879&orgId=gssh0600759&announcementTime=1777305600000,洲际油气：洲际油气股份有限公司2025环境、社会及治理（<em>ESG</em>）<em>报告</em>,finalpage/2026-04-28/1225222879.PDF,https://static.cninfo.com.cn/finalpage/2026-04-28/1225222879.PDF,1225222879.PDF,600759_ST洲际_2025_ESG报告.pdf,data/raw_pdfs/600759_ST洲际_2025_ESG报告.pdf,c59382a19dc23db60b40ca0e745cbf4360ea5e68e4a8e8d27e6f9dd15a4cc7ac,25629800,
1225206410,603082,北自科技,2025,ESG报告,北自科技：2025年度环境、社会和公司治理(ESG）报告,2026-04-28,cninfo,https://www.cninfo.com.cn/new/disclosure/detail?stockCode=603082&announcementId=1225206410&orgId=9900053997&announcementTime=1777305600000,北自科技：2025年度环境、社会和公司治理(<em>ESG</em>）<em>报告</em>,finalpage/2026-04-28/1225206410.PDF,https://static.cninfo.com.cn/finalpage/2026-04-28/1225206410.PDF,1225206410.PDF,603082_北自科技_2025_ESG报告.pdf,data/raw_pdfs/603082_北自科技_2025_ESG报告.pdf,1f43c10c069ec7815e22841c4ce25e335632a43b1b4f025037a5a07025e0ab44,14242462,
1225202043,002849,威星智能,2025,ESG报告,威星智能：2025年环境、社会及治理（ESG）报告,2026-04-28,cninfo,https://www.cninfo.com.cn/new/disclosure/detail?stockCode=002849&announcementId=1225202043&orgId=9900033359&announcementTime=1777305600000,威星智能：2025年环境、社会及治理（<em>ESG</em>）<em>报告</em>,finalpage/2026-04-28/1225202043.PDF,https://static.cninfo.com.cn/finalpage/2026-04-28/1225202043.PDF,1225202043.PDF,002849_威星智能_2025_ESG报告.pdf,data/raw_pdfs/002849_威星智能_2025_ESG报告.pdf,15371198a81d0f73a97c587ad1cb3ba072bf1336fbef51e9883e1544902aff12,17147526,
1225210511,688015,交控科技,2025,ESG暨社会责任报告,交控科技：交控科技股份有限公司2025年度社会责任暨环境、社会及治理(ESG)报告,2026-04-28,cninfo,https://www.cninfo.com.cn/new/disclosure/detail?stockCode=688015&announcementId=1225210511&orgId=9900038993&announcementTime=1777305600000,交控科技：交控科技股份有限公司2025年度社会责任暨环境、社会及治理(<em>ESG</em>)<em>报告</em>,finalpage/2026-04-28/1225210511.PDF,https://static.cninfo.com.cn/finalpage/2026-04-28/1225210511.PDF,1225210511.PDF,688015_交控科技_2025_ESG暨社会责任报告.pdf,data/raw_pdfs/688015_交控科技_2025_ESG暨社会责任报告.pdf,9d99123e71cfec2d04e79f563bd060192f16751c6c56fadda0144af80c342f34,5886347,
1225214164,301308,江波龙,2025,ESG报告,江波龙：2025年度环境、社会与公司治理（ESG）报告,2026-04-28,cninfo,https://www.cninfo.com.cn/new/disclosure/detail?stockCode=301308&announcementId=1225214164&orgId=9900048787&announcementTime=1777305600000,江波龙：2025年度环境、社会与公司治理（<em>ESG</em>）<em>报告</em>,finalpage/2026-04-28/1225214164.PDF,https://static.cninfo.com.cn/finalpage/2026-04-28/1225214164.PDF,1225214164.PDF,301308_江波龙_2025_ESG报告.pdf,data/raw_pdfs/301308_江波龙_2025_ESG报告.pdf,b316b53d1fab0c9ec763fe8012233fa74e1cfe0a2ec03ffe1ebe299c0fbe342b,27504375,
1225220575,600737,中粮糖业,2025,ESG报告,中粮糖业：中粮糖业控股股份有限公司2025年度环境、社会及治理（ESG）报告,2026-04-28,cninfo,https://www.cninfo.com.cn/new/disclosure/detail?stockCode=600737&announcementId=1225220575&orgId=gssh0600737&announcementTime=1777305600000,中粮糖业：中粮糖业控股股份有限公司2025年度环境、社会及治理（<em>ESG</em>）<em>报告</em>,finalpage/2026-04-28/1225220575.PDF,https://static.cninfo.com.cn/finalpage/2026-04-28/1225220575.PDF,1225220575.PDF,600737_中粮糖业_2025_ESG报告.pdf,data/raw_pdfs/600737_中粮糖业_2025_ESG报告.pdf,7bb6f9fa8a36dbbdb968d4d76c7c5d0700907b658343bfd603842a97a76b9f92,24668361,
1225224560,920299,灿能电力,2025,可持续发展报告,[临时公告]灿能电力:2025年度可持续发展（ESG）报告,2026-04-28,cninfo,https://www.cninfo.com.cn/new/disclosure/detail?stockCode=920299&announcementId=1225224560&orgId=gfbj0870299&announcementTime=1777305600000,[临时公告]灿能电力:2025年度可持续发展（<em>ESG</em>）<em>报告</em>,finalpage/2026-04-28/1225224560.PDF,https://static.cninfo.com.cn/finalpage/2026-04-28/1225224560.PDF,1225224560.PDF,920299_灿能电力_2025_可持续发展报告.pdf,data/raw_pdfs/920299_灿能电力_2025_可持续发展报告.pdf,50000d719c9f3a0c5b32ca2f2b18cd798933162fda119b0b32861acfd2753f2e,7369426,
1225250166,920019,铜冠矿建,2025,ESG报告,[临时公告]铜冠矿建:2025年度环境、社会及公司治理（ESG）报告,2026-04-28,cninfo,https://www.cninfo.com.cn/new/disclosure/detail?stockCode=920019&announcementId=1225250166&orgId=nssc1000257&announcementTime=1777305600000,[临时公告]铜冠矿建:2025年度环境、社会及公司治理（<em>ESG</em>）<em>报告</em>,finalpage/2026-04-28/1225250166.PDF,https://static.cninfo.com.cn/finalpage/2026-04-28/1225250166.PDF,1225250166.PDF,920019_铜冠矿建_2025_ESG报告.pdf,data/raw_pdfs/920019_铜冠矿建_2025_ESG报告.pdf,23eefba04e0892e53d9c93d4f5635e1bf723a11b0fb9b7a484d4408911246b07,22886824,
1225200488,605488,福莱新材,2025,ESG报告,福莱新材：福莱新材2025年度环境、社会和公司治理（ESG）报告,2026-04-28,cninfo,https://www.cninfo.com.cn/new/disclosure/detail?stockCode=605488&announcementId=1225200488&orgId=nssc1000227&announcementTime=1777305600000,福莱新材：福莱新材2025年度环境、社会和公司治理（<em>ESG</em>）<em>报告</em>,finalpage/2026-04-28/1225200488.PDF,https://static.cninfo.com.cn/finalpage/2026-04-28/1225200488.PDF,1225200488.PDF,605488_福莱新材_2025_ESG报告.pdf,data/raw_pdfs/605488_福莱新材_2025_ESG报告.pdf,4ccbe880d812309354ddf37d72b9fcdb4a6bd7bb404bc0bced08592930e7df69,26573980,
1225201109,603979,金诚信,2025,ESG报告,金诚信：金诚信2025年环境、社会和治理（ESG）报告,2026-04-28,cninfo,https://www.cninfo.com.cn/new/disclosure/detail?stockCode=603979&announcementId=1225201109&orgId=9900024796&announcementTime=1777305600000,金诚信：金诚信2025年环境、社会和治理（<em>ESG</em>）<em>报告</em>,finalpage/2026-04-28/1225201109.PDF,https://static.cninfo.com.cn/finalpage/2026-04-28/1225201109.PDF,1225201109.PDF,603979_金诚信_2025_ESG报告.pdf,data/raw_pdfs/603979_金诚信_2025_ESG报告.pdf,967a1bd04a4499f9590382fbd82bb00c03bc8098c532bd45f91b87768384ce14,18484780,
1225204512,688690,纳微科技,2025,ESG报告,纳微科技：苏州纳微科技股份有限公司2025年环境、社会及治理（ESG）报告,2026-04-28,cninfo,https://www.cninfo.com.cn/new/disclosure/detail?stockCode=688690&announcementId=1225204512&orgId=nssc1000188&announcementTime=1777305600000,纳微科技：苏州纳微科技股份有限公司2025年环境、社会及治理（<em>ESG</em>）<em>报告</em>,finalpage/2026-04-28/1225204512.PDF,https://static.cninfo.com.cn/finalpage/2026-04-28/1225204512.PDF,1225204512.PDF,688690_纳微科技_2025_ESG报告.pdf,data/raw_pdfs/688690_纳微科技_2025_ESG报告.pdf,6571220b5c265ab0f8434bb08a0b3670ccda980e334d6aaafe63a93914c56a4e,18608040,
1225207942,603257,中国瑞林,2025,ESG报告,中国瑞林：中国瑞林工程技术股份有限公司2025年度环境、社会与公司治理（ESG）报告,2026-04-28,cninfo,https://www.cninfo.com.cn/new/disclosure/detail?stockCode=603257&announcementId=1225207942&orgId=9900041620&announcementTime=1777305600000,中国瑞林：中国瑞林工程技术股份有限公司2025年度环境、社会与公司治理（<em>ESG</em>）<em>报告</em>,finalpage/2026-04-28/1225207942.PDF,https://static.cninfo.com.cn/finalpage/2026-04-28/1225207942.PDF,1225207942.PDF,603257_中国瑞林_2025_ESG报告.pdf,data/raw_pdfs/603257_中国瑞林_2025_ESG报告.pdf,abdb01a1c2fbce327cf57eb47eaab004d9202cc7e79ed3c6fa5d7ba31528eed2,32413030,
1225214412,600456,宝钛股份,2025,ESG报告,宝钛股份：宝鸡钛业股份有限公司2025年环境、社会和治理(ESG)报告,2026-04-28,cninfo,https://www.cninfo.com.cn/new/disclosure/detail?stockCode=600456&announcementId=1225214412&orgId=gssh0600456&announcementTime=1777305600000,宝钛股份：宝鸡钛业股份有限公司2025年环境、社会和治理(<em>ESG</em>)<em>报告</em>,finalpage/2026-04-28/1225214412.PDF,https://static.cninfo.com.cn/finalpage/2026-04-28/1225214412.PDF,1225214412.PDF,600456_宝钛股份_2025_ESG报告.pdf,data/raw_pdfs/600456_宝钛股份_2025_ESG报告.pdf,8a6fbc37f6bf802ea250fe0449cbac7c26ad8dd5f163fd45b6528dd8c3ab15e4,28506549,
1225219219,688261,东微半导,2026,ESG报告,东微半导：苏州东微半导体股份有限公司环境、社会和公司治理(ESG)报告,2026-04-28,cninfo,https://www.cninfo.com.cn/new/disclosure/detail?stockCode=688261&announcementId=1225219219&orgId=9900048069&announcementTime=1777305600000,东微半导：苏州东微半导体股份有限公司环境、社会和公司治理(<em>ESG</em>)<em>报告</em>,finalpage/2026-04-28/1225219219.PDF,https://static.cninfo.com.cn/finalpage/2026-04-28/1225219219.PDF,1225219219.PDF,688261_东微半导_2026_ESG报告.pdf,data/raw_pdfs/688261_东微半导_2026_ESG报告.pdf,e663f1a35f80e83f6a44da50456a4e83b9822d3b07edac24db632a6cdaed42e8,15859518,
1225219192,603272,*ST联翔,2025,ESG暨社会责任报告,联翔股份：2025年度环境、社会及治理（ESG）暨社会责任报告,2026-04-28,cninfo,https://www.cninfo.com.cn/new/disclosure/detail?stockCode=603272&announcementId=1225219192&orgId=nssc1000337&announcementTime=1777305600000,联翔股份：2025年度环境、社会及治理（<em>ESG</em>）暨社会责任<em>报告</em>,finalpage/2026-04-28/1225219192.PDF,https://static.cninfo.com.cn/finalpage/2026-04-28/1225219192.PDF,1225219192.PDF,603272_ST联翔_2025_ESG暨社会责任报告.pdf,data/raw_pdfs/603272_ST联翔_2025_ESG暨社会责任报告.pdf,ac576e042eb9c5b39793ffd5f6e7e5a3d225ac6910dbcf32ffd389f65ea8a652,6726830,
1225208209,688128,中国电研,2025,ESG报告,中国电研：中国电研2025年度环境、社会和公司治理(ESG)报告,2026-04-28,cninfo,https://www.cninfo.com.cn/new/disclosure/detail?stockCode=688128&announcementId=1225208209&orgId=GD087820&announcementTime=1777305600000,中国电研：中国电研2025年度环境、社会和公司治理(<em>ESG</em>)<em>报告</em>,finalpage/2026-04-28/1225208209.PDF,https://static.cninfo.com.cn/finalpage/2026-04-28/1225208209.PDF,1225208209.PDF,688128_中国电研_2025_ESG报告.pdf,data/raw_pdfs/688128_中国电研_2025_ESG报告.pdf,7dc2f0d63b8311a9de29ee51481c5afc779fc9d0c4902877c202237aa8d905b5,16306397,
1225208587,600874,创业环保,2025,可持续发展报告,创业环保：创业环保2025年可持续发展暨环境、社会及管治（ESG）报告,2026-04-28,cninfo,https://www.cninfo.com.cn/new/disclosure/detail?stockCode=600874&announcementId=1225208587&orgId=gssh0600874&announcementTime=1777305600000,创业环保：创业环保2025年可持续发展暨环境、社会及管治（<em>ESG</em>）<em>报告</em>,finalpage/2026-04-28/1225208587.PDF,https://static.cninfo.com.cn/finalpage/2026-04-28/1225208587.PDF,1225208587.PDF,600874_创业环保_2025_可持续发展报告.pdf,data/raw_pdfs/600874_创业环保_2025_可持续发展报告.pdf,605ac26242d1ba3c8985b86803682c10f670b1613ad558b3e328d9dcde674c98,10276524,
1225216761,000922,佳电股份,2026,ESG报告,佳电股份：佳电股份ESG报告鉴证声明-中文,2026-04-28,cninfo,https://www.cninfo.com.cn/new/disclosure/detail?stockCode=000922&announcementId=1225216761&orgId=gssz0000922&announcementTime=1777305600000,佳电股份：佳电股份<em>ESG</em><em>报告</em>鉴证声明-中文,finalpage/2026-04-28/1225216761.PDF,https://static.cninfo.com.cn/finalpage/2026-04-28/1225216761.PDF,1225216761.PDF,000922_佳电股份_2026_ESG报告.pdf,data/raw_pdfs/000922_佳电股份_2026_ESG报告.pdf,d2297fbdfb0207d290f680cb0f637746d49dbbc37a96f488c458ef28c412f690,174015,
1225205805,601975,招商南油,2025,ESG报告,招商南油：招商南油2025年度环境、社会和公司治理（ESG）报告,2026-04-28,cninfo,https://www.cninfo.com.cn/new/disclosure/detail?stockCode=601975&announcementId=1225205805&orgId=gssh0600087&announcementTime=1777305600000,招商南油：招商南油2025年度环境、社会和公司治理（<em>ESG</em>）<em>报告</em>,finalpage/2026-04-28/1225205805.PDF,https://static.cninfo.com.cn/finalpage/2026-04-28/1225205805.PDF,1225205805.PDF,601975_招商南油_2025_ESG报告.pdf,data/raw_pdfs/601975_招商南油_2025_ESG报告.pdf,d63ed5b6058ca5d3b7f9da1ecb2d49ddd9231384a08c8b6065be4a203bd16d2c,30095258,
1225212077,000598,兴蓉环境,2025,ESG报告,兴蓉环境：2025年度环境、社会及公司治理（ESG）报告,2026-04-28,cninfo,https://www.cninfo.com.cn/new/disclosure/detail?stockCode=000598&announcementId=1225212077&orgId=gssz0000598&announcementTime=1777305600000,兴蓉环境：2025年度环境、社会及公司治理（<em>ESG</em>）<em>报告</em>,finalpage/2026-04-28/1225212077.PDF,https://static.cninfo.com.cn/finalpage/2026-04-28/1225212077.PDF,1225212077.PDF,000598_兴蓉环境_2025_ESG报告.pdf,data/raw_pdfs/000598_兴蓉环境_2025_ESG报告.pdf,6324e0cca28c550b3df3763b818e9733e9a6a06159eacfc93df429ec2d0d9899,11103375,
1225215470,603399,永杉锂业,2025,可持续发展报告,永杉锂业：永杉锂业2025年可持续发展(ESG)报告,2026-04-28,cninfo,https://www.cninfo.com.cn/new/disclosure/detail?stockCode=603399&announcementId=1225215470&orgId=9900023227&announcementTime=1777305600000,永杉锂业：永杉锂业2025年可持续发展(<em>ESG</em>)<em>报告</em>,finalpage/2026-04-28/1225215470.PDF,https://static.cninfo.com.cn/finalpage/2026-04-28/1225215470.PDF,1225215470.PDF,603399_永杉锂业_2025_可持续发展报告.pdf,data/raw_pdfs/603399_永杉锂业_2025_可持续发展报告.pdf,635b40b44c143530f9b64c0726bcb1540f62f58d340da69cee09b363544ab6d4,14762725,
