report_id,indicator_id,quote_changed,original_evidence_quote,final_evidence_quote,value_origin,unit_origin,derivation_method,derivation_expression,derivation_inputs_json,review_kind,reviewed_at
000016_深康佳Ａ_2025_ESG报告,e_waste_total,True,"一般废弃物产生量 | 18,725.42吨 危险废弃物产生量 | 3,851吨","一般废弃物产生量 | 18,725.42吨 
危险废弃物产生量 | 3,851吨",derived,direct,aggregation_of_disclosed_components,证据明确列出一般及危险废弃物产生量，求和得总量。,"{""numeric_tokens"":[""18,725.42"",""3,851""],""evidence_quote"":""一般废弃物产生量 | 18,725.42吨 \n危险废弃物产生量 | 3,851吨""}",deterministic_canonical_hardening,2026-08-24T13:35:14.356040+00:00
000016_深康佳Ａ_2025_ESG报告,e_air_pollutants,True,二氧化硫排放量 | 0.49吨 | ↓48.45% 氮氧化物排放量 | 32.57吨 | ↓3.21% 烟(粉)尘排放量 | 3.18吨 | ↑0.95% 挥发性有机物排放量 | 13.64吨 | ↓12.44%,"二氧化硫排放量 | 0.49吨 | ↓48.45% 
氮氧化物排放量 | 32.57吨 | ↓3.21% 
烟(粉)尘排放量 | 3.18吨 | ↑0.95% 
挥发性有机物排放量 | 13.64吨 | ↓12.44%",direct,direct,,,,deterministic_canonical_hardening,2026-08-24T13:35:14.356040+00:00
000016_深康佳Ａ_2025_ESG报告,g_tax_transparency,True,关键指标 | 单位 | 2023年 | 2024年 | 2025年 治理绩效 纳税总额 | 亿元 | 5.45 | 4.52 | 2.81,"关键指标 | 单位 | 2023年 | 2024年 | 2025年 
治理绩效 
纳税总额 | 亿元 | 5.45 | 4.52 | 2.81",,,,,,deterministic_canonical_hardening,2026-08-24T13:35:14.356040+00:00
000158_常山北明_2025_ESG报告,s_patents,True,- 立项研发项目 113 项 - 新增授权发明专利5件，其中实用新型专利1件,"立项研发项目 113 项
- 新增授权发明专利5件，其中实用新型专利1件",direct,direct,,,,deterministic_canonical_hardening,2026-08-24T13:35:14.356040+00:00
000158_常山北明_2025_ESG报告,g_independent_director_ratio,False,按类型 | 独立董事 | 名 | 4,按类型 | 独立董事 | 名 | 4,derived,normalized_or_inferred,ratio_from_disclosed_counts_or_fraction,证据明确给出2025年董事总数11名及独立董事4名，可计算占比。,"{""numeric_tokens"":[""4""],""evidence_quote"":""按类型 | 独立董事 | 名 | 4""}",deterministic_canonical_hardening,2026-08-24T13:35:14.356040+00:00
000158_常山北明_2025_ESG报告,g_board_diversity,True,按性别 | 男性董事 | 名 | 9 | 8 | 8 女性董事 | 名 | 2 | 2 | 3,"按性别 | 男性董事 | 名 | 9 | 8 | 8 
女性董事 | 名 | 2 | 2 | 3",direct,direct,,,,deterministic_canonical_hardening,2026-08-24T13:35:14.356040+00:00
000158_常山北明_2025_ESG报告,g_anti_corruption,True,治理维度下利益相关方沟通、反商业贿赂及反贪污、反不正当竞争等议题的核心指标覆盖率最高，均达100%。,治理维度下利益相关方沟通、反商业贿赂及反贪污、反不正当竞争等议题的核心指标覆盖率最高，均达100%,,,,,,deterministic_canonical_hardening,2026-08-24T13:35:14.356040+00:00
000403_派林生物_2025_ESG报告,e_air_pollutants,True,"废气排放类型 | 单位 | 2025年排放量 | 2024年排放量 氮氧化物NOx | 千克 | 5,191.27 | 3,038.25","废气排放类型 | 单位 | 2025年排放量 | 2024年排放量 
氮氧化物NOx | 千克 | 5,191.27 | 3,038.25",direct,direct,,,,deterministic_canonical_hardening,2026-08-24T13:35:14.356040+00:00
000403_派林生物_2025_ESG报告,s_employee_total,False,"员工总数 | 2,755 | 2,635","员工总数 | 2,755 | 2,635",direct,normalized_or_inferred,,,,deterministic_canonical_hardening,2026-08-24T13:35:14.356040+00:00
000503_国新健康_2025_ESG报告,e_climate_risk,True,"风险类型 | 气候风险因子 | 风险描述 | 风险应对 物理风险 | 急性物理风险 | 暴雨、暴雪、台风等极端天气现象将对公司设备的运行等产生消极影响,公司将面临资产损失或业务中断情况。 | ·密切关注灾害性天气,制定科学有效的灾害应急预案,加强应急预案和应急处理能力的建设;·定期对相关设备设施进行检查与维护,保障其抵御或降低自然灾害冲击的能力。","风险类型 | 气候风险因子 | 风险描述 | 风险应对 
物理风险 | 急性物理风险 | 暴雨、暴雪、台风等极端天气现象将对公司设备的运行等产生消极影响,公司将面临资产损失或业务中断情况。 | ·密切关注灾害性天气,制定科学有效的灾害应急预案,加强应急预案和应急处理能力的建设;·定期对相关设备设施进行检查与维护,保障其抵御或降低自然灾害冲击的能力",,,,,,deterministic_canonical_hardening,2026-08-24T13:35:14.356040+00:00
000503_国新健康_2025_ESG报告,e_water_total,True,"指标 | 单位 | 2024年 | 2025年 总耗水量 | 吨 | 2,400.71 | 2,403","指标 | 单位 | 2024年 | 2025年 
总耗水量 | 吨 | 2,400.71 | 2,403",direct,direct,,,,deterministic_canonical_hardening,2026-08-24T13:35:14.356040+00:00
000503_国新健康_2025_ESG报告,g_independent_director_ratio,False,公司董事会由9名董事构成。其中，非独立董事6名，独立董事3名；女性董事3名，占比33%。,公司董事会由9名董事构成。其中，非独立董事6名，独立董事3名；女性董事3名，占比33%。,derived,direct,ratio_from_disclosed_counts_or_fraction,证据明确给出董事总数9人及独立董事3人，可计算占比。,"{""numeric_tokens"":[""9"",""6"",""3"",""3"",""33%""],""evidence_quote"":""公司董事会由9名董事构成。其中，非独立董事6名，独立董事3名；女性董事3名，占比33%。""}",deterministic_canonical_hardening,2026-08-24T13:35:14.356040+00:00
000503_国新健康_2025_ESG报告,g_investor_relations,True,国新健康投资者关系管理遵循合规性原则、主动性原则、平等性原则和诚实守信原则，建立与投资者有效、多元的沟通渠道，与投资者之间形成良好沟通机制。,国新健康投资者关系管理遵循合规性原则、主动性原则、平等性原则和诚实守信原则，建立与投资者有效、多元的沟通渠道，与投资者之间形成良好沟通机制,,,,,,deterministic_canonical_hardening,2026-08-24T13:35:14.356040+00:00
000526_学大教育_2025_ESG报告,e_carbon_management,True,公司将结合业务发展实际，逐步探索并完善温室气体管理机制，稳步提升能源利用效率。在此基础上，持续推动技术创新与管理优化，适时推进减排举措落地。,公司将结合业务发展实际，逐步探索并完善温室气体管理机制，稳步提升能源利用效率。在此基础上，持续推动技术创新与管理优化，适时推进减排举措落地,,,,,,deterministic_canonical_hardening,2026-08-24T13:35:14.356040+00:00
000526_学大教育_2025_ESG报告,e_biodiversity,True,生物多样性2016 304-1 | 组织在位于或邻近保护区和保护区外的生物多样性丰富区域拥有、租赁、管理的运营点 | 不涉及 304-2 | 活动、产品和服务对生物多样性的重大影响 | 不涉及,"生物多样性2016 
304-1 | 组织在位于或邻近保护区和保护区外的生物多样性丰富区域拥有、租赁、管理的运营点 | 不涉及 
304-2 | 活动、产品和服务对生物多样性的重大影响 | 不涉及",,,,,,deterministic_canonical_hardening,2026-08-24T13:35:14.356040+00:00
000526_学大教育_2025_ESG报告,g_board_size,False,截至报告期末，公司董事会共由8名董事组成，其中独立董事3名、女性董事2名、职工代表董事1名。,截至报告期末，公司董事会共由8名董事组成，其中独立董事3名、女性董事2名、职工代表董事1名。,direct,normalized_or_inferred,,,,deterministic_canonical_hardening,2026-08-24T13:35:14.356040+00:00
000526_学大教育_2025_ESG报告,g_board_diversity,True,女性董事数量 | 人 | 1 | 2 女性董事数量占比 | % | 14.29 | 25.00,"女性董事数量 | 人 | 1 | 2 
女性董事数量占比 | % | 14.29 | 25.00",direct,direct,,,,deterministic_canonical_hardening,2026-08-24T13:35:14.356040+00:00
000526_学大教育_2025_ESG报告,g_esg_governance,True,公司建立了层次清晰、分工明确的ESG治理架构，明确决策层、管理层及执行层的各项职责，助力公司自上而下高效地推进可持续发展工作。,公司建立了层次清晰、分工明确的ESG治理架构，明确决策层、管理层及执行层的各项职责，助力公司自上而下高效地推进可持续发展工作,,,,,,deterministic_canonical_hardening,2026-08-24T13:35:14.356040+00:00
000537_绿发电力_2025_ESG报告,e_green_office,True,公司利用视频会议系统、电子会议系统等手段召开会议，优化内部流程和审批机制，推广使用在线审批，以减少纸质文档的传递和审批时间，并定期开展无纸化办公的培训课程。,公司利用视频会议系统、电子会议系统等手段召开会议，优化内部流程和审批机制，推广使用在线审批，以减少纸质文档的传递和审批时间，并定期开展无纸化办公的培训课程,,,,,,deterministic_canonical_hardening,2026-08-24T13:35:14.356040+00:00
000537_绿发电力_2025_ESG报告,g_investor_relations,True,系统构建专业化、常态化的投资者关系管理体系。通过及时、公平、充分的信息披露和多元高效的沟通渠道，切实保障全体股东特别是中小投资者的知情权和决策权。,"系统构建专业化、常态化的投资者关系管理体系。
通过及时、公平、充分的信息披露和多元高效的沟通渠道，切实保障全体股东特别是中小投资者的知情权和决策权",,,,,,deterministic_canonical_hardening,2026-08-24T13:35:14.356040+00:00
000537_绿发电力_2025_ESG报告,s_training,True,"员工平均培训时长 | 小时 | 89.31 | 81 员工培训参与人数 | 人次 | / | 7,571 员工培训覆盖率 | % | / | 100","员工平均培训时长 | 小时 | 89.31 | 81 
员工培训参与人数 | 人次 | / | 7,571 
员工培训覆盖率 | % | / | 100",direct,direct,,,,deterministic_canonical_hardening,2026-08-24T13:35:14.356040+00:00
000547_航天发展_2025_ESG报告,e_air_pollutants,True,"废气排放总量 | 立方米 | 19,380.00 | 22,900.00 | 32,521.00 氮氧化物排放总量 | 毫克 | 9,615,000.00 | 8,179,000.00 | 11,619,200.00","废气排放总量 | 立方米 | 19,380.00 | 22,900.00 | 32,521.00 
氮氧化物排放总量 | 毫克 | 9,615,000.00 | 8,179,000.00 | 11,619,200.00",direct,direct,,,,deterministic_canonical_hardening,2026-08-24T13:35:14.356040+00:00
000547_航天发展_2025_ESG报告,s_employee_rights,True,建立常态化的员工沟通机制，公司领导定期与一线员工面对面交流，听取意见建议。设立合理化建议平台，对采纳的建议给予表彰和奖励。,"建立常态化的员工沟通机制，公司领导定期与一线员工面对面交流，听取意见建议。
- 设立合理化建议平台，对采纳的建议给予表彰和奖励",,,,,,deterministic_canonical_hardening,2026-08-24T13:35:14.356040+00:00
000547_航天发展_2025_ESG报告,s_supplier,True,公司严格遵守供应商管理相关法律法规，结合自身业务需求制定了《采购管理办法》《供应商管理办法》《招投标管理办法》等制度文件，建立了明确的供应商管理组织架构。,公司严格遵守供应商管理相关法律法规，结合自身业务需求制定了《采购管理办法》《供应商管理办法》《招投标管理办法》等制度文件，建立了明确的供应商管理组织架构,,,,,,deterministic_canonical_hardening,2026-08-24T13:35:14.356040+00:00
000547_航天发展_2025_ESG报告,g_independent_director_ratio,False,董事会现由9名董事组成，其中独立董事3人，女性董事2人，独立董事占比达到三分之一,董事会现由9名董事组成，其中独立董事3人，女性董事2人，独立董事占比达到三分之一,derived,normalized_or_inferred,ratio_from_disclosed_counts_or_fraction,证据明确给出董事总数及独董人数，占比三分之一即33.33%。,"{""numeric_tokens"":[""9"",""3"",""2""],""evidence_quote"":""董事会现由9名董事组成，其中独立董事3人，女性董事2人，独立董事占比达到三分之一""}",deterministic_canonical_hardening,2026-08-24T13:35:14.356040+00:00
000547_航天发展_2025_ESG报告,g_stakeholder_communication,True,- 面向外部利益相关方及公司内部发放 ESG 重要性议题调研问卷； - 多渠道收集各方对关键议题的关注重点与期望； - 结合访谈沟通与数据分析，评估议题对企业运营及利益相关方的影响程度。,"面向外部利益相关方及公司内部发放 ESG 重要性议题调研问卷；
- 多渠道收集各方对关键议题的关注重点与期望；
- 结合访谈沟通与数据分析，评估议题对企业运营及利益相关方的影响程度",,,,,,deterministic_canonical_hardening,2026-08-24T13:35:14.356040+00:00
000557_西部创业_2025_可持续发展报告,e_water_total,True,"一级指标 | 二级指标 | 三级指标 | 单位 | 2024年 | 2025年 资源利用 | 水资源利用 | 总用水量 | 吨 | 154,443.00 | 159,764.00","一级指标 | 二级指标 | 三级指标 | 单位 | 2024年 | 2025年 
资源利用 | 水资源利用 | 总用水量 | 吨 | 154,443.00 | 159,764.00",direct,direct,,,,deterministic_canonical_hardening,2026-08-24T13:35:14.356040+00:00
000557_西部创业_2025_可持续发展报告,g_board_diversity,False,2025年，董事会由10名董事组成，其中独立董事4名，女性董事1名，专业覆盖铁路运输、财务、法律、投融资等领域。,2025年，董事会由10名董事组成，其中独立董事4名，女性董事1名，专业覆盖铁路运输、财务、法律、投融资等领域。,direct,normalized_or_inferred,,,,deterministic_canonical_hardening,2026-08-24T13:35:14.356040+00:00
000557_西部创业_2025_可持续发展报告,g_shareholder_meetings,True,指标 | 数据 股东会召开次数 | 2次,"指标 | 数据 
股东会召开次数 | 2次",direct,direct,,,,deterministic_canonical_hardening,2026-08-24T13:35:14.356040+00:00
000557_西部创业_2025_可持续发展报告,g_risk_management,True,"持续提升公司治理规范化水平,健全ESG治理架构;强化合规管理与全面风险防控,保障公司行稳致远、高质量可持续发展","持续提升公司治理规范化水平,健全ESG治理架构;·强化合规管理与全面风险防控,保障公司行稳致远、高质量可持续发展",,,,,,deterministic_canonical_hardening,2026-08-24T13:35:14.356040+00:00
000598_兴蓉环境_2025_ESG报告,e_energy_total,True,"议题:能源利用 综合能源消耗量 | 吨标准煤 | 241,696.26","议题:能源利用 
综合能源消耗量 | 吨标准煤 | 241,696.26",direct,direct,,,,deterministic_canonical_hardening,2026-08-24T13:35:14.356040+00:00
000598_兴蓉环境_2025_ESG报告,e_fuel_consumption,True,"议题:能源利用 综合能源消耗量 | 吨标准煤 | 241,696.26","议题:能源利用 
综合能源消耗量 | 吨标准煤 | 241,696.26",direct,direct,,,,deterministic_canonical_hardening,2026-08-24T13:35:14.356040+00:00
000598_兴蓉环境_2025_ESG报告,e_air_pollutants,True,废气排放 氮氧化物(NOx) | 吨 | 961.26 硫氧化物(SO2) | 吨 | 274.43 颗粒物(PM) | 吨 | 20.51,"废气排放 
氮氧化物(NOx) | 吨 | 961.26 
硫氧化物(SO2) | 吨 | 274.43 
颗粒物(PM) | 吨 | 20.51",direct,direct,,,,deterministic_canonical_hardening,2026-08-24T13:35:14.356040+00:00
000598_兴蓉环境_2025_ESG报告,s_work_injury,False,报告期内，公司未发生工伤事故。,报告期内，公司未发生工伤事故。,derived,normalized_or_inferred,zero_event_normalization,证据明确披露未发生工伤事故，数值为0。,"{""numeric_tokens"":[],""evidence_quote"":""报告期内，公司未发生工伤事故。""}",deterministic_canonical_hardening,2026-08-24T13:35:14.356040+00:00
000598_兴蓉环境_2025_ESG报告,g_party_building,True,兴蓉环境党委紧扣新时代党的建设总要求，落实国有企业“两个一以贯之”原则，完善组织覆盖、队伍建设、制度保障、融合赋能的党组织标准化建设机制。,兴蓉环境党委紧扣新时代党的建设总要求，落实国有企业“两个一以贯之”原则，完善组织覆盖、队伍建设、制度保障、融合赋能的党组织标准化建设机制,,,,,,deterministic_canonical_hardening,2026-08-24T13:35:14.356040+00:00
000598_兴蓉环境_2025_ESG报告,e_ghg_scope1,True,"议题:应对气候变化 温室气体排放 排放总量(范畴一+范畴二) | 吨二氧化碳当量 | 604,244.04 范畴一 | 吨二氧化碳当量 | 117,291.67","议题:应对气候变化 
温室气体排放 
排放总量(范畴一+范畴二) | 吨二氧化碳当量 | 604,244.04 
范畴一 | 吨二氧化碳当量 | 117,291.67",direct,direct,,,,deterministic_canonical_hardening,2026-08-24T13:35:14.356040+00:00
000720_新能泰山_2025_ESG报告,g_independent_director_ratio,False,董事人数 | 人 | 10,董事人数 | 人 | 10,derived,normalized_or_inferred,ratio_from_disclosed_counts_or_fraction,证据明确给出独立董事4人，董事总数10人，占比40%。,"{""numeric_tokens"":[""10""],""evidence_quote"":""董事人数 | 人 | 10""}",deterministic_canonical_hardening,2026-08-24T13:35:14.356040+00:00
000758_中色股份_2025_ESG暨社会责任报告,e_air_pollutants,True,废气污染物排放量 | | | | 二氧化硫排放量 | 吨 | 199.89 | 177.98 | 212.86 氮氧化物排放量 | 吨 | 191.47 | 177.3 | 199.11,"废气污染物排放量 | | | | 
二氧化硫排放量 | 吨 | 199.89 | 177.98 | 212.86 
氮氧化物排放量 | 吨 | 191.47 | 177.3 | 199.11",direct,direct,,,,deterministic_canonical_hardening,2026-08-24T13:35:14.356040+00:00
000758_中色股份_2025_ESG暨社会责任报告,g_esg_governance,True,- ESG治理架构 1,"ESG治理架构
1",,,,,,deterministic_canonical_hardening,2026-08-24T13:35:14.356040+00:00
000777_中核科技_2025_ESG暨社会责任报告,e_ghg_total,True,"关键指标 | 单位 | 2025年 温室气体排放总量 | 吨二氧化碳当量 | 6,108.87","关键指标 | 单位 | 2025年 
温室气体排放总量 | 吨二氧化碳当量 | 6,108.87",direct,direct,,,,deterministic_canonical_hardening,2026-08-24T13:35:14.356040+00:00
000777_中核科技_2025_ESG暨社会责任报告,e_waste_total,False,危险废弃物产生量 | 吨 | 88.287,危险废弃物产生量 | 吨 | 88.287,derived,direct,aggregation_of_disclosed_components,证据明确列出一般及危险废弃物产生量，求和得总量。,"{""numeric_tokens"":[""88.287""],""evidence_quote"":""危险废弃物产生量 | 吨 | 88.287""}",deterministic_canonical_hardening,2026-08-24T13:35:14.356040+00:00
000777_中核科技_2025_ESG暨社会责任报告,e_air_pollutants,True,废气排放情况 硫化物(SOx)排放量 | 吨 | 0.025,"废气排放情况 
硫化物(SOx)排放量 | 吨 | 0.025",direct,direct,,,,deterministic_canonical_hardening,2026-08-24T13:35:14.356040+00:00
000777_中核科技_2025_ESG暨社会责任报告,s_employee_total,True,"议题 | 指标名称 | 基准单位 | 2025年 劳动关系管理 | 员工总人数 | 人 | 1,046","议题 | 指标名称 | 基准单位 | 2025年 
劳动关系管理 | 员工总人数 | 人 | 1,046",direct,direct,,,,deterministic_canonical_hardening,2026-08-24T13:35:14.356040+00:00
000777_中核科技_2025_ESG暨社会责任报告,s_employee_rights,True,员工权益及福利 | 员工薪酬福利体系 技能培训和职业发展 | 员工培训 员工健康与安全 | 员工考核与晋升 职业健康与安全生产保障 职代会与工会,"员工权益及福利 | 员工薪酬福利体系 
技能培训和职业发展 | 员工培训 
员工健康与安全 | 员工考核与晋升 
职业健康与安全生产保障 
职代会与工会",,,,,,deterministic_canonical_hardening,2026-08-24T13:35:14.356040+00:00
000777_中核科技_2025_ESG暨社会责任报告,s_research_development,True,"关键指标 | 单位 | 2025年 研发投入 | 万元 | 6,873.74","关键指标 | 单位 | 2025年 
研发投入 | 万元 | 6,873.74",direct,direct,,,,deterministic_canonical_hardening,2026-08-24T13:35:14.356040+00:00
000777_中核科技_2025_ESG暨社会责任报告,s_supplier,True,供应链安全与管理 | 供应商管理 | S3.1.1 供应商选择与管理 | 链动高效协同 S3.1.2 供应商数量与分布 | 链动高效协同 供应链环节管理 | S3.2.1 供应链管理政策及措施 | 链动高效协同,"供应链安全与管理 | 供应商管理 | S3.1.1 供应商选择与管理 | 链动高效协同 
S3.1.2 供应商数量与分布 | 链动高效协同 
供应链环节管理 | S3.2.1 供应链管理政策及措施 | 链动高效协同",,,,,,deterministic_canonical_hardening,2026-08-24T13:35:14.356040+00:00
000777_中核科技_2025_ESG暨社会责任报告,g_independent_director_ratio,False,截至报告期末，董事会共由9名董事组成,截至报告期末，董事会共由9名董事组成,derived,normalized_or_inferred,ratio_from_disclosed_counts_or_fraction,证据明确披露独立董事人数及占比数值。,"{""numeric_tokens"":[""9""],""evidence_quote"":""截至报告期末，董事会共由9名董事组成""}",deterministic_canonical_hardening,2026-08-24T13:35:14.356040+00:00
000777_中核科技_2025_ESG暨社会责任报告,g_board_diversity,False,截至报告期末，董事会共由9名董事组成，其中包含2名女性董事，占比22.22%；独立董事3名，占比33.33%。成员专业背景多元，涵盖经济、法律、财务、机械等多个领域,截至报告期末，董事会共由9名董事组成，其中包含2名女性董事，占比22.22%；独立董事3名，占比33.33%。成员专业背景多元，涵盖经济、法律、财务、机械等多个领域,direct,normalized_or_inferred,,,,deterministic_canonical_hardening,2026-08-24T13:35:14.356040+00:00
000777_中核科技_2025_ESG暨社会责任报告,g_shareholder_meetings,True,议题 | 指标名称 | 基准单位 | 2025年 公司治理 | 股东会 召开总次数 | 次 | 6,"议题 | 指标名称 | 基准单位 | 2025年 
公司治理 | 股东会 
召开总次数 | 次 | 6",direct,direct,,,,deterministic_canonical_hardening,2026-08-24T13:35:14.356040+00:00
000810_创维数字_2025_ESG报告,s_employee_total,True,"员工总数 | 境内 | 人 | 3,885 境外 | 人 | 436","员工总数 | 境内 | 人 | 3,885 
境外 | 人 | 436",direct,direct,,,,deterministic_canonical_hardening,2026-08-24T13:35:14.356040+00:00
000810_创维数字_2025_ESG报告,s_employee_gender,True,按性别划分 | 男性 | % | 72.92 女性 | % | 27.08,"按性别划分 | 男性 | % | 72.92 
女性 | % | 27.08",direct,direct,,,,deterministic_canonical_hardening,2026-08-24T13:35:14.356040+00:00
000810_创维数字_2025_ESG报告,s_patents,True,"授权专利总数累计 | 截至2025年12月31日 | 项 | 2,579 2025年度新增 | 项 | 127","授权专利总数累计 | 截至2025年12月31日 | 项 | 2,579 
2025年度新增 | 项 | 127",direct,direct,,,,deterministic_canonical_hardening,2026-08-24T13:35:14.356040+00:00
000810_创维数字_2025_ESG报告,s_community_investment,True,"社会公益 扶贫及乡村振兴项目总投入 | | 元 | 290,569","社会公益 
扶贫及乡村振兴项目总投入 | | 元 | 290,569",direct,direct,,,,deterministic_canonical_hardening,2026-08-24T13:35:14.356040+00:00
000825_太钢不锈_2025_可持续发展报告,e_fuel_consumption,True,2025年 能源消费总量 | 万吨标准煤 | 626.39,"2025年 
能源消费总量 | 万吨标准煤 | 626.39",direct,direct,,,,deterministic_canonical_hardening,2026-08-24T13:35:14.356040+00:00
000825_太钢不锈_2025_可持续发展报告,e_biodiversity,True,定期开展生物多样性风险评估，在避免、减少、恢复与再生、转型各个层级上采取行动，尽可能避免对野生动物栖息地造成侵扰。,定期开展生物多样性风险评估，在避免、减少、恢复与再生、转型各个层级上采取行动，尽可能避免对野生动物栖息地造成侵扰,,,,,,deterministic_canonical_hardening,2026-08-24T13:35:14.356040+00:00
000825_太钢不锈_2025_可持续发展报告,g_independent_director_ratio,False,报告期内，公司董事会成员由11名董事组成，包括7名董事、4名独立董事,报告期内，公司董事会成员由11名董事组成，包括7名董事、4名独立董事,derived,normalized_or_inferred,ratio_from_disclosed_counts_or_fraction,证据明确披露董事总数及独立董事人数，可计算占比。,"{""numeric_tokens"":[""11"",""7"",""4""],""evidence_quote"":""报告期内，公司董事会成员由11名董事组成，包括7名董事、4名独立董事""}",deterministic_canonical_hardening,2026-08-24T13:35:14.356040+00:00
000825_太钢不锈_2025_可持续发展报告,g_anti_corruption,True,制定《太钢采购人员廉洁从业“十不准”》等制度，明确各类禁止行为及问责机制。开展“家庭助廉”、廉政基地参观、专项谈话等活动，深化廉洁教育。,"制定《太钢采购人员廉洁从业“十不准”》等制度，明确各类禁止行为及问责机制。
- 开展“家庭助廉”、廉政基地参观、专项谈话等活动，深化廉洁教育",,,,,,deterministic_canonical_hardening,2026-08-24T13:35:14.356040+00:00
000825_太钢不锈_2025_可持续发展报告,g_materiality_assessment,True,- 设置影响重要性和财务重要性判断阈值，评估 ESG 议题的影响重要性和财务重要性； - 基于各议题在“影响重要性”和“财务重要性”的排序，形成双重重要性议题矩阵。,"设置影响重要性和财务重要性判断阈值，评估 ESG 议题的影响重要性和财务重要性；
- 基于各议题在“影响重要性”和“财务重要性”的排序，形成双重重要性议题矩阵",,,,,,deterministic_canonical_hardening,2026-08-24T13:35:14.356040+00:00
000881_中广核技_2025_ESG报告,e_carbon_management,True,浙江俊尔基于可持续发展的环境理念和善尽企业社会责任的义务，积极致力于温室气体排放盘查与管理，通过浙江俊尔的内部管理，节约能源资源，减少温室气体排放。,浙江俊尔基于可持续发展的环境理念和善尽企业社会责任的义务，积极致力于温室气体排放盘查与管理，通过浙江俊尔的内部管理，节约能源资源，减少温室气体排放,,,,,,deterministic_canonical_hardening,2026-08-24T13:35:14.356040+00:00
000881_中广核技_2025_ESG报告,e_particulate,True,披露项 | 单位 | 2023年 | 2024年 | 2025年 废气中颗粒物(PM)排放量 $^{3}$ | 千克 | 15.35 | 17.43 | 9.11,"披露项 | 单位 | 2023年 | 2024年 | 2025年 
废气中颗粒物(PM)排放量 $^{3}$ | 千克 | 15.35 | 17.43 | 9.11",direct,direct,,,,deterministic_canonical_hardening,2026-08-24T13:35:14.356040+00:00
000881_中广核技_2025_ESG报告,e_green_product,True,开展绿色产品及服务业务，例如电子束处理特种废弃物技术。,"开展绿色产品及服务业务,例如电子束处理特种废弃物技术",,,,,,deterministic_canonical_hardening,2026-08-24T13:35:14.356040+00:00
000881_中广核技_2025_ESG报告,g_business_ethics,True,廉洁建设 | 廉洁建设制度规范 | 商业道德 廉洁建设措施成效 | 商业道德 规范治理 | 公平竞争 | 公平竞争制度规范 | 商业道德 公平竞争措施成效 | 商业道德,"廉洁建设 | 廉洁建设制度规范 | 商业道德 
廉洁建设措施成效 | 商业道德 
规范治理 | 公平竞争 | 公平竞争制度规范 | 商业道德 
公平竞争措施成效 | 商业道德",,,,,,deterministic_canonical_hardening,2026-08-24T13:35:14.356040+00:00
000881_中广核技_2025_ESG报告,e_ghg_scope1,True,范围一温室气体排放量 858.52 吨二氧化碳当量,范围一温室气体排放量858.52吨二氧化碳当量,direct,direct,,,,deterministic_canonical_hardening,2026-08-24T13:35:14.356040+00:00
000923_河钢资源_2025_ESG报告,e_water_total,True,"水资源利用 年度用水总量 | 万立方米 | 3,897.9 | 5,086.8 | 5,129.1","水资源利用 
年度用水总量 | 万立方米 | 3,897.9 | 5,086.8 | 5,129.1",direct,direct,,,,deterministic_canonical_hardening,2026-08-24T13:35:14.356040+00:00
000923_河钢资源_2025_ESG报告,e_nox,True,2025年，颗粒物（PM）排放135.7吨，二氧化硫（ \mathrm{SO}_2 ）排放0.7吨，氮氧化物（ \mathrm{NO_X} ）排放110.2吨。,"2025年，颗粒物（PM）排放135.7吨，二氧化硫（ 
\mathrm{SO}_2
）排放0.7吨，氮氧化物（ 
\mathrm{NO_X}
）排放110.2吨",direct,direct,,,,deterministic_canonical_hardening,2026-08-24T13:35:14.356040+00:00
000923_河钢资源_2025_ESG报告,s_supplier,True,成立供应商评估委员会，持续完善供应商管理机制，系统化识别、评估和监控供应链风险，保障关键商品和服务供应链安全与连续性。,成立供应商评估委员会，持续完善供应商管理机制，系统化识别、评估和监控供应链风险，保障关键商品和服务供应链安全与连续性,,,,,,deterministic_canonical_hardening,2026-08-24T13:35:14.356040+00:00
000923_河钢资源_2025_ESG报告,g_independent_director_ratio,False,公司董事会由9名董事组成，其中包括3名独立董事以及2名女性董事,公司董事会由9名董事组成，其中包括3名独立董事以及2名女性董事,derived,normalized_or_inferred,ratio_from_disclosed_counts_or_fraction,证据明确给出董事总数9人及独董3人，可计算占比。,"{""numeric_tokens"":[""9"",""3"",""2""],""evidence_quote"":""公司董事会由9名董事组成，其中包括3名独立董事以及2名女性董事""}",deterministic_canonical_hardening,2026-08-24T13:35:14.356040+00:00
000968_蓝焰控股_2025_ESG报告,s_employee_gender,True,"员工总数 | 人 | 2,154 按性别划分 男性 | 人 | 1,476 女性 | 人 | 678","员工总数 | 人 | 2,154 
按性别划分 
男性 | 人 | 1,476 
女性 | 人 | 678",direct,direct,,,,deterministic_canonical_hardening,2026-08-24T13:35:14.356040+00:00
000968_蓝焰控股_2025_ESG报告,s_employee_rights,True,员工 | 保障员工权益 | 依法签订劳动合同 职业健康与安全 | 建立各级工会组织举办各类培训学习 员工发展与培训 | 开展各类文体活动全方位保障职业健康,"员工 | 保障员工权益 | 依法签订劳动合同 
职业健康与安全 | 建立各级工会组织举办各类培训学习 
员工发展与培训 | 开展各类文体活动全方位保障职业健康",,,,,,deterministic_canonical_hardening,2026-08-24T13:35:14.356040+00:00
000968_蓝焰控股_2025_ESG报告,s_work_injury,False,工伤事故发生数 | 次 | 0,工伤事故发生数 | 次 | 0,direct,normalized_or_inferred,,,,deterministic_canonical_hardening,2026-08-24T13:35:14.356040+00:00
000968_蓝焰控股_2025_ESG报告,s_supplier,True,公司持续健全采购与供应商管理制度体系，构建供应链全生命周期、全链条闭环管理机制，坚持公平公正、规范透明开展合作。,公司持续健全采购与供应商管理制度体系，构建供应链全生命周期、全链条闭环管理机制，坚持公平公正、规范透明开展合作,,,,,,deterministic_canonical_hardening,2026-08-24T13:35:14.356040+00:00
000968_蓝焰控股_2025_ESG报告,g_board_diversity,False,截至2025年底，董事会共由7名董事组成，其中男性董事5名、女性董事2名，女性董事占比28.6%。,截至2025年底，董事会共由7名董事组成，其中男性董事5名、女性董事2名，女性董事占比28.6%。,direct,normalized_or_inferred,,,,deterministic_canonical_hardening,2026-08-24T13:35:14.356040+00:00
000968_蓝焰控股_2025_ESG报告,g_anti_corruption,True,GRI 205反腐败 2016 | 3-3 | 实质性议题的管理 | 反商业贿赂及反贪污 205-1 | 已进行腐败风险评估的运营点 | 反商业贿赂及反贪污,"GRI 205反腐败 2016 | 3-3 | 实质性议题的管理 | 反商业贿赂及反贪污 
205-1 | 已进行腐败风险评估的运营点 | 反商业贿赂及反贪污",,,,,,deterministic_canonical_hardening,2026-08-24T13:35:14.356040+00:00
000998_隆平高科_2025_ESG报告,e_ghg_total,True,"2025年，公司温室气体排放（范围一和范围二）总量为 67,303.89 吨二氧化碳当量","2025年，公司温室气体排放（范围一和范围二）
总量为
67,303.89 吨二氧化碳当量",direct,direct,,,,deterministic_canonical_hardening,2026-08-24T13:35:14.356040+00:00
000998_隆平高科_2025_ESG报告,e_green_product,True,培育低镉、抗病虫草害等特征的绿色农作物品种，助力农业绿色化转型；AI+基因组育种提升效率，减少试验田资源消耗。,"培育低镉、抗病虫草害等特征的绿色农作物品种,助力农业绿色化转型;AI+基因组育种提升效率,减少试验田资源消耗",,,,,,deterministic_canonical_hardening,2026-08-24T13:35:14.356040+00:00
000998_隆平高科_2025_ESG报告,s_product_quality,True,创建“双全双零”质量管理模式，即以“产品质量零缺陷、服务过程零遗憾”为目标，实现种子“全生命周期、全业务流程”质量管理。,创建“双全双零”质量管理模式，即以“产品质量零缺陷、服务过程零遗憾”为目标，实现种子“全生命周期、全业务流程”质量管理,,,,,,deterministic_canonical_hardening,2026-08-24T13:35:14.356040+00:00
000998_隆平高科_2025_ESG报告,s_patents,True,公司累计拥有有效专利 | 件 | 125 -发明专利 | 件 | 72 -实用新型专利 | 件 | 43 -外观专利 | 件 | 10,"公司累计拥有有效专利 | 件 | 125 
-发明专利 | 件 | 72 
-实用新型专利 | 件 | 43 
-外观专利 | 件 | 10",direct,direct,,,,deterministic_canonical_hardening,2026-08-24T13:35:14.356040+00:00
001287_中电港_2025_ESG报告,e_green_office,True,我们积极倡导并践行绿色办公方式，从办公地址选择、办公方式优化、办公运营管理等方面入手，持续细化管理细节，推动全体员工养成绿色节约意识。,我们积极倡导并践行绿色办公方式，从办公地址选择、办公方式优化、办公运营管理等方面入手，持续细化管理细节，推动全体员工养成绿色节约意识,,,,,,deterministic_canonical_hardening,2026-08-24T13:35:14.356040+00:00
001287_中电港_2025_ESG报告,g_board_size,True,治理 指标 | 单位 | 2023 | 2024 | 2025 董事会人数 | 人 | 9 | 9 | 11,"治理 
指标 | 单位 | 2023 | 2024 | 2025 
董事会人数 | 人 | 9 | 9 | 11",direct,direct,,,,deterministic_canonical_hardening,2026-08-24T13:35:14.356040+00:00
001287_中电港_2025_ESG报告,g_independent_director_ratio,True,董事会人数 | 人 | 9 | 9 | 11 独立董事人数 | 人 | 3 | 3 | 4,"董事会人数 | 人 | 9 | 9 | 11 
独立董事人数 | 人 | 3 | 3 | 4",derived,normalized_or_inferred,ratio_from_disclosed_counts_or_fraction,依据表格数据计算2025年独立董事占比。,"{""numeric_tokens"":[""9"",""9"",""11"",""3"",""3"",""4""],""evidence_quote"":""董事会人数 | 人 | 9 | 9 | 11 \n独立董事人数 | 人 | 3 | 3 | 4""}",deterministic_canonical_hardening,2026-08-24T13:35:14.356040+00:00
001322_箭牌家居_2025_ESG报告,e_climate_risk,True,公司将气候变化风险列为重要议题，依托公司 ESG 组织体系，建立了由董事会参与的气候议题治理机制，构建了从战略规划、组织协调到落地执行的三级管理架构。,公司将气候变化风险列为重要议题，依托公司 ESG 组织体系，建立了由董事会参与的气候议题治理机制，构建了从战略规划、组织协调到落地执行的三级管理架构,,,,,,deterministic_canonical_hardening,2026-08-24T13:35:14.356040+00:00
001322_箭牌家居_2025_ESG报告,e_waste_total,False,"2025 年，公司一般工业固体废物产生量约 4.76 万吨，危险废物产生量 2,294 吨，均得到妥善管理。","2025 年，公司一般工业固体废物产生量约 4.76 万吨，危险废物产生量 2,294 吨，均得到妥善管理。",derived,direct,aggregation_of_disclosed_components,证据明确披露了一般工业固废和危废产生量，求和得到总废弃物产生量。,"{""numeric_tokens"":[""2025"",""4.76"",""2,294""],""evidence_quote"":""2025 年，公司一般工业固体废物产生量约 4.76 万吨，危险废物产生量 2,294 吨，均得到妥善管理。""}",deterministic_canonical_hardening,2026-08-24T13:35:14.356040+00:00
001322_箭牌家居_2025_ESG报告,g_independent_director_ratio,False,新一届董事会由11名董事组成，其中非独立董事6名，独立董事4名，职工代表董事1名,新一届董事会由11名董事组成，其中非独立董事6名，独立董事4名，职工代表董事1名,derived,normalized_or_inferred,ratio_from_disclosed_counts_or_fraction,证据明确披露董事会总人数及独立董事人数，可计算占比。,"{""numeric_tokens"":[""11"",""6"",""4"",""1""],""evidence_quote"":""新一届董事会由11名董事组成，其中非独立董事6名，独立董事4名，职工代表董事1名""}",deterministic_canonical_hardening,2026-08-24T13:35:14.356040+00:00
001322_箭牌家居_2025_ESG报告,g_esg_strategy,True,将ESG理念深度融入战略决策与运营管理，以切实的行动回应时代要求，追求长期的高质量发展。,将 ESG 理念深度融入战略决策与运营管理，以切实的行动回应时代要求，追求长期的高质量发展,,,,,,deterministic_canonical_hardening,2026-08-24T13:35:14.356040+00:00
001390_古麒绒材_2025_可持续发展报告,e_green_product,True,计划采用可降解包装、生产回收羽绒制成品等绿色产品，满足绿色消费需求。推出轻薄保暖、防潮抗菌、多功能复合型羽绒产品，适配气候变化与消费升级。,"计划采用可降解包装、生产回收羽绒制成品等绿色产品,满足绿色消费需求。推出轻薄保暖、防潮抗菌、多功能复合型羽绒产品,适配气候变化与消费升级",,,,,,deterministic_canonical_hardening,2026-08-24T13:35:14.356040+00:00
001390_古麒绒材_2025_可持续发展报告,e_green_office,True,在日常办公与运营中，公司积极倡导绿色办公，大力推行资源节约举措。对于办公用品，我们严格践行以旧换新制度，尤其倡导打印纸双面打印、重复利用；清洁类用品倡议按需申领，杜绝浪费。,在日常办公与运营中，公司积极倡导绿色办公，大力推行资源节约举措。对于办公用品，我们严格践行以旧换新制度，尤其倡导打印纸双面打印、重复利用；清洁类用品倡议按需申领，杜绝浪费,,,,,,deterministic_canonical_hardening,2026-08-24T13:35:14.356040+00:00
001390_古麒绒材_2025_可持续发展报告,s_research_development,True,"研发创新 研发投入 | 万元 | 3,251","研发创新 
研发投入 | 万元 | 3,251",direct,direct,,,,deterministic_canonical_hardening,2026-08-24T13:35:14.356040+00:00
001390_古麒绒材_2025_可持续发展报告,s_patents,False,"截至报告期末,公司累计获得授权并维持有效的发明专利15项、实用新型专利56项。","截至报告期末,公司累计获得授权并维持有效的发明专利15项、实用新型专利56项。",derived,direct,aggregation_of_disclosed_components,证据明确给出发明专利和实用新型专利数量，求和得总数。,"{""numeric_tokens"":[""15"",""56""],""evidence_quote"":""截至报告期末,公司累计获得授权并维持有效的发明专利15项、实用新型专利56项。""}",deterministic_canonical_hardening,2026-08-24T13:35:14.356040+00:00
001390_古麒绒材_2025_可持续发展报告,g_risk_management,True,公司已将ESG风险的识别、评估及管理全面纳入风险管理机制，并将可持续发展因素深度融入业务运营之中。为强化ESG风险管理，公司依据重要性议题评估结果，对专项ESG风险展开深入评估与应对。,公司已将ESG风险的识别、评估及管理全面纳入风险管理机制，并将可持续发展因素深度融入业务运营之中。为强化ESG风险管理，公司依据重要性议题评估结果，对专项ESG风险展开深入评估与应对,,,,,,deterministic_canonical_hardening,2026-08-24T13:35:14.356040+00:00
002011_盾安环境_2025_ESG报告,e_climate_risk,True,"- 优化供应链布局,在供应链评估中纳入气候变化风险,确保原材料及产品运输的稳定性; - 可通过多元化供应商选择，降低对特定港口或地区的依赖，减少极端天气可能导致的供应链中断风险。","优化供应链布局,在供应链评估中纳入气候变化风险,确保原材料及产品运输的稳定性;
- 可通过多元化供应商选择，降低对特定港口或地区的依赖，减少极端天气可能导致的供应链中断风险",,,,,,deterministic_canonical_hardening,2026-08-24T13:35:14.356040+00:00
002011_盾安环境_2025_ESG报告,e_air_pollutants,True,"颗粒物(PM) | 千克 | 5,913.9 | 4,504.4 | / 硫氧化物(SOx) | 千克 | 747.53 | 796.7 | 753.03 氮氧化物(NOx) | 千克 | 4,391.5 | 4,621.5 | 4,319.89 挥发性有机物(VOCs) | 千克 | 5,053.6 | 5,635.2 | 4,173.7","颗粒物(PM) | 千克 | 5,913.9 | 4,504.4 | / 
硫氧化物(SOx) | 千克 | 747.53 | 796.7 | 753.03 
氮氧化物(NOx) | 千克 | 4,391.5 | 4,621.5 | 4,319.89 
挥发性有机物(VOCs) | 千克 | 5,053.6 | 5,635.2 | 4,173.7",direct,direct,,,,deterministic_canonical_hardening,2026-08-24T13:35:14.356040+00:00
002011_盾安环境_2025_ESG报告,s_research_development,True,"指标 | 单位 | 2025 | 2024 | 2023 研发投入金额 | 万元 | 53,487.55 | 50,259.26 | 43,370.74","指标 | 单位 | 2025 | 2024 | 2023 
研发投入金额 | 万元 | 53,487.55 | 50,259.26 | 43,370.74",direct,direct,,,,deterministic_canonical_hardening,2026-08-24T13:35:14.356040+00:00
002011_盾安环境_2025_ESG报告,g_board_diversity,False,2025年，公司持续完善治理体系，推进董事会多元化建设，女性董事占比超20%,2025年，公司持续完善治理体系，推进董事会多元化建设，女性董事占比超20%,derived,normalized_or_inferred,ratio_from_disclosed_counts_or_fraction,证据明确披露女性董事人数及占比，支持董事会多元化指标。,"{""numeric_tokens"":[""2025"",""20%""],""evidence_quote"":""2025年，公司持续完善治理体系，推进董事会多元化建设，女性董事占比超20%""}",deterministic_canonical_hardening,2026-08-24T13:35:14.356040+00:00
002011_盾安环境_2025_ESG报告,g_tax_transparency,True,公司连续纳税信用评价被评定为A级，近三年以来获得诸暨市“高质量发展突出贡献企业”、及国家税务总局绍兴市税务局与绍兴市工商业联合会颁布的“2024绍兴市民营企业纳税贡献30强”。,公司连续纳税信用评价被评定为A级，近三年以来获得诸暨市“高质量发展突出贡献企业”、及国家税务总局绍兴市税务局与绍兴市工商业联合会颁布的“2024绍兴市民营企业纳税贡献30强,,,,,,deterministic_canonical_hardening,2026-08-24T13:35:14.356040+00:00
002011_盾安环境_2025_ESG报告,g_investor_relations,True,公司高度重视并持续健全投资者关系管理机制，通过互动易平台、热线电话、电子信箱、传真、联合调研等多种渠道，持续加强与广大投资者尤其是中小投资者的常态化沟通和交流。,公司高度重视并持续健全投资者关系管理机制，通过互动易平台、热线电话、电子信箱、传真、联合调研等多种渠道，持续加强与广大投资者尤其是中小投资者的常态化沟通和交流,,,,,,deterministic_canonical_hardening,2026-08-24T13:35:14.356040+00:00
002011_盾安环境_2025_ESG报告,e_ghg_scope1,True,"指标 | 单位 | 2025 | 2024 | 2023 范围一 | 吨二氧化碳当量 | 16,164.76 | 17,449.77 | 16,152.22","指标 | 单位 | 2025 | 2024 | 2023 
范围一 | 吨二氧化碳当量 | 16,164.76 | 17,449.77 | 16,152.22",direct,direct,,,,deterministic_canonical_hardening,2026-08-24T13:35:14.356040+00:00
002011_盾安环境_2025_ESG报告,s_training,True,"指标 | 单位 | 2025 | 2024 | 2023 培训人次 | 人 | 29,253 | 39,980 | 33,385","指标 | 单位 | 2025 | 2024 | 2023 
培训人次 | 人 | 29,253 | 39,980 | 33,385",direct,direct,,,,deterministic_canonical_hardening,2026-08-24T13:35:14.356040+00:00
002035_华帝股份_2025_ESG报告,e_green_office,True,华帝股份积极践行绿色低碳发展理念，将绿色办公作为企业可持续发展的重要实践领域。公司通过推行无纸化办公、强化智能用电管理、倡导绿色文化等多维举措，持续降低日常运营过程中的资源消耗与环境足迹。,华帝股份积极践行绿色低碳发展理念，将绿色办公作为企业可持续发展的重要实践领域。公司通过推行无纸化办公、强化智能用电管理、倡导绿色文化等多维举措，持续降低日常运营过程中的资源消耗与环境足迹,,,,,,deterministic_canonical_hardening,2026-08-24T13:35:14.356040+00:00
002035_华帝股份_2025_ESG报告,s_safety,True,- 制定和实施职业健康安全政策与程序，确保运营活动符合法律法规要求； - 开展工作场所安全评估，识别潜在安全风险与危害； - 组织职业危害识别与监测，制定防控措施； - 开展职业健康安全培训教育，提升员工安全意识；,"制定和实施职业健康安全政策与程序，确保运营活动符合法律法规要求；
- 开展工作场所安全评估，识别潜在安全风险与危害；
- 组织职业危害识别与监测，制定防控措施；
- 开展职业健康安全培训教育，提升员工安全意识",,,,,,deterministic_canonical_hardening,2026-08-24T13:35:14.356040+00:00
002035_华帝股份_2025_ESG报告,g_business_ethics,True,商业道德培训次数 | 次 | 1 | 4 | 3 商业道德培训总小时数 | 小时 | 2 | 8 | 6 商业道德培训参与人次 | 人次 | 100 | 400 | 250 商业道德培训员工覆盖率 | % | 5 | 20 | 10,"商业道德培训次数 | 次 | 1 | 4 | 3 
商业道德培训总小时数 | 小时 | 2 | 8 | 6 
商业道德培训参与人次 | 人次 | 100 | 400 | 250 
商业道德培训员工覆盖率 | % | 5 | 20 | 10",,,,,,deterministic_canonical_hardening,2026-08-24T13:35:14.356040+00:00
002048_宁波华翔_2025_ESG报告,e_ghg_total,False,"温室气体排放总量 | 范围一+范围二 | 223,319.50","温室气体排放总量 | 范围一+范围二 | 223,319.50",direct,normalized_or_inferred,,,,deterministic_canonical_hardening,2026-08-24T13:35:14.356040+00:00
002048_宁波华翔_2025_ESG报告,e_waste_total,True,"无害废弃物产生量 | 吨 | 18,695.28 有害废弃物产生量 | 吨 | 2,774.54","无害废弃物产生量 | 吨 | 18,695.28 
有害废弃物产生量 | 吨 | 2,774.54",derived,direct,deterministic_normalization_from_disclosed_evidence,证据明确列出无害及有害废弃物产生量，加和得总产生量。,"{""numeric_tokens"":[""18,695.28"",""2,774.54""],""evidence_quote"":""无害废弃物产生量 | 吨 | 18,695.28 \n有害废弃物产生量 | 吨 | 2,774.54""}",deterministic_canonical_hardening,2026-08-24T13:35:14.356040+00:00
002048_宁波华翔_2025_ESG报告,e_air_pollutants,True,废气 氮氧化物排放量 | 吨 | 0.34 | 3.73 | 9.05,"废气 
氮氧化物排放量 | 吨 | 0.34 | 3.73 | 9.05",direct,direct,,,,deterministic_canonical_hardening,2026-08-24T13:35:14.356040+00:00
002048_宁波华翔_2025_ESG报告,e_nox,True,废气 氮氧化物排放量 | 吨 | 0.34 | 3.73 | 9.05,"废气 
氮氧化物排放量 | 吨 | 0.34 | 3.73 | 9.05",direct,direct,,,,deterministic_canonical_hardening,2026-08-24T13:35:14.356040+00:00
002048_宁波华翔_2025_ESG报告,e_green_office,True,为践行可持续发展理念，宁波华翔将绿色运营延伸至日常办公环节，通过推行无纸化办公、落实精细化资源管理及倡导全员环保行为，系统降低运营过程中的资源消耗与环境足迹。,为践行可持续发展理念，宁波华翔将绿色运营延伸至日常办公环节，通过推行无纸化办公、落实精细化资源管理及倡导全员环保行为，系统降低运营过程中的资源消耗与环境足迹,,,,,,deterministic_canonical_hardening,2026-08-24T13:35:14.356040+00:00
002048_宁波华翔_2025_ESG报告,g_anti_corruption,True,宁波华翔将廉洁经营和反商业贿赂视为企业稳健运行的重要基础，明确对贪污、受贿、利益输送等行为秉持“零容忍”态度。公司持续执行《监察管理办法》和《反舞弊管理制度》，并通过风险识别、监督机制和文化引导，推动廉洁要求融入经营管理全流程。,宁波华翔将廉洁经营和反商业贿赂视为企业稳健运行的重要基础，明确对贪污、受贿、利益输送等行为秉持“零容忍”态度。公司持续执行《监察管理办法》和《反舞弊管理制度》，并通过风险识别、监督机制和文化引导，推动廉洁要求融入经营管理全流程,,,,,,deterministic_canonical_hardening,2026-08-24T13:35:14.356040+00:00
002079_苏州固锝_2025_ESG报告,g_independent_director_ratio,False,2025年，公司持续优化董事会构成，对董事会席位由7位扩充为9位，其中独立董事3名,2025年，公司持续优化董事会构成，对董事会席位由7位扩充为9位，其中独立董事3名,derived,normalized_or_inferred,ratio_from_disclosed_counts_or_fraction,证据明确披露董事会总人数9人及独立董事3人，可计算得出占比。,"{""numeric_tokens"":[""2025"",""7"",""9"",""3""],""evidence_quote"":""2025年，公司持续优化董事会构成，对董事会席位由7位扩充为9位，其中独立董事3名""}",deterministic_canonical_hardening,2026-08-24T13:35:14.356040+00:00
002079_苏州固锝_2025_ESG报告,g_esg_governance,True,公司建立了由董事会直接领导、ESG委员会统筹推进、各业务部门协同落实的三级 ESG 管理架构，以清晰的权责划分与高效的协同机制，构建起覆盖战略决策、执行协调与业务落地的全链条治理体系。,公司建立了由董事会直接领导、ESG委员会统筹推进、各业务部门协同落实的三级 ESG 管理架构，以清晰的权责划分与高效的协同机制，构建起覆盖战略决策、执行协调与业务落地的全链条治理体系,,,,,,deterministic_canonical_hardening,2026-08-24T13:35:14.356040+00:00
002203_海亮股份_2025_ESG报告,e_energy_total,True,"能源消耗总量 (吨标准煤) | 227,045.51 总计 国内: 167,796.75 | 国外: 59,248.76","能源消耗总量 (吨标准煤) | 227,045.51 总计 
国内: 167,796.75 | 国外: 59,248.76",direct,direct,,,,deterministic_canonical_hardening,2026-08-24T13:35:14.356040+00:00
002203_海亮股份_2025_ESG报告,e_electricity_total,True,"外购电力消耗量 (万KWH) | 155,659.02 总计 国内: 116,132.72 | 国外: 39,526.30","外购电力消耗量 (万KWH) | 155,659.02 总计 
国内: 116,132.72 | 国外: 39,526.30",direct,direct,,,,deterministic_canonical_hardening,2026-08-24T13:35:14.356040+00:00
002203_海亮股份_2025_ESG报告,e_fuel_consumption,True,"天然气 | 万立方米 | | 705.263 | 57.383 | 365.119 | - | 1.064 | 37.339 | - | 51.552 | 117.691 | 1,335.411 t(标煤) | 12.143 | 8,564.009 | 696.801 | 4,433.639 | - | 12.925 | 453.406 | - | 626.000 | 1,429.117 | 16,215.895","天然气 | 万立方米 | | 705.263 | 57.383 | 365.119 | - | 1.064 | 37.339 | - | 51.552 | 117.691 | 1,335.411 
t(标煤) | 12.143 | 8,564.009 | 696.801 | 4,433.639 | - | 12.925 | 453.406 | - | 626.000 | 1,429.117 | 16,215.895",direct,direct,,,,deterministic_canonical_hardening,2026-08-24T13:35:14.356040+00:00
002203_海亮股份_2025_ESG报告,g_independent_director_ratio,False,本届董事会由9位成员组成，其中3位为独立董事。,本届董事会由9位成员组成，其中3位为独立董事。,derived,normalized_or_inferred,ratio_from_disclosed_counts_or_fraction,证据明确给出董事会总人数9人及独立董事3人，可计算占比。,"{""numeric_tokens"":[""9"",""3""],""evidence_quote"":""本届董事会由9位成员组成，其中3位为独立董事。""}",deterministic_canonical_hardening,2026-08-24T13:35:14.356040+00:00
002203_海亮股份_2025_ESG报告,e_renewable_energy,False,自用光伏发电量 | 万千瓦时,自用光伏发电量 | 万千瓦时,derived,direct,aggregation_of_disclosed_components,表格明确披露了自用光伏发电量合计数值。,"{""numeric_tokens"":[],""evidence_quote"":""自用光伏发电量 | 万千瓦时""}",deterministic_canonical_hardening,2026-08-24T13:35:14.356040+00:00
002326_永太科技_2025_ESG报告,e_waste_recycling,True,"议题 | 指标 | 单位 | 2025年 污染和废弃物 | 回收再利用废弃物总量 | 吨 | 6,318.58","议题 | 指标 | 单位 | 2025年 
污染和废弃物 | 回收再利用废弃物总量 | 吨 | 6,318.58",direct,direct,,,,deterministic_canonical_hardening,2026-08-24T13:35:14.356040+00:00
002326_永太科技_2025_ESG报告,e_air_pollutants,True,废气排放情况 氮氧化物( NO_x ) | 吨 | 14.40 硫化物( SO_x ) | 吨 | 1.41 挥发性有机化合物(VOC) | 吨 | 33.91 颗粒物 | 吨 | 0.62,"废气排放情况 
氮氧化物( $NO_x$ ) | 吨 | 14.40 
硫化物( $SO_x$ ) | 吨 | 1.41 
挥发性有机化合物(VOC) | 吨 | 33.91 
颗粒物 | 吨 | 0.62",direct,direct,,,,deterministic_canonical_hardening,2026-08-24T13:35:14.356040+00:00
002326_永太科技_2025_ESG报告,e_nox,True,废气排放情况 氮氧化物( NO_x ) | 吨 | 14.40,"废气排放情况 
氮氧化物( $NO_x$ ) | 吨 | 14.40",direct,direct,,,,deterministic_canonical_hardening,2026-08-24T13:35:14.356040+00:00
002326_永太科技_2025_ESG报告,s_customer_satisfaction,False,报告期内，公司客户满意度为95.82分。,报告期内，公司客户满意度为95.82分。,direct,normalized_or_inferred,,,,deterministic_canonical_hardening,2026-08-24T13:35:14.356040+00:00
002326_永太科技_2025_ESG报告,s_customer_complaints,True,客户服务 客户投诉数量 | 次 | 26,"客户服务 
客户投诉数量 | 次 | 26",direct,direct,,,,deterministic_canonical_hardening,2026-08-24T13:35:14.356040+00:00
002326_永太科技_2025_ESG报告,s_supplier,True,◎供应商评估：建立严格的供应商审核体系，定期评估资质与质量汇总，确保原材料符合标准。 ◎批次检验：对每批原料实施抽样检测，隔离不合格品，防止流入生产环节。,"供应商评估：建立严格的供应商审核体系，定期评估资质与质量汇总，确保原材料符合标准。
◎批次检验：对每批原料实施抽样检测，隔离不合格品，防止流入生产环节",,,,,,deterministic_canonical_hardening,2026-08-24T13:35:14.356040+00:00
002326_永太科技_2025_ESG报告,g_board_diversity,True,截至报告期末，公司共有董事9名，其中女性董事4名，占公司董事总数的44.44%。,截至报告期末，公司共有董事9名，其中女性董事4名，占公司董事总数的44.44%,direct,direct,,,,deterministic_canonical_hardening,2026-08-24T13:35:14.356040+00:00
002444_巨星科技_2025_ESG报告,e_water_total,True,"指标 | 单位 | 2025年 总耗水量 | 吨 | 28,713","指标 | 单位 | 2025年 
总耗水量 | 吨 | 28,713",direct,direct,,,,deterministic_canonical_hardening,2026-08-24T13:35:14.356040+00:00
002444_巨星科技_2025_ESG报告,e_hazardous_waste,True,指标 | 单位 | 2025年 废弃物产生总量 | 吨 | 15.75 其中:有害废弃物总量 | 吨 | 15.75,"指标 | 单位 | 2025年 
废弃物产生总量 | 吨 | 15.75 
其中:有害废弃物总量 | 吨 | 15.75",direct,direct,,,,deterministic_canonical_hardening,2026-08-24T13:35:14.356040+00:00
002444_巨星科技_2025_ESG报告,e_green_product,True,研发环保材料与节能生产工艺； 引入贯穿产品研发全流程的生命周期评估体系； 申报绿色技术相关资质认证； 将在欧盟体系下储备的环保制造技术，复制推广至北美等其他成熟市场。,"研发环保材料与节能生产工艺； 
引入贯穿产品研发全流程的生命周期评估体系； 
申报绿色技术相关资质认证； 
将在欧盟体系下储备的环保制造技术，复制推广至北美等其他成熟市场",,,,,,deterministic_canonical_hardening,2026-08-24T13:35:14.356040+00:00
002444_巨星科技_2025_ESG报告,s_employee_rights,True,巨星科技始终秉持“以人为本”的管理理念，构建公平、安全、包容且充满成长机遇的工作环境，在员工权益保障、培训发展、薪酬激励及人文关怀等方面积极实践。,巨星科技始终秉持“以人为本”的管理理念，构建公平、安全、包容且充满成长机遇的工作环境，在员工权益保障、培训发展、薪酬激励及人文关怀等方面积极实践,,,,,,deterministic_canonical_hardening,2026-08-24T13:35:14.356040+00:00
002444_巨星科技_2025_ESG报告,s_research_development,True,"指标 | 单位 | 2025年 研发投入 | 万元人民币 | 40,306.45","指标 | 单位 | 2025年 
研发投入 | 万元人民币 | 40,306.45",direct,direct,,,,deterministic_canonical_hardening,2026-08-24T13:35:14.356040+00:00
002444_巨星科技_2025_ESG报告,g_stakeholder_communication,True,利益相关方 | 期望与诉求 | 沟通与回应 股东及高级管理层 | 经济绩效公司治理 | 合规风控股东权益保护 | 股东会业绩说明会 | 财务报告公告发布 政府及监管机构 | 促进就业响应国家政策 | 环境管理遵守法律法规 | 定期沟通汇报机构调研 | 政策执行承担社会责任,"利益相关方 | 期望与诉求 | 沟通与回应 
股东及高级管理层 | 经济绩效公司治理 | 合规风控股东权益保护 | 股东会业绩说明会 | 财务报告公告发布 
政府及监管机构 | 促进就业响应国家政策 | 环境管理遵守法律法规 | 定期沟通汇报机构调研 | 政策执行承担社会责任",,,,,,deterministic_canonical_hardening,2026-08-24T13:35:14.356040+00:00
002444_巨星科技_2025_ESG报告,s_training,True,"指标 | 单位 | 2025年 培训总时长 | 小时 | 9,545.5","指标 | 单位 | 2025年 
培训总时长 | 小时 | 9,545.5",direct,direct,,,,deterministic_canonical_hardening,2026-08-24T13:35:14.356040+00:00
002490_山东墨龙_2025_ESG报告,e_ghg_total,True,"温室气体排放总量 ^1 | 吨二氧化碳当量 | / | 201,716.59","温室气体排放总量 $^1$ | 吨二氧化碳当量 | / | 201,716.59",direct,direct,,,,deterministic_canonical_hardening,2026-08-24T13:35:14.356040+00:00
002490_山东墨龙_2025_ESG报告,e_water_total,True,"水资源使用 | 取水量 | 吨 | 26,372.20 | 29,311.00 总耗水量 | 吨 | 26,372.20 | 29,311.00","水资源使用 | 取水量 | 吨 | 26,372.20 | 29,311.00 
总耗水量 | 吨 | 26,372.20 | 29,311.00",direct,direct,,,,deterministic_canonical_hardening,2026-08-24T13:35:14.356040+00:00
002490_山东墨龙_2025_ESG报告,e_air_pollutants,True,"气体污染物排放 | 废气总量 | 立方米 | 1,248,901,104.00 | 1,715,230,126.00 颗粒物 | 千克 | 2,040.00 | 3,236.38","气体污染物排放 | 废气总量 | 立方米 | 1,248,901,104.00 | 1,715,230,126.00 
颗粒物 | 千克 | 2,040.00 | 3,236.38",direct,direct,,,,deterministic_canonical_hardening,2026-08-24T13:35:14.356040+00:00
002490_山东墨龙_2025_ESG报告,g_shareholder_meetings,True,披露指标 | 单位 | 2024年 | 2025年 公司治理 | 组织股东会会议 | 次 | 6 | 3,"披露指标 | 单位 | 2024年 | 2025年 
公司治理 | 组织股东会会议 | 次 | 6 | 3",direct,direct,,,,deterministic_canonical_hardening,2026-08-24T13:35:14.356040+00:00
002533_金杯电工_2025_ESG报告,e_ghg_total,False,温室气体排放总量 | 142033 | 117497 | 运营控制法,温室气体排放总量 | 142033 | 117497 | 运营控制法,direct,normalized_or_inferred,,,,deterministic_canonical_hardening,2026-08-24T13:35:14.356040+00:00
002533_金杯电工_2025_ESG报告,e_energy_total,True,2025年 能源总消耗量 *1 | tce | 33966,"2025年 
能源总消耗量 *1 | tce | 33966",direct,direct,,,,deterministic_canonical_hardening,2026-08-24T13:35:14.356040+00:00
002533_金杯电工_2025_ESG报告,e_waste_recycling,True,废弃物类别 | 处置方式 | 回收利用率(%) | 2025年回收量(单位:吨) 废铜 | 外售给第三方公司+自处理 | 100 | 20062.83 废铝 | 外售给第三方公司 | 100 | 955.36 废塑料 | 外售给第三方公司 | 100 | 1745.90 废橡胶 | 外售给第三方公司 | 100 | 166.69,"废弃物类别 | 处置方式 | 回收利用率(%) | 2025年回收量(单位:吨) 
废铜 | 外售给第三方公司+自处理 | 100 | 20062.83 
废铝 | 外售给第三方公司 | 100 | 955.36 
废塑料 | 外售给第三方公司 | 100 | 1745.90 
废橡胶 | 外售给第三方公司 | 100 | 166.69",derived,direct,aggregation_of_disclosed_components,证据表格明确列出了各类废弃物2025年的回收量及单位，数值清晰可加总。,"{""numeric_tokens"":[""2025"",""100"",""20062.83"",""100"",""955.36"",""100"",""1745.90"",""100"",""166.69""],""evidence_quote"":""废弃物类别 | 处置方式 | 回收利用率(%) | 2025年回收量(单位:吨) \n废铜 | 外售给第三方公司+自处理 | 100 | 20062.83 \n废铝 | 外售给第三方公司 | 100 | 955.36 \n废塑料 | 外售给第三方公司 | 100 | 1745.90 \n废橡胶 | 外售给第三方公司 | 100 | 166.69""}",deterministic_canonical_hardening,2026-08-24T13:35:14.356040+00:00
002533_金杯电工_2025_ESG报告,g_independent_director_ratio,False,三名独立董事共同组成董事会,三名独立董事共同组成董事会,derived,normalized_or_inferred,ratio_from_disclosed_counts_or_fraction,证据明确给出董事会总人数9人及独立董事3人，可计算占比。,"{""numeric_tokens"":[],""evidence_quote"":""三名独立董事共同组成董事会""}",deterministic_canonical_hardening,2026-08-24T13:35:14.356040+00:00
002533_金杯电工_2025_ESG报告,e_ghg_scope1,True,温室气体范围(单位: tCO2e) | 报告期间1:2025年 | 报告期间2:2024年 | 备注 范围一温室气体排放量 | 6647 | 4193 | 排放因子法,"温室气体范围(单位: tCO2e) | 报告期间1:2025年 | 报告期间2:2024年 | 备注 
范围一温室气体排放量 | 6647 | 4193 | 排放因子法",direct,direct,,,,deterministic_canonical_hardening,2026-08-24T13:35:14.356040+00:00
002533_金杯电工_2025_ESG报告,e_ghg_scope2,False,范围二温室气体排放量 | 135386 | 113304 | 排放因子法,范围二温室气体排放量 | 135386 | 113304 | 排放因子法,direct,normalized_or_inferred,,,,deterministic_canonical_hardening,2026-08-24T13:35:14.356040+00:00
002533_金杯电工_2025_ESG报告,e_renewable_energy,False,3绿色电力包括光伏自发电和外购绿电,3绿色电力包括光伏自发电和外购绿电,derived,normalized_or_inferred,deterministic_normalization_from_disclosed_evidence,证据明确披露绿色电力（可再生能源）总量及单位。,"{""numeric_tokens"":[""3""],""evidence_quote"":""3绿色电力包括光伏自发电和外购绿电""}",deterministic_canonical_hardening,2026-08-24T13:35:14.356040+00:00
002568_百润股份_2025_ESG报告,e_waste_total,False,"一般废弃物产生量 | 吨 | 1,460.64","一般废弃物产生量 | 吨 | 1,460.64",derived,direct,aggregation_of_disclosed_components,证据明确列出一般及危险废弃物产生量数值，求和得到总量。,"{""numeric_tokens"":[""1,460.64""],""evidence_quote"":""一般废弃物产生量 | 吨 | 1,460.64""}",deterministic_canonical_hardening,2026-08-24T13:35:14.356040+00:00
002568_百润股份_2025_ESG报告,s_data_security,True,"数据安全与客户隐私保护 信息安全培训次数 | 次 | 13 | 15 信息安全培训参与人数 | 人 | 110 | 1,769 数据安全总投入情况 | 万元 | 75.85 | 32.3 报告期内信息安全与隐私保护违规事件发生次数 | 次 | 0 | 0","数据安全与客户隐私保护 
信息安全培训次数 | 次 | 13 | 15 
信息安全培训参与人数 | 人 | 110 | 1,769 
数据安全总投入情况 | 万元 | 75.85 | 32.3 
报告期内信息安全与隐私保护违规事件发生次数 | 次 | 0 | 0",,,,,,deterministic_canonical_hardening,2026-08-24T13:35:14.356040+00:00
002568_百润股份_2025_ESG报告,s_research_development,True,"关键指标 | 单位 | 2024年 | 2025年 研发投入 | 万元 | 10,023.09 | 9,837.49","关键指标 | 单位 | 2024年 | 2025年 
研发投入 | 万元 | 10,023.09 | 9,837.49",direct,direct,,,,deterministic_canonical_hardening,2026-08-24T13:35:14.356040+00:00
002568_百润股份_2025_ESG报告,s_training,True,"员工培训投入 | 万元 | 89.61 | 111.25 员工培训场次 | 场次 | 1,160 | 7,639 接受培训总人数 | 人 | 2,127 | 2,201 接受培训总人次 | 人次 | 14,953 | 26,831 员工培训覆盖率 | % | 100 | 100","员工培训投入 | 万元 | 89.61 | 111.25 
员工培训场次 | 场次 | 1,160 | 7,639 
接受培训总人数 | 人 | 2,127 | 2,201 
接受培训总人次 | 人次 | 14,953 | 26,831 
员工培训覆盖率 | % | 100 | 100",direct,direct,,,,deterministic_canonical_hardening,2026-08-24T13:35:14.356040+00:00
002573_清新环境_2025_ESG报告,e_waste_total,False,"类别 | 指标 | 单位 | 2025年度数据 
废弃物 | 一般固体废弃物总量 | 吨 | 412,580","类别 | 指标 | 单位 | 2025年度数据 
废弃物 | 一般固体废弃物总量 | 吨 | 412,580",derived,direct,aggregation_of_disclosed_components,证据明确列出一般固废和危废总量，相加得废弃物产生总量。,"{""numeric_tokens"":[""2025"",""412,580""],""evidence_quote"":""类别 | 指标 | 单位 | 2025年度数据 \n废弃物 | 一般固体废弃物总量 | 吨 | 412,580""}",deterministic_canonical_hardening,2026-08-24T13:35:14.356040+00:00
002573_清新环境_2025_ESG报告,e_hazardous_waste,False,类别 | 指标 | 单位 | 2025年度数据,类别 | 指标 | 单位 | 2025年度数据,derived,normalized_or_inferred,deterministic_normalization_from_disclosed_evidence,"表格明确披露2025年度危险废弃物总量为32,854吨。","{""numeric_tokens"":[""2025""],""evidence_quote"":""类别 | 指标 | 单位 | 2025年度数据""}",deterministic_canonical_hardening,2026-08-24T13:35:14.356040+00:00
002573_清新环境_2025_ESG报告,e_air_pollutants,True,"类别 | 指标 | 单位 | 2025年度数据 污染物 | 废气排放总量 | 立方米 | 488,118,847","类别 | 指标 | 单位 | 2025年度数据 
污染物 | 废气排放总量 | 立方米 | 488,118,847",direct,direct,,,,deterministic_canonical_hardening,2026-08-24T13:35:14.356040+00:00
002573_清新环境_2025_ESG报告,g_board_size,True,董事会成员 | 共召开董事会 | 审议议案 8名 | 14次 | 49项,"董事会成员 | 共召开董事会 | 审议议案 
8名 | 14次 | 49项",direct,direct,,,,deterministic_canonical_hardening,2026-08-24T13:35:14.356040+00:00
002573_清新环境_2025_ESG报告,g_board_meetings,True,董事会成员 | 共召开董事会 | 审议议案 8名 | 14次 | 49项,"董事会成员 | 共召开董事会 | 审议议案 
8名 | 14次 | 49项",direct,direct,,,,deterministic_canonical_hardening,2026-08-24T13:35:14.356040+00:00
002573_清新环境_2025_ESG报告,g_business_ethics,True,坚持党建引领 18 完善公司治理 21 严守合规底线 23 健全风控体系 25 恪守商业道德 26 保护投资者权益 27,"坚持党建引领 18
完善公司治理 21
严守合规底线 23
健全风控体系 25
恪守商业道德 26
保护投资者权益 27",,,,,,deterministic_canonical_hardening,2026-08-24T13:35:14.356040+00:00
002627_三峡旅游_2025_ESG报告,e_electricity_total,True,"间接能源消耗量 | 吨标准煤 | 1,346.87 | 1,556.70 | 2,381.77 其中:外购电力量 | 万千瓦时 | 1,192.98 | 1,378.83 | 2,109.62","间接能源消耗量 | 吨标准煤 | 1,346.87 | 1,556.70 | 2,381.77 
其中:外购电力量 | 万千瓦时 | 1,192.98 | 1,378.83 | 2,109.62",direct,direct,,,,deterministic_canonical_hardening,2026-08-24T13:35:14.356040+00:00
002627_三峡旅游_2025_ESG报告,s_employee_total,True,"2025年员工构成情况 员工总数 2,124 人","2025年员工构成情况
员工总数 2,124 人",direct,direct,,,,deterministic_canonical_hardening,2026-08-24T13:35:14.356040+00:00
002627_三峡旅游_2025_ESG报告,s_customer_complaints,True,议题 | 单位 | 2024年 | 2025年 客户投诉数量 | 次 | 683 | 599,"议题 | 单位 | 2024年 | 2025年 
客户投诉数量 | 次 | 683 | 599",direct,direct,,,,deterministic_canonical_hardening,2026-08-24T13:35:14.356040+00:00
002627_三峡旅游_2025_ESG报告,g_esg_governance,True,公司建立“董事会—战略发展委员会—领导小组—工作专班”四级ESG治理架构。董事会与战略发展委员会负责ESG顶层设计与重大事项决策。,公司建立“董事会—战略发展委员会—领导小组—工作专班”四级ESG治理架构。董事会与战略发展委员会负责ESG顶层设计与重大事项决策,,,,,,deterministic_canonical_hardening,2026-08-24T13:35:14.356040+00:00
002627_三峡旅游_2025_ESG报告,g_anti_corruption,True,三峡旅游建立反商业贿赂与反贪腐管理体系，覆盖合规政策制定、高风险岗位监督、员工培训、举报机制与违规问责全流程，形成事前预防、事中监控、事后追责的闭环管理机制。,三峡旅游建立反商业贿赂与反贪腐管理体系，覆盖合规政策制定、高风险岗位监督、员工培训、举报机制与违规问责全流程，形成事前预防、事中监控、事后追责的闭环管理机制,,,,,,deterministic_canonical_hardening,2026-08-24T13:35:14.356040+00:00
002649_博彦科技_2025_ESG报告,s_research_development,True,"指标 | 单位 | 2023年 | 2024年 | 2025年 创新驱动 研发投入 | 万元 | 32,678.72 | 32,250.04 | 29,653.13","指标 | 单位 | 2023年 | 2024年 | 2025年 
创新驱动 
研发投入 | 万元 | 32,678.72 | 32,250.04 | 29,653.13",direct,direct,,,,deterministic_canonical_hardening,2026-08-24T13:35:14.356040+00:00
002649_博彦科技_2025_ESG报告,g_board_diversity,True,截至2025年底，公司董事会由7名成员组成，其中女性董事1名、占比 14.29% ，独立董事3名、占比 42.86% 。,"截至2025年底，公司董事会由7名成员组成，其中女性董事1名、占比 
14.29\%
，独立董事3名、占比 
42.86\%",direct,direct,,,,deterministic_canonical_hardening,2026-08-24T13:35:14.356040+00:00
002649_博彦科技_2025_ESG报告,g_materiality_assessment,True,报告期内，结合相关监管要求与公司实际运营情况，通过发放议题调研问卷开展实质性议题评估，初步识别出对于公司具有双重重要性的议题，针对重点议题制定管理目标和策略。,报告期内，结合相关监管要求与公司实际运营情况，通过发放议题调研问卷开展实质性议题评估，初步识别出对于公司具有双重重要性的议题，针对重点议题制定管理目标和策略,,,,,,deterministic_canonical_hardening,2026-08-24T13:35:14.356040+00:00
002663_普邦股份_2025_ESG报告,e_green_office,True,推行无纸化办公，推动文件审批电子化及电子合同应用，减少纸质文件使用及传递过程中的资源消耗与碳排放；设置打印默认双面模式，建立废纸回收再利用机制,"推行无纸化办公，推动文件审批电子化及电子合同应用，减少纸质文件使用及传递过程中的资源消耗与碳排放；
- 设置打印默认双面模式，建立废纸回收再利用机制",,,,,,deterministic_canonical_hardening,2026-08-24T13:35:14.356040+00:00
002663_普邦股份_2025_ESG报告,g_independent_director_ratio,True,| Category | Value | | --- | --- | | 董事会独立董事占比 | 33% |,"Category | Value |
| --- | --- |
| 董事会独立董事占比 | 33%",direct,direct,,,,deterministic_canonical_hardening,2026-08-24T13:35:14.356040+00:00
002692_远程股份_2026_ESG报告,e_ghg_total,True,"关键指标 | 单位 | 2024年 | 2025年 温室气体排放总量 | 吨二氧化碳当量 | 13,380.09 | 14,446","关键指标 | 单位 | 2024年 | 2025年 
温室气体排放总量 | 吨二氧化碳当量 | 13,380.09 | 14,446",direct,direct,,,,deterministic_canonical_hardening,2026-08-24T13:35:14.356040+00:00
002692_远程股份_2026_ESG报告,e_electricity_total,True,"关键指标 | 单位 | 2024年 | 2025年 外购电力 | 万千瓦时 | 2,495.85 | 2,497.58","关键指标 | 单位 | 2024年 | 2025年 
外购电力 | 万千瓦时 | 2,495.85 | 2,497.58",direct,direct,,,,deterministic_canonical_hardening,2026-08-24T13:35:14.356040+00:00
002692_远程股份_2026_ESG报告,e_air_pollutants,True,关键指标 | 单位 | 2024年 | 2025年 废气排放总量 | 吨 | 0.513 | 0.609,"关键指标 | 单位 | 2024年 | 2025年 
废气排放总量 | 吨 | 0.513 | 0.609",direct,direct,,,,deterministic_canonical_hardening,2026-08-24T13:35:14.356040+00:00
002692_远程股份_2026_ESG报告,s_customer_complaints,True,关键指标 | 单位 | 2025年 客户投诉数量 | 次 | 117,"关键指标 | 单位 | 2025年 
客户投诉数量 | 次 | 117",direct,direct,,,,deterministic_canonical_hardening,2026-08-24T13:35:14.356040+00:00
002692_远程股份_2026_ESG报告,s_research_development,True,"关键指标 | 单位 | 2023年 | 2024年 | 2025年 研发投入 | 万元 | 13,138 | 18,003 | 20,509","关键指标 | 单位 | 2023年 | 2024年 | 2025年 
研发投入 | 万元 | 13,138 | 18,003 | 20,509",direct,direct,,,,deterministic_canonical_hardening,2026-08-24T13:35:14.356040+00:00
002692_远程股份_2026_ESG报告,s_patents,True,关键指标 | 单位 | 2024年 | 2025年 授权专利累计数 | 项 | 6 | 7,"关键指标 | 单位 | 2024年 | 2025年 
授权专利累计数 | 项 | 6 | 7",direct,direct,,,,deterministic_canonical_hardening,2026-08-24T13:35:14.356040+00:00
002692_远程股份_2026_ESG报告,g_esg_governance,True,建立了层次分明、权责清晰的可持续发展治理架构，构建决策层、管理层、执行层三级联动的ESG管理体系。,建立了层次分明、权责清晰的可持续发展治理架构，构建决策层、管理层、执行层三级联动的ESG管理体系,,,,,,deterministic_canonical_hardening,2026-08-24T13:35:14.356040+00:00
002692_远程股份_2026_ESG报告,e_renewable_energy,True,可再生能源消耗总量 | 吨标准煤 | 517.40 | 727.04 可再生能源消耗占比 | % | 14.07 | 18.73,"可再生能源消耗总量 | 吨标准煤 | 517.40 | 727.04 
可再生能源消耗占比 | % | 14.07 | 18.73",direct,direct,,,,deterministic_canonical_hardening,2026-08-24T13:35:14.356040+00:00
002782_可立克_2025_可持续发展报告,e_water_total,True,"水资源利用 总取水量 | 吨 | 266,697","水资源利用 
总取水量 | 吨 | 266,697",direct,direct,,,,deterministic_canonical_hardening,2026-08-24T13:35:14.356040+00:00
002782_可立克_2025_可持续发展报告,s_research_development,True,"管理指标 | 单位 | 2025年 研发投入 | 万元 | 14,136.68","管理指标 | 单位 | 2025年 
研发投入 | 万元 | 14,136.68",direct,direct,,,,deterministic_canonical_hardening,2026-08-24T13:35:14.356040+00:00
002782_可立克_2025_可持续发展报告,s_human_rights,True,公司通过身份信息核查与合规审查机制，从源头确保员工达到法定工作年龄且雇佣行为基于自愿原则，坚决防范童工及任何形式的强迫劳动。同时，公司在招聘与用工过程中坚持公平与非歧视原则。,公司通过身份信息核查与合规审查机制，从源头确保员工达到法定工作年龄且雇佣行为基于自愿原则，坚决防范童工及任何形式的强迫劳动。同时，公司在招聘与用工过程中坚持公平与非歧视原则,,,,,,deterministic_canonical_hardening,2026-08-24T13:35:14.356040+00:00
002807_江阴银行_2025_ESG报告,e_water_total,True,"水资源消耗(法人行+村镇) 总耗水量 | 吨 | 74,120.00 | 69,623.30","水资源消耗(法人行+村镇) 
总耗水量 | 吨 | 74,120.00 | 69,623.30",direct,direct,,,,deterministic_canonical_hardening,2026-08-24T13:35:14.356040+00:00
002807_江阴银行_2025_ESG报告,e_waste_total,False,"废弃物管理(法人行+村镇) 
无害废弃物产生量 | 吨 | / | 23.12","废弃物管理(法人行+村镇) 
无害废弃物产生量 | 吨 | / | 23.12",derived,direct,aggregation_of_disclosed_components,证据明确披露了2025年无害及有害废弃物产生量数值，单位均为吨，可加总得出总量。,"{""numeric_tokens"":[""23.12""],""evidence_quote"":""废弃物管理(法人行+村镇) \n无害废弃物产生量 | 吨 | / | 23.12""}",deterministic_canonical_hardening,2026-08-24T13:35:14.356040+00:00
002807_江阴银行_2025_ESG报告,s_research_development,True,"科技研发(法人行) 研发投入金额 | 万元 | 6,190.19 | 6,025.72","科技研发(法人行) 
研发投入金额 | 万元 | 6,190.19 | 6,025.72",direct,direct,,,,deterministic_canonical_hardening,2026-08-24T13:35:14.356040+00:00
002851_麦格米特_2025_ESG暨社会责任报告,s_data_security,True,数据安全事故 | 次数 | 0 | 0 | 0 客户隐私泄露事故 | 次数 | 0 | 0 | 0 数据信息安全,"数据安全事故 | 次数 | 0 | 0 | 0 
客户隐私泄露事故 | 次数 | 0 | 0 | 0
数据信息安全",,,,,,deterministic_canonical_hardening,2026-08-24T13:35:14.356040+00:00
002851_麦格米特_2025_ESG暨社会责任报告,s_human_rights,True,制定《禁止使用强制劳工管理规定》《救济童工及未成年工保护管理程序》等多项用工管理制度，并在《员工手册》中明确禁止招收童工。,制定《禁止使用强制劳工管理规定》《救济童工及未成年工保护管理程序》等多项用工管理制度，并在《员工手册》中明确禁止招收童工,,,,,,deterministic_canonical_hardening,2026-08-24T13:35:14.356040+00:00
002851_麦格米特_2025_ESG暨社会责任报告,g_independent_director_ratio,False,公司董事会设董事6名，其中独立董事2名,公司董事会设董事6名，其中独立董事2名,derived,normalized_or_inferred,ratio_from_disclosed_counts_or_fraction,证据明确给出董事总数6名及独董2名，可计算占比。,"{""numeric_tokens"":[""6"",""2""],""evidence_quote"":""公司董事会设董事6名，其中独立董事2名""}",deterministic_canonical_hardening,2026-08-24T13:35:14.356040+00:00
002886_沃特股份_2025_ESG报告,e_air_pollutants,True,颗粒物（PM）排放总量 1.42 吨,"颗粒物（PM）排放总量
1.42 吨",direct,direct,,,,deterministic_canonical_hardening,2026-08-24T13:35:14.356040+00:00
002886_沃特股份_2025_ESG报告,e_particulate,True,颗粒物（PM）排放总量 1.42 吨,"颗粒物（PM）排放总量
1.42 吨",direct,direct,,,,deterministic_canonical_hardening,2026-08-24T13:35:14.356040+00:00
002887_绿茵生态_2025_ESG报告,e_green_office,True,- 大力推行无纸化办公；开通线上OA无纸化办公流程，减少纸张使用 - 提倡双面打印,"大力推行无纸化办公；开通线上OA无纸化办公流程，减少纸张使用
- 提倡双面打印",,,,,,deterministic_canonical_hardening,2026-08-24T13:35:14.356040+00:00
002958_青农商行_2025_可持续发展报告,e_green_product,True,银行可以通过创新绿色金融产品和服务，根据绿色产业的特点和需求，设计开发符合绿色产业需求的金融产品和服务，如绿色信贷、绿色债券、绿色基金、碳金融产品等。,"银行可以通过创新绿色金融产品和服务,根据绿色产业的特点和需求,设计开发符合绿色产业需求的金融产品和服务,如绿色信贷、绿色债券、绿色基金、碳金融产品等",,,,,,deterministic_canonical_hardening,2026-08-24T13:35:14.356040+00:00
002958_青农商行_2025_可持续发展报告,g_independent_director_ratio,True,| Category | Percentage | | --- | --- | | 独立董事 | 41.67% | | 非独立董事 | 58.33% |,"Category | Percentage |
| --- | --- |
| 独立董事 | 41.67% |
| 非独立董事 | 58.33%",direct,direct,,,,deterministic_canonical_hardening,2026-08-24T13:35:14.356040+00:00
002958_青农商行_2025_可持续发展报告,g_shareholder_meetings,True,治理绩效 | 单位 | 2025年 股东会召开总次数 | 次 | 2,"治理绩效 | 单位 | 2025年 
股东会召开总次数 | 次 | 2",direct,direct,,,,deterministic_canonical_hardening,2026-08-24T13:35:14.356040+00:00
002999_天禾股份_2025_ESG报告,e_fuel_consumption,False,"化石能源 | 汽油 | 吨 | 54.98 
柴油 | 吨 | 88.20 
液化石油气 | 吨 | 1.03 
液化天然气 | 千克 | 624","化石能源 | 汽油 | 吨 | 54.98 
柴油 | 吨 | 88.20 
液化石油气 | 吨 | 1.03 
液化天然气 | 千克 | 624",derived,normalized_or_inferred,deterministic_normalization_from_disclosed_evidence,表格明确列出了各类燃料的消耗量数值及单位。,"{""numeric_tokens"":[""54.98"",""88.20"",""1.03"",""624""],""evidence_quote"":""化石能源 | 汽油 | 吨 | 54.98 \n柴油 | 吨 | 88.20 \n液化石油气 | 吨 | 1.03 \n液化天然气 | 千克 | 624""}",deterministic_canonical_hardening,2026-08-24T13:35:14.356040+00:00
002999_天禾股份_2025_ESG报告,e_waste_recycling,False,农药栀子 | 310414 | 10527.26,农药栀子 | 310414 | 10527.26,derived,normalized_or_inferred,aggregation_of_disclosed_components,证据表格明确列出了各类包装废弃物的回收重量，单位均为公斤，可加总得出总量。,"{""numeric_tokens"":[""310414"",""10527.26""],""evidence_quote"":""农药栀子 | 310414 | 10527.26""}",deterministic_canonical_hardening,2026-08-24T13:35:14.356040+00:00
002999_天禾股份_2025_ESG报告,s_employee_total,True,"员工总数 | 劳动合同签署率 | 新进员工数 | 管理人员中女性人数 | 管理人员中女性人数比例 2,708人 | 100% | 376人 | 18人 | 14.4%","员工总数 | 劳动合同签署率 | 新进员工数 | 管理人员中女性人数 | 管理人员中女性人数比例 
2,708人 | 100% | 376人 | 18人 | 14.4%",direct,direct,,,,deterministic_canonical_hardening,2026-08-24T13:35:14.356040+00:00
002999_天禾股份_2025_ESG报告,s_customer_satisfaction,True,珠海瑞农、大丰植保客户满意度为97.75分 科农种业客户满意度为100分,"珠海瑞农、大丰植保客户满意度为97.75分 
科农种业客户满意度为100分",direct,direct,,,,deterministic_canonical_hardening,2026-08-24T13:35:14.356040+00:00
002999_天禾股份_2025_ESG报告,s_community_investment,True,广东省土木村慈善基金会 荣誉证书 广东天禾农资股份有限公司: _ 柒万肆仟陆佰捌拾陆元叁角贰分 您（你们）为社会公益事业的捐款（物）_ 元（件）我会已接收。,"广东省土木村慈善基金会
荣誉证书
广东天禾农资股份有限公司:
_ 柒万肆仟陆佰捌拾陆元叁角贰分
您（你们）为社会公益事业的捐款（物）_
元（件）我会已接收",derived,direct,unit_scale_normalization,证据明确披露了向慈善基金会捐赠的具体金额，符合公益慈善投入指标定义。,"{""numeric_tokens"":[],""evidence_quote"":""广东省土木村慈善基金会\n荣誉证书\n广东天禾农资股份有限公司:\n_ 柒万肆仟陆佰捌拾陆元叁角贰分\n您（你们）为社会公益事业的捐款（物）_\n元（件）我会已接收""}",deterministic_canonical_hardening,2026-08-24T13:35:14.356040+00:00
002999_天禾股份_2025_ESG报告,g_independent_director_ratio,False,公司董事会现由6名非独立董事和3名独立董事共同组成，符合相关法律法规要求。,公司董事会现由6名非独立董事和3名独立董事共同组成，符合相关法律法规要求。,derived,normalized_or_inferred,ratio_from_disclosed_counts_or_fraction,证据明确给出独董与非独董人数，可计算占比。,"{""numeric_tokens"":[""6"",""3""],""evidence_quote"":""公司董事会现由6名非独立董事和3名独立董事共同组成，符合相关法律法规要求。""}",deterministic_canonical_hardening,2026-08-24T13:35:14.356040+00:00
002999_天禾股份_2025_ESG报告,g_shareholder_meetings,True,股东会召开次数 | 股东会审议通过议案数 | 董事会召开次数 | 董事会成员出席率 4次 | 14项 | 14次 | 100%,"股东会召开次数 | 股东会审议通过议案数 | 董事会召开次数 | 董事会成员出席率 
4次 | 14项 | 14次 | 100%",direct,direct,,,,deterministic_canonical_hardening,2026-08-24T13:35:14.356040+00:00
002999_天禾股份_2025_ESG报告,g_tax_transparency,True,政府及监管机构 | ·合规经营 | ·依法运营 ·依法纳税 | ·足额纳税,"政府及监管机构 | ·合规经营 | ·依法运营 
·依法纳税 | ·足额纳税",,,,,,deterministic_canonical_hardening,2026-08-24T13:35:14.356040+00:00
002999_天禾股份_2025_ESG报告,g_party_building,True,公司党委持续深化党建品牌创建工作，依托“一支部一品牌”建设机制，系统推进党建工作与“三农”工作深度融合。,公司党委持续深化党建品牌创建工作，依托“一支部一品牌”建设机制，系统推进党建工作与“三农”工作深度融合,,,,,,deterministic_canonical_hardening,2026-08-24T13:35:14.356040+00:00
003030_祖名股份_2025_ESG报告,e_waste_total,True,"固体废弃物 | 无害废弃物排放总量 | 吨 | 15,694.66 危险废弃物排放总量 | 吨 | 17.14","固体废弃物 | 无害废弃物排放总量 | 吨 | 15,694.66 
危险废弃物排放总量 | 吨 | 17.14",derived,direct,aggregation_of_disclosed_components,证据明确列出无害及危险废弃物排放量，求和得总产生量。,"{""numeric_tokens"":[""15,694.66"",""17.14""],""evidence_quote"":""固体废弃物 | 无害废弃物排放总量 | 吨 | 15,694.66 \n危险废弃物排放总量 | 吨 | 17.14""}",deterministic_canonical_hardening,2026-08-24T13:35:14.356040+00:00
003030_祖名股份_2025_ESG报告,s_product_quality,True,公司坚持“具体执行标准高于国家标准”的原则，通过构建涵盖“研发、采购、生产、仓储、配送、销售”全价值链的质量受控体系，并依托ISO 9001及ISO 22000双重体系认证。,公司坚持“具体执行标准高于国家标准”的原则，通过构建涵盖“研发、采购、生产、仓储、配送、销售”全价值链的质量受控体系，并依托ISO 9001及ISO 22000双重体系认证,,,,,,deterministic_canonical_hardening,2026-08-24T13:35:14.356040+00:00
003030_祖名股份_2025_ESG报告,s_research_development,True,"2025年 创新研发 | 研发投入总额 | 元 | 16,196,451.05","2025年 
创新研发 | 研发投入总额 | 元 | 16,196,451.05",direct,direct,,,,deterministic_canonical_hardening,2026-08-24T13:35:14.356040+00:00
003030_祖名股份_2025_ESG报告,g_business_ethics,True,"20 | 反商业贿赂及反贪污 | 第二章 守合规治企,固稳健根基第三节 恪守商业道德 21 | 反不正当竞争 | 第二章 守合规治企,固稳健根基第三节 恪守商业道德","20 | 反商业贿赂及反贪污 | 第二章 守合规治企,固稳健根基第三节 恪守商业道德 
21 | 反不正当竞争 | 第二章 守合规治企,固稳健根基第三节 恪守商业道德",,,,,,deterministic_canonical_hardening,2026-08-24T13:35:14.356040+00:00
00553_南京熊猫电子股份_2025_ESG报告,e_water_total,True,"類別 | 單位 | 2023年 | 2024年 | 2025年 耗水量 | 噸 | 187,189.21 | 203,327.98 | 221,264.20","類別 | 單位 | 2023年 | 2024年 | 2025年 
耗水量 | 噸 | 187,189.21 | 203,327.98 | 221,264.20",direct,direct,,,,deterministic_canonical_hardening,2026-08-24T13:35:14.356040+00:00
00568_山东墨龙_2025_ESG报告,e_water_total,True,"披露指標 | 單位 | 2024年 | 2025年 水資源使用 | 取水量 | 噸 | 26,372.20 | 29,311.00 總耗水量 | 噸 | 26,372.20 | 29,311.00","披露指標 | 單位 | 2024年 | 2025年 
水資源使用 | 取水量 | 噸 | 26,372.20 | 29,311.00 
總耗水量 | 噸 | 26,372.20 | 29,311.00",direct,direct,,,,deterministic_canonical_hardening,2026-08-24T13:35:14.356040+00:00
00568_山东墨龙_2025_ESG报告,e_air_pollutants,True,"氣體污染物排放 | 廢氣總量 | 立方米 | 1,248,901,104.00 | 1,715,230,126.00 顆粒物 | 千克 | 2,040.00 | 3,236.38","氣體污染物排放 | 廢氣總量 | 立方米 | 1,248,901,104.00 | 1,715,230,126.00 
顆粒物 | 千克 | 2,040.00 | 3,236.38",direct,direct,,,,deterministic_canonical_hardening,2026-08-24T13:35:14.356040+00:00
00568_山东墨龙_2025_ESG报告,s_research_development,True,"2025年 研發投入 | 元 | 45,080,295","2025年 
研發投入 | 元 | 45,080,295",direct,direct,,,,deterministic_canonical_hardening,2026-08-24T13:35:14.356040+00:00
00588_北京北辰实业股份_2025_可持续发展报告,e_electricity_total,True,36. | 能源消耗量 ^{4} | 能源消耗总量 | 兆瓦时 | 128283 | 135369 | 124618 | 外购电力 | 兆瓦时 | 54202 | 57104 | 52781,"36. | 能源消耗量 ^{4} 
| 能源消耗总量 | 兆瓦时 | 128283 | 135369 | 124618 
| 外购电力 | 兆瓦时 | 54202 | 57104 | 52781",direct,direct,,,,deterministic_canonical_hardening,2026-08-24T13:35:14.356040+00:00
00588_北京北辰实业股份_2025_可持续发展报告,e_fuel_consumption,True,36. | 能源消耗量 ^{4} | 能源消耗总量 | 兆瓦时 | 128283 | 135369 | 124618,"36. | 能源消耗量 ^{4} 
| 能源消耗总量 | 兆瓦时 | 128283 | 135369 | 124618",direct,direct,,,,deterministic_canonical_hardening,2026-08-24T13:35:14.356040+00:00
00588_北京北辰实业股份_2025_可持续发展报告,e_air_pollutants,True,19. | 氮氧化物 $^{1}$ | 公吨 | 0.667 | 0.679 | 0.646 20. | 硫氧化物 $^{2}$ | 公吨 | 0.021 | 0.021 | 0.019,"19. | 氮氧化物 $^{1}$ | 公吨 | 0.667 | 0.679 | 0.646 
20. | 硫氧化物 $^{2}$ | 公吨 | 0.021 | 0.021 | 0.019",direct,direct,,,,deterministic_canonical_hardening,2026-08-24T13:35:14.356040+00:00
00588_北京北辰实业股份_2025_可持续发展报告,s_rural_revitalization,True,北辰实业结合自身功能定位与资源优势，扎实推进乡村振兴帮扶工作，持续深化产业兴村、就业稳岗、消费助农等多维举措，构建起覆盖外埠及本市对口帮扶村的多元长效帮扶体系。,北辰实业结合自身功能定位与资源优势，扎实推进乡村振兴帮扶工作，持续深化产业兴村、就业稳岗、消费助农等多维举措，构建起覆盖外埠及本市对口帮扶村的多元长效帮扶体系,,,,,,deterministic_canonical_hardening,2026-08-24T13:35:14.356040+00:00
00588_北京北辰实业股份_2025_可持续发展报告,g_risk_management,True,构建由主要负责人领导、首席合规官牵头、相关部门和企业协同配合的合规风险报告和应对机制 定期组织召开风险管控工作领导小组会,"构建由主要负责人领导、首席合规官牵头、相关部门和企业协同配合的合规风险报告和应对机制
定期组织召开风险管控工作领导小组会",,,,,,deterministic_canonical_hardening,2026-08-24T13:35:14.356040+00:00
00588_北京北辰实业股份_2025_可持续发展报告,g_investor_relations,True,投资者及股东 | 创造市场价值 | 股东大会 公司网站投资者专栏 降低经营风险 | 投资者关系热线 信息合规披露 | 年报及ESG报告 投资者调研 上证e互动 投资者集体接待日 策略会,"投资者及股东 | 创造市场价值 | 股东大会 
公司网站投资者专栏 
降低经营风险 | 投资者关系热线 
信息合规披露 | 年报及ESG报告 
投资者调研 
上证e互动 
投资者集体接待日 
策略会",,,,,,deterministic_canonical_hardening,2026-08-24T13:35:14.356040+00:00
00966_中国太平_2025_ESG暨社会责任报告,e_water_total,True,"A2.2總耗水量及密度 總耗水量 | 立方米 | $345,425.88^{12}$ | 319,143.22 | 390,967.74","A2.2總耗水量及密度 
總耗水量 | 立方米 | $345,425.88^{12}$ | 319,143.22 | 390,967.74",direct,direct,,,,deterministic_canonical_hardening,2026-08-24T13:35:14.356040+00:00
00966_中国太平_2025_ESG暨社会责任报告,s_human_rights,True,層面 B4: 勞工準則 一般披露 | 有關防止童工或強制勞工的:(a) 政策; 及(b) 遵守對發行人有重大影響的相關法律及規例的資料。 | 携手員工成長ESG 政策列表,"層面 B4: 勞工準則 
一般披露 | 有關防止童工或強制勞工的:(a) 政策; 及(b) 遵守對發行人有重大影響的相關法律及規例的資料。 | 携手員工成長ESG 政策列表",,,,,,deterministic_canonical_hardening,2026-08-24T13:35:14.356040+00:00
01216_中原银行_2025_ESG报告,e_fuel_consumption,True,"汽油使用量1 | 升 | 206,016.23 | 190,344.83 | 168,628.72 柴油使用量2 | 升 | 11,564.45 | 5,492.60 | 6,194.08","汽油使用量1 | 升 | 206,016.23 | 190,344.83 | 168,628.72 
柴油使用量2 | 升 | 11,564.45 | 5,492.60 | 6,194.08",direct,direct,,,,deterministic_canonical_hardening,2026-08-24T13:35:14.356040+00:00
01216_中原银行_2025_ESG报告,s_data_security,True,本行嚴格遵守《中華人民共和國數據安全法》《中華人民共和國個人信息保護法》等法律法規，高度重視私隱安全保障，制定《個人金融信息保護管理辦法》。,本行嚴格遵守《中華人民共和國數據安全法》《中華人民共和國個人信息保護法》等法律法規，高度重視私隱安全保障，制定《個人金融信息保護管理辦法,,,,,,deterministic_canonical_hardening,2026-08-24T13:35:14.356040+00:00
01359_中国信达_2025_ESG暨社会责任报告,e_fuel_consumption,True,汽油 | 噸 | 294.32 | 296.94 柴油 | 噸 | 0 | 5.16 天然氣 | 萬立方米 | 11.35 | 21.54 液化石油氣 | 噸 | 5 | 0,"汽油 | 噸 | 294.32 | 296.94 
柴油 | 噸 | 0 | 5.16 
天然氣 | 萬立方米 | 11.35 | 21.54 
液化石油氣 | 噸 | 5 | 0",direct,direct,,,,deterministic_canonical_hardening,2026-08-24T13:35:14.356040+00:00
01359_中国信达_2025_ESG暨社会责任报告,g_party_building,True,中国信达专题党委会 暨党的建设工作领导小组会议 （学习教育总结会） 2025年9月12日,"中国信达专题党委会
暨党的建设工作领导小组会议
（学习教育总结会）
2025年9月12日",,,,,,deterministic_canonical_hardening,2026-08-24T13:35:14.356040+00:00
01432_中国圣牧_2025_ESG报告,e_water_total,True,"| 指標內容 | 單位 | 2025 | 2024 | 2023 水管理 | 總取水量 | 噸 | 3,006,834.00 | 3,153,746.00 | 3,383,613.20","指標內容 | 單位 | 2025 | 2024 | 2023 
水管理 | 總取水量 | 噸 | 3,006,834.00 | 3,153,746.00 | 3,383,613.20",direct,direct,,,,deterministic_canonical_hardening,2026-08-24T13:35:14.356040+00:00
01432_中国圣牧_2025_ESG报告,s_compensation_benefits,True,持續優化薪酬及福利體系，給予員工具有市場競爭力的薪酬。為員工改善居住條件、豐富業餘生活，成立員工互助基金幫扶困難員工。,"持續優化薪酬及福利體系,給予員工具有市場競爭力的薪酬。· 為員工改善居住條件、豐富業餘生活,成立員工互助基金幫扶困難員工",,,,,,deterministic_canonical_hardening,2026-08-24T13:35:14.356040+00:00
01950_帝王实业控股_2026_ESG报告,e_water_total,True,"水資源 | 單位 | 2025年 | 2024年 耗水量 | 立方米 | 81,810 | 32,890","水資源 | 單位 | 2025年 | 2024年 
耗水量 | 立方米 | 81,810 | 32,890",direct,direct,,,,deterministic_canonical_hardening,2026-08-24T13:35:14.356040+00:00
01950_帝王实业控股_2026_ESG报告,e_air_pollutants,True,廢氣及溫室氣體 | 單位 | 2025年 | 2024年 廢氣 | | | 氮氧化物 | 公斤 | 27.22 | 27.47 硫氧化物 | 公斤 | 0.37 | 0.39 顆粒物 | 公斤 | 2.61 | 2.06,"廢氣及溫室氣體 | 單位 | 2025年 | 2024年 
廢氣 | | | 
氮氧化物 | 公斤 | 27.22 | 27.47 
硫氧化物 | 公斤 | 0.37 | 0.39 
顆粒物 | 公斤 | 2.61 | 2.06",direct,direct,,,,deterministic_canonical_hardening,2026-08-24T13:35:14.356040+00:00
02402_亿华通_2025_ESG报告,g_esg_governance,True,03| ESG治理架構,03 | ESG治理架構,,,,,,deterministic_canonical_hardening,2026-08-24T13:35:14.356040+00:00
02402_亿华通_2025_ESG报告,g_information_disclosure,True,高標準的公司治理與透明的信息披露，能夠增強投資者、客戶等利益相關方的長期信任，降低資本成本，獲得合作優勢。,"高標準的公司治理與透明的信息披露,能夠增強投資者、客戶等利益相關方的長期信任,降低資本成本,獲得合作優勢",,,,,,deterministic_canonical_hardening,2026-08-24T13:35:14.356040+00:00
02651_大众口腔_2025_ESG报告,e_ghg_intensity,True,"溫室氣體排放總量 | 噸二氧化碳當量 | 2,032.94 範圍一 | 噸二氧化碳當量 | 8.35 範圍二 | 噸二氧化碳當量 | 2,024.59 密度 | 噸二氧化碳當量/人民幣萬元營業收入 | 0.05","溫室氣體排放總量 | 噸二氧化碳當量 | 2,032.94 
範圍一 | 噸二氧化碳當量 | 8.35 
範圍二 | 噸二氧化碳當量 | 2,024.59 
密度 | 噸二氧化碳當量/人民幣萬元營業收入 | 0.05",direct,direct,,,,deterministic_canonical_hardening,2026-08-24T13:35:14.356040+00:00
02651_大众口腔_2025_ESG报告,g_board_diversity,False,截至報告期末，公司董事會由七名董事構成，其中包含三位獨立董事、三位女性董事及一位職工代表董事。,截至報告期末，公司董事會由七名董事構成，其中包含三位獨立董事、三位女性董事及一位職工代表董事。,derived,direct,deterministic_normalization_from_disclosed_evidence,证据明确披露董事会总人数为7名，符合定量指标要求。,"{""numeric_tokens"":[],""evidence_quote"":""截至報告期末，公司董事會由七名董事構成，其中包含三位獨立董事、三位女性董事及一位職工代表董事。""}",deterministic_canonical_hardening,2026-08-24T13:35:14.356040+00:00
02676_纳芯微_2025_ESG报告,e_fuel_consumption,True,納芯微能源消耗 | 柴油/升 | 電力消耗/千瓦時 | 綜合能源消耗³/噸標準煤 | 綜合能源消耗強度/噸標煤每百萬營收 2025年 | 14.00,"納芯微能源消耗 | 柴油/升 | 電力消耗/千瓦時 | 綜合能源消耗³/噸標準煤 | 綜合能源消耗強度/噸標煤每百萬營收 
2025年 | 14.00",direct,direct,,,,deterministic_canonical_hardening,2026-08-24T13:35:14.356040+00:00
02676_纳芯微_2025_ESG报告,e_water_total,True,"| 總耗水量/噸 | 單位取水量/噸每百萬營收 2025年 | 10,703.00 | 3.18 2024年 | 8,724.00 | 4.45","總耗水量/噸 | 單位取水量/噸每百萬營收 
2025年 | 10,703.00 | 3.18 
2024年 | 8,724.00 | 4.45",direct,direct,,,,deterministic_canonical_hardening,2026-08-24T13:35:14.356040+00:00
06198_青岛港_2025_ESG报告,e_fuel_consumption,True,"綜合能源消耗量 | 兆瓦時 | 1,425,499 | 1,411,198 | 1,387,436 其中:1.直接能源消耗 | 兆瓦時 | 534,707 | 531,052 | 495,441","綜合能源消耗量 | 兆瓦時 | 1,425,499 | 1,411,198 | 1,387,436 
其中:1.直接能源消耗 | 兆瓦時 | 534,707 | 531,052 | 495,441",direct,direct,,,,deterministic_canonical_hardening,2026-08-24T13:35:14.356040+00:00
06656_思格新能_2025_ESG报告,s_human_rights,True,B4:勞工準則 一般披露 | 有關防止童工或強制勞工的:(a)政策;以及(b)遵守對發行人有重大影響的相關法律及規例的資料。,"B4:勞工準則 
一般披露 | 有關防止童工或強制勞工的:(a)政策;以及(b)遵守對發行人有重大影響的相關法律及規例的資料",,,,,,deterministic_canonical_hardening,2026-08-24T13:35:14.356040+00:00
06810_商米科技-Ｗ_2025_ESG报告,e_ghg_scope1,False,商米溫室氣體排放數據（ISO14064 核算口徑） 2025,商米溫室氣體排放數據（ISO14064 核算口徑） 2025,derived,normalized_or_inferred,deterministic_normalization_from_disclosed_evidence,证据明确披露2025年范围一排放数值及单位。,"{""numeric_tokens"":[""14064"",""2025""],""evidence_quote"":""商米溫室氣體排放數據（ISO14064 核算口徑） 2025""}",deterministic_canonical_hardening,2026-08-24T13:35:14.356040+00:00
09668_渤海银行_2025_ESG暨社会责任报告,g_anti_corruption,True,■ 反腐敗 | | 《渤海銀行黨委關於一體推進不敢腐不能腐不想腐的實施方案》,"反腐敗 | 
| 《渤海銀行黨委關於一體推進不敢腐不能腐不想腐的實施方案",,,,,,deterministic_canonical_hardening,2026-08-24T13:35:14.356040+00:00
300035_中科电气_2025_ESG报告,s_employee_rights,True,提供就业机会，保障员工权益，创造安全有保障、关怀有温度的工作环境，实现企业和员工共赢发展。明确禁止雇佣童工和强迫劳动,"提供就业机会，保障员工权益，创造安全有保障、关怀有温度的工作环境，实现企业和员工共赢发展。
- 明确禁止雇佣童工和强迫劳动",,,,,,deterministic_canonical_hardening,2026-08-24T13:35:14.356040+00:00
300035_中科电气_2025_ESG报告,s_rural_revitalization,True,中科电气高度重视乡村发展，以乡村振兴为己任，聚焦产业带动、设施共建、民生改善三大重点。公司积极探索可持续帮扶路径，构建企村协同发展新格局，以实际行动赋能乡村振兴。,中科电气高度重视乡村发展，以乡村振兴为己任，聚焦产业带动、设施共建、民生改善三大重点。公司积极探索可持续帮扶路径，构建企村协同发展新格局，以实际行动赋能乡村振兴,,,,,,deterministic_canonical_hardening,2026-08-24T13:35:14.356040+00:00
300035_中科电气_2025_ESG报告,g_business_ethics,True,公司秉持公平公正、诚信经营的商业道德准则，要求全员严守法律与道德底线。公司强化全员廉洁管理，要求新入职员工100%签署《廉洁自律协议》。,公司秉持公平公正、诚信经营的商业道德准则，要求全员严守法律与道德底线。公司强化全员廉洁管理，要求新入职员工100%签署《廉洁自律协议,,,,,,deterministic_canonical_hardening,2026-08-24T13:35:14.356040+00:00
300068_ST南都_2025_ESG报告,e_ammonia_nitrogen,True,废水及大气污染排放 | 化学需氧量(COD) | 吨 | 14.72 | 2.46 | 10.95 氨氮 | 吨 | 0.16 | 0.74 | 0.91,"废水及大气污染排放 | 化学需氧量(COD) | 吨 | 14.72 | 2.46 | 10.95 
氨氮 | 吨 | 0.16 | 0.74 | 0.91",direct,direct,,,,deterministic_canonical_hardening,2026-08-24T13:35:14.356040+00:00
300068_ST南都_2025_ESG报告,e_waste_total,False,一般工业固废生成总量 | 吨 | 34144.15,一般工业固废生成总量 | 吨 | 34144.15,derived,direct,aggregation_of_disclosed_components,证据明确披露一般工业固废和危险废物生成总量，求和得废弃物产生总量。,"{""numeric_tokens"":[""34144.15""],""evidence_quote"":""一般工业固废生成总量 | 吨 | 34144.15""}",deterministic_canonical_hardening,2026-08-24T13:35:14.356040+00:00
300068_ST南都_2025_ESG报告,e_hazardous_waste,False,"危险废物 | 严格遵守危险废弃物管理要求,转移处置危险废物,并委托有资质的第三方供应商进行转移、处置及回收再利用 | 13036.7","危险废物 | 严格遵守危险废弃物管理要求,转移处置危险废物,并委托有资质的第三方供应商进行转移、处置及回收再利用 | 13036.7",direct,normalized_or_inferred,,,,deterministic_canonical_hardening,2026-08-24T13:35:14.356040+00:00
300068_ST南都_2025_ESG报告,e_air_pollutants,True,大气污染物 | 颗粒物(PM) | 7.57(吨) | 是 | 31.946(吨) | 无 二氧化硫(SO2) | 8.23(吨) | 是 | 157.711(吨) | 无 氮氧化物(NOX) | 7.82(吨) | 是 | 82.78(吨) | 无 其它:铅及其化合物 | 0.258(吨) | 是 | 2.769(吨) | 无,"大气污染物 | 颗粒物(PM) | 7.57(吨) | 是 | 31.946(吨) | 无 
二氧化硫(SO2) | 8.23(吨) | 是 | 157.711(吨) | 无 
氮氧化物(NOX) | 7.82(吨) | 是 | 82.78(吨) | 无 
其它:铅及其化合物 | 0.258(吨) | 是 | 2.769(吨) | 无",direct,direct,,,,deterministic_canonical_hardening,2026-08-24T13:35:14.356040+00:00
300068_ST南都_2025_ESG报告,s_work_injury,True,安全事故具体情况 | 员工损工率 | % | 2.24 | 1.12 | 0.58 百万工时工伤害死亡率 | % | 0 | 0 | 0,"安全事故具体情况 | 员工损工率 | % | 2.24 | 1.12 | 0.58 
百万工时工伤害死亡率 | % | 0 | 0 | 0",direct,direct,,,,deterministic_canonical_hardening,2026-08-24T13:35:14.356040+00:00
300068_ST南都_2025_ESG报告,g_independent_director_ratio,False,董事会作为公司决策的核心机构，由7名董事组成，其中包括3名独立董事,董事会作为公司决策的核心机构，由7名董事组成，其中包括3名独立董事,derived,normalized_or_inferred,ratio_from_disclosed_counts_or_fraction,证据明确给出董事总数7人及独立董事3人，可计算占比。,"{""numeric_tokens"":[""7"",""3""],""evidence_quote"":""董事会作为公司决策的核心机构，由7名董事组成，其中包括3名独立董事""}",deterministic_canonical_hardening,2026-08-24T13:35:14.356040+00:00
300068_ST南都_2025_ESG报告,g_esg_governance,True,治理 | No.1 | 信息安全与隐私保护 | No.5 | 反腐败与商业道德 No.2 | 可持续发展治理 | No.6 | 合规与风险管理 No.3 | 利益相关沟通方 | No.7 | 公平竞争 No.4 | 公司治理,"治理 | No.1 | 信息安全与隐私保护 | No.5 | 反腐败与商业道德 
No.2 | 可持续发展治理 | No.6 | 合规与风险管理 
No.3 | 利益相关沟通方 | No.7 | 公平竞争 
No.4 | 公司治理",,,,,,deterministic_canonical_hardening,2026-08-24T13:35:14.356040+00:00
300100_双林股份_2025_ESG报告,e_electricity_total,True,"绩效指标 | 单位 | 2025年 外购电力 | 兆瓦时 | 144,135.91","绩效指标 | 单位 | 2025年 
外购电力 | 兆瓦时 | 144,135.91",direct,direct,,,,deterministic_canonical_hardening,2026-08-24T13:35:14.356040+00:00
300100_双林股份_2025_ESG报告,e_water_total,True,"整体水资源消耗 | 总耗水量 | 81,228.9 吨 总计用水量 | 578,711 吨","整体水资源消耗 | 总耗水量 | 81,228.9 吨 
总计用水量 | 578,711 吨",direct,direct,,,,deterministic_canonical_hardening,2026-08-24T13:35:14.356040+00:00
300100_双林股份_2025_ESG报告,e_waste_total,True,"无害废弃物总量 | 吨 | 16,205.62 有害废弃物总量 | 吨 | 515.42","无害废弃物总量 | 吨 | 16,205.62 
有害废弃物总量 | 吨 | 515.42",derived,direct,aggregation_of_disclosed_components,证据明确披露无害及有害废弃物总量，求和得废弃物产生总量。,"{""numeric_tokens"":[""16,205.62"",""515.42""],""evidence_quote"":""无害废弃物总量 | 吨 | 16,205.62 \n有害废弃物总量 | 吨 | 515.42""}",deterministic_canonical_hardening,2026-08-24T13:35:14.356040+00:00
300100_双林股份_2025_ESG报告,s_employee_total,True,"绩效指标 | 单位 | 2025年 员工总数 | 人 | 4,890","绩效指标 | 单位 | 2025年 
员工总数 | 人 | 4,890",direct,direct,,,,deterministic_canonical_hardening,2026-08-24T13:35:14.356040+00:00
300100_双林股份_2025_ESG报告,s_customer_complaints,True,绩效指标 | 单位 | 2025年 客户服务 | 客户投诉数量 | 次 | 108,"绩效指标 | 单位 | 2025年 
客户服务 | 客户投诉数量 | 次 | 108",direct,direct,,,,deterministic_canonical_hardening,2026-08-24T13:35:14.356040+00:00
300100_双林股份_2025_ESG报告,s_community_investment,True,核心社会贡献指标 | 计量单位 | 2025年度实际数据 慈善捐赠资金总金额 | 万元 | 111.96,"核心社会贡献指标 | 计量单位 | 2025年度实际数据 
慈善捐赠资金总金额 | 万元 | 111.96",direct,direct,,,,deterministic_canonical_hardening,2026-08-24T13:35:14.356040+00:00
300149_睿智医药_2025_ESG报告,e_air_pollutants,True,废气排放总量 | 吨 | / | 34.16 硫氧化物(SOx)排放量 | 吨 | / | 0.06 颗粒物质(PM)排放量 | 吨 | 0.04 | 0.17,"废气排放总量 | 吨 | / | 34.16 
硫氧化物(SOx)排放量 | 吨 | / | 0.06 
颗粒物质(PM)排放量 | 吨 | 0.04 | 0.17",direct,direct,,,,deterministic_canonical_hardening,2026-08-24T13:35:14.356040+00:00
300149_睿智医药_2025_ESG报告,s_data_security,True,睿智医药以“预防为主、分级保护、持续改进、客户信赖”为信息安全管理方针，构建了分层分类的信息安全管理架构，并制定《信息安全管理体系总纲》《信息安全事件管理办法》等制度文件。,睿智医药以“预防为主、分级保护、持续改进、客户信赖”为信息安全管理方针，构建了分层分类的信息安全管理架构，并制定《信息安全管理体系总纲》《信息安全事件管理办法》等制度文件,,,,,,deterministic_canonical_hardening,2026-08-24T13:35:14.356040+00:00
300149_睿智医药_2025_ESG报告,s_rural_revitalization,True,睿智医药坚持“源于社会、回馈社会”的企业发展理念，将社会责任与乡村振兴融入企业战略。公司依托自身技术与资源优势，通过精准帮扶与公益行动，推动乡村经济发展与居民福祉提升。,睿智医药坚持“源于社会、回馈社会”的企业发展理念，将社会责任与乡村振兴融入企业战略。公司依托自身技术与资源优势，通过精准帮扶与公益行动，推动乡村经济发展与居民福祉提升,,,,,,deterministic_canonical_hardening,2026-08-24T13:35:14.356040+00:00
300149_睿智医药_2025_ESG报告,g_shareholder_meetings,True,公司召开股东会 | 审议通过议案 | 召开董事会 | 董事会成员出席率 | 审议通过议案 3次 | 30项 | 11次 | 100% | 55项 报告期内,"公司召开股东会 | 审议通过议案 | 召开董事会 | 董事会成员出席率 | 审议通过议案 
3次 | 30项 | 11次 | 100% | 55项
报告期内",direct,direct,,,,deterministic_canonical_hardening,2026-08-24T13:35:14.356040+00:00
300212_易华录_2025_ESG报告,e_fuel_consumption,True,指标 | 基准单位 | 2025年 汽油 | 吨 | 9.38,"指标 | 基准单位 | 2025年 
汽油 | 吨 | 9.38",direct,direct,,,,deterministic_canonical_hardening,2026-08-24T13:35:14.356040+00:00
300212_易华录_2025_ESG报告,e_water_total,True,"指标 | 基准单位 | 2025年 总用水量 | 吨 | 1,755.74","指标 | 基准单位 | 2025年 
总用水量 | 吨 | 1,755.74",direct,direct,,,,deterministic_canonical_hardening,2026-08-24T13:35:14.356040+00:00
300212_易华录_2025_ESG报告,s_customer_complaints,False,报告期内，公司未发生客户投诉事件。,报告期内，公司未发生客户投诉事件。,derived,normalized_or_inferred,zero_event_normalization,证据明确披露报告期内未发生客户投诉，数值为0。,"{""numeric_tokens"":[],""evidence_quote"":""报告期内，公司未发生客户投诉事件。""}",deterministic_canonical_hardening,2026-08-24T13:35:14.356040+00:00
300212_易华录_2025_ESG报告,g_audit_committee,True,"专门委员会 | 董事数量 | 独立董事数量 | 非独立董事数量 | 主任委员(召集人) 审计委员会 | 3 | 2 | 1 | 独立董事,且具备会计专业背景","专门委员会 | 董事数量 | 独立董事数量 | 非独立董事数量 | 主任委员(召集人) 
审计委员会 | 3 | 2 | 1 | 独立董事,且具备会计专业背景",,,,,,deterministic_canonical_hardening,2026-08-24T13:35:14.356040+00:00
300261_雅本化学_2025_ESG报告,e_water_total,True,"水 总取水量 | 立方米 | 221,568.00","水 
总取水量 | 立方米 | 221,568.00",direct,direct,,,,deterministic_canonical_hardening,2026-08-24T13:35:14.356040+00:00
300261_雅本化学_2025_ESG报告,e_air_pollutants,True,废气 颗粒物 | 吨 | 0.92 氮氧化物 | 吨 | 1.34 硫氧化物 | 吨 | 0.12 非甲烷总烃 | 吨 | 2.14 挥发性有机化合物 | 吨 | 0.42,"废气 
颗粒物 | 吨 | 0.92 
氮氧化物 | 吨 | 1.34 
硫氧化物 | 吨 | 0.12 
非甲烷总烃 | 吨 | 2.14 
挥发性有机化合物 | 吨 | 0.42",derived,direct,deterministic_normalization_from_disclosed_evidence,证据明确列出各类大气污染物排放量及单位。,"{""numeric_tokens"":[""0.92"",""1.34"",""0.12"",""2.14"",""0.42""],""evidence_quote"":""废气 \n颗粒物 | 吨 | 0.92 \n氮氧化物 | 吨 | 1.34 \n硫氧化物 | 吨 | 0.12 \n非甲烷总烃 | 吨 | 2.14 \n挥发性有机化合物 | 吨 | 0.42""}",deterministic_canonical_hardening,2026-08-24T13:35:14.356040+00:00
300261_雅本化学_2025_ESG报告,e_nox,True,废气 颗粒物 | 吨 | 0.92 氮氧化物 | 吨 | 1.34 硫氧化物 | 吨 | 0.12,"废气 
颗粒物 | 吨 | 0.92 
氮氧化物 | 吨 | 1.34 
硫氧化物 | 吨 | 0.12",direct,direct,,,,deterministic_canonical_hardening,2026-08-24T13:35:14.356040+00:00
300261_雅本化学_2025_ESG报告,e_particulate,True,废气 颗粒物 | 吨 | 0.92,"废气 
颗粒物 | 吨 | 0.92",direct,direct,,,,deterministic_canonical_hardening,2026-08-24T13:35:14.356040+00:00
300261_雅本化学_2025_ESG报告,g_independent_director_ratio,True,独立董事占比 | 公司临时公告 9次 | 44项 | 33.3% | 144份,"独立董事占比 | 公司临时公告 
9次 | 44项 | 33.3% | 144份",direct,direct,,,,deterministic_canonical_hardening,2026-08-24T13:35:14.356040+00:00
300261_雅本化学_2025_ESG报告,g_anti_corruption,True,公司构建了“治理层监督、执行层负责、全员参与”的体系化商业道德治理架构，全面覆盖反腐败、反商业贿赂、反不正当竞争与反垄断等关键领域。,公司构建了“治理层监督、执行层负责、全员参与”的体系化商业道德治理架构，全面覆盖反腐败、反商业贿赂、反不正当竞争与反垄断等关键领域,,,,,,deterministic_canonical_hardening,2026-08-24T13:35:14.356040+00:00
300261_雅本化学_2025_ESG报告,e_ghg_scope1,True,温室气体排放 范围一排放总量 | 吨 | 523.89,"温室气体排放 
范围一排放总量 | 吨 | 523.89",direct,direct,,,,deterministic_canonical_hardening,2026-08-24T13:35:14.356040+00:00
300261_雅本化学_2025_ESG报告,s_training,True,员工培训 | | 员工培训覆盖率 | % | 100 员工人均培训时长 | 小时 | 45.63,"员工培训 | | 
员工培训覆盖率 | % | 100 
员工人均培训时长 | 小时 | 45.63",direct,direct,,,,deterministic_canonical_hardening,2026-08-24T13:35:14.356040+00:00
300376_易事特_2025_可持续发展报告,e_waste_total,False,危险废弃物产生量,危险废弃物产生量,derived,normalized_or_inferred,aggregation_of_disclosed_components,证据明确披露一般及危险废弃物产生量，求和得总量。,"{""numeric_tokens"":[],""evidence_quote"":""危险废弃物产生量""}",deterministic_canonical_hardening,2026-08-24T13:35:14.356040+00:00
300376_易事特_2025_可持续发展报告,e_biodiversity,True,公司高度重视生产经营活动及产品服务对生态环境和生物多样性的潜在影响，秉持“预防为主、系统管控、协同保护”的管理原则，将生态保护和生物多样性管理纳入环境管理体系和可持续发展框架。,公司高度重视生产经营活动及产品服务对生态环境和生物多样性的潜在影响，秉持“预防为主、系统管控、协同保护”的管理原则，将生态保护和生物多样性管理纳入环境管理体系和可持续发展框架,,,,,,deterministic_canonical_hardening,2026-08-24T13:35:14.356040+00:00
300376_易事特_2025_可持续发展报告,s_employee_gender,True,按性别划分 女性员工 | 人 | 621 | 604 | 614,"按性别划分 
女性员工 | 人 | 621 | 604 | 614",direct,direct,,,,deterministic_canonical_hardening,2026-08-24T13:35:14.356040+00:00
300376_易事特_2025_可持续发展报告,s_employee_rights,True,公司坚持平等、多元与包容的用工原则，完善反歧视与反骚扰机制，保障女性员工在招聘、晋升、薪酬与培训等方面的公平机会，营造尊重与包容的职场环境。,"公司坚持平等、多元与包容的用工原则,完善反歧视与反骚扰机制,保障女性员工在招聘、晋升、薪酬与培训等方面的公平机会,营造尊重与包容的职场环境",,,,,,deterministic_canonical_hardening,2026-08-24T13:35:14.356040+00:00
300376_易事特_2025_可持续发展报告,s_diversity_equal_opportunity,True,公司坚持平等、多元与包容的用工原则，完善反歧视与反骚扰机制，保障女性员工在招聘、晋升、薪酬与培训等方面的公平机会，营造尊重与包容的职场环境。,"公司坚持平等、多元与包容的用工原则,完善反歧视与反骚扰机制,保障女性员工在招聘、晋升、薪酬与培训等方面的公平机会,营造尊重与包容的职场环境",,,,,,deterministic_canonical_hardening,2026-08-24T13:35:14.356040+00:00
300376_易事特_2025_可持续发展报告,s_community_investment,True,社会公益 公益总投入 | 万元人民币 | 55 | 107.4 | 23.20,"社会公益 
公益总投入 | 万元人民币 | 55 | 107.4 | 23.20",direct,direct,,,,deterministic_canonical_hardening,2026-08-24T13:35:14.356040+00:00
300459_汤姆猫_2025_ESG报告,e_fuel_consumption,True,"汽油消耗量 | 升 | 24,679 | 注释1 柴油消耗量 | 升 | 3,600 | 注释2","汽油消耗量 | 升 | 24,679 | 注释1 
柴油消耗量 | 升 | 3,600 | 注释2",derived,direct,aggregation_of_disclosed_components,证据明确列出汽油和柴油消耗量及单位，求和得总燃料消耗。,"{""numeric_tokens"":[""24,679"",""1"",""3,600"",""2""],""evidence_quote"":""汽油消耗量 | 升 | 24,679 | 注释1 \n柴油消耗量 | 升 | 3,600 | 注释2""}",deterministic_canonical_hardening,2026-08-24T13:35:14.356040+00:00
300459_汤姆猫_2025_ESG报告,s_employee_gender,True,指标 | 单位 | 2025年度 | 注释 女性 | 人 | 488,"指标 | 单位 | 2025年度 | 注释 
女性 | 人 | 488",direct,direct,,,,deterministic_canonical_hardening,2026-08-24T13:35:14.356040+00:00
300459_汤姆猫_2025_ESG报告,g_independent_director_ratio,False,公司董事会成员共有5名，包括2名独立董事，3名非独立董事,公司董事会成员共有5名，包括2名独立董事，3名非独立董事,derived,normalized_or_inferred,ratio_from_disclosed_counts_or_fraction,证据明确给出董事总数5名及独立董事2名，计算得出占比40%。,"{""numeric_tokens"":[""5"",""2"",""3""],""evidence_quote"":""公司董事会成员共有5名，包括2名独立董事，3名非独立董事""}",deterministic_canonical_hardening,2026-08-24T13:35:14.356040+00:00
300468_四方精创_2025_ESG报告,e_electricity_total,False,6. | 总计 | 26323.33 | 3091510.46 | 1363564.89,6. | 总计 | 26323.33 | 3091510.46 | 1363564.89,direct,normalized_or_inferred,,,,deterministic_canonical_hardening,2026-08-24T13:35:14.356040+00:00
300468_四方精创_2025_ESG报告,s_employee_total,True,2025 在职职工总数 | 人 | 2097,"2025 
在职职工总数 | 人 | 2097",direct,direct,,,,deterministic_canonical_hardening,2026-08-24T13:35:14.356040+00:00
300468_四方精创_2025_ESG报告,s_employee_rights,True,"员工权益保障方面 劳动合同签订100% | 员工培训覆盖率100% | 中高层管理者女性比例19% | 员工薪酬总额37,179万元 | 员工福利费215万元","员工权益保障方面 
劳动合同签订100% | 员工培训覆盖率100% | 中高层管理者女性比例19% 
| 员工薪酬总额37,179万元 | 员工福利费215万元",,,,,,deterministic_canonical_hardening,2026-08-24T13:35:14.356040+00:00
300468_四方精创_2025_ESG报告,s_research_development,True,科技创新方面 研发投入5992万元,"科技创新方面 
研发投入5992万元",direct,direct,,,,deterministic_canonical_hardening,2026-08-24T13:35:14.356040+00:00
300513_恒实科技_2025_ESG报告,g_shareholder_meetings,True,"2025年,公司组织召开股东会4次, 审议通过议案16项。","2025年,公司组织召开股东会4次,
审议通过议案16项",direct,direct,,,,deterministic_canonical_hardening,2026-08-24T13:35:14.356040+00:00
300513_恒实科技_2025_ESG报告,e_renewable_energy,True,购买绿证数量：100个 100兆瓦时,"购买绿证数量：100个
100兆瓦时",direct,direct,,,,deterministic_canonical_hardening,2026-08-24T13:35:14.356040+00:00
300547_川环科技_2025_ESG报告,e_air_pollutants,True,"| 颗粒物 | 19.2 | 2.422 | 16.778 | 87.4% | | \(二氧化硫(SO_{2})\) | 35 | 4.036 | 30.964 | 88.5% | | 氮氧化物(NOx) | 18.4 | 13.703 | 4.697 | 25.5% | ""煤改气""前后污染物排放对比 (单位：吨/年)","颗粒物 | 19.2 | 2.422 | 16.778 | 87.4% |
| \(二氧化硫(SO_{2})\) | 35 | 4.036 | 30.964 | 88.5% |
| 氮氧化物(NOx) | 18.4 | 13.703 | 4.697 | 25.5% |
""煤改气""前后污染物排放对比
(单位：吨/年",direct,direct,,,,deterministic_canonical_hardening,2026-08-24T13:35:14.356040+00:00
300547_川环科技_2025_ESG报告,e_nox,True,"氮氧化物(NOx) | 18.4 | 13.703 | 4.697 | 25.5% | ""煤改气""前后污染物排放对比 (单位：吨/年)","氮氧化物(NOx) | 18.4 | 13.703 | 4.697 | 25.5% |
""煤改气""前后污染物排放对比
(单位：吨/年",direct,direct,,,,deterministic_canonical_hardening,2026-08-24T13:35:14.356040+00:00
300547_川环科技_2025_ESG报告,e_particulate,False,颗粒物 | 19.2 | 2.422 | 16.778 | 87.4%,颗粒物 | 19.2 | 2.422 | 16.778 | 87.4%,direct,normalized_or_inferred,,,,deterministic_canonical_hardening,2026-08-24T13:35:14.356040+00:00
300547_川环科技_2025_ESG报告,g_independent_director_ratio,False,"公司董事会设董事8名，其中独立董事3名,人数及构成符合《中华人民共和国公司法》等相关法律法规及《公司章程》规定。","公司董事会设董事8名，其中独立董事3名,人数及构成符合《中华人民共和国公司法》等相关法律法规及《公司章程》规定。",derived,normalized_or_inferred,ratio_from_disclosed_counts_or_fraction,证据明确给出董事总数8名及独董3名，计算占比为37.5%。,"{""numeric_tokens"":[""8"",""3""],""evidence_quote"":""公司董事会设董事8名，其中独立董事3名,人数及构成符合《中华人民共和国公司法》等相关法律法规及《公司章程》规定。""}",deterministic_canonical_hardening,2026-08-24T13:35:14.356040+00:00
300547_川环科技_2025_ESG报告,g_esg_governance,True,"ESG治理架构↓ | 责任方↓ | 主要工作内容↓ 决策层 | 董事会 | 统筹可持续发展/ESG治理工作,全面监管公司ESG事宜 管理层 | 总裁办公室 | 制定监督公司ESG发展方向及策略,对与公司业务相关的重要ESG风险进行识别、评估及管理 执行层 | ESG工作小组 | 负责ESG事务的具体落实","ESG治理架构↓ | 责任方↓ | 主要工作内容↓ 
决策层 | 董事会 | 统筹可持续发展/ESG治理工作,全面监管公司ESG事宜 
管理层 | 总裁办公室 | 制定监督公司ESG发展方向及策略,对与公司业务相关的重要ESG风险进行识别、评估及管理 
执行层 | ESG工作小组 | 负责ESG事务的具体落实",,,,,,deterministic_canonical_hardening,2026-08-24T13:35:14.356040+00:00
300597_吉大通信_2025_ESG报告,s_customer_complaints,False,报告期内，公司未收到客户投诉。,报告期内，公司未收到客户投诉。,derived,normalized_or_inferred,zero_event_normalization,证据明确披露报告期内未收到投诉，数值为0。,"{""numeric_tokens"":[],""evidence_quote"":""报告期内，公司未收到客户投诉。""}",deterministic_canonical_hardening,2026-08-24T13:35:14.356040+00:00
300597_吉大通信_2025_ESG报告,g_independent_director_ratio,True,| 独立董事 | 4 | | 非独立董事 | 7 |,"独立董事 | 4 |
| 非独立董事 | 7",derived,normalized_or_inferred,ratio_from_disclosed_counts_or_fraction,根据董事人数计算占比，证据明确给出独董与非独董人数。,"{""numeric_tokens"":[""4"",""7""],""evidence_quote"":""独立董事 | 4 |\n| 非独立董事 | 7""}",deterministic_canonical_hardening,2026-08-24T13:35:14.356040+00:00
300597_吉大通信_2025_ESG报告,g_party_building,True,吉大通信坚持以习近平新时代中国特色社会主义思想为指导，以党建引领高质量发展，深化党建与生产经营、技术创新、项目攻坚的深度融合，创新党建工作载体，强化基层党组织建设。,吉大通信坚持以习近平新时代中国特色社会主义思想为指导，以党建引领高质量发展，深化党建与生产经营、技术创新、项目攻坚的深度融合，创新党建工作载体，强化基层党组织建设,,,,,,deterministic_canonical_hardening,2026-08-24T13:35:14.356040+00:00
300832_新产业_2025_ESG报告,e_fuel_consumption,False,"综合能源消耗量 | 吨标准煤 | 2,791.86 | 3,379.27 | 3,467.07","综合能源消耗量 | 吨标准煤 | 2,791.86 | 3,379.27 | 3,467.07",derived,direct,deterministic_normalization_from_disclosed_evidence,表格明确列出2025年综合能源消耗量数值及单位。,"{""numeric_tokens"":[""2,791.86"",""3,379.27"",""3,467.07""],""evidence_quote"":""综合能源消耗量 | 吨标准煤 | 2,791.86 | 3,379.27 | 3,467.07""}",deterministic_canonical_hardening,2026-08-24T13:35:14.356040+00:00
300832_新产业_2025_ESG报告,e_water_total,True,"指标 | 单位 | 2023年 | 2024年 | 2025年 取水量 | 立方米 | 235,533 | 244,266 | 250,223","指标 | 单位 | 2023年 | 2024年 | 2025年 
取水量 | 立方米 | 235,533 | 244,266 | 250,223",direct,direct,,,,deterministic_canonical_hardening,2026-08-24T13:35:14.356040+00:00
300834_星辉环材_2025_ESG报告,e_water_total,True,项目 | 2025年度 水 | 用水量(万吨) | 7.07,"项目 | 2025年度 
水 | 用水量(万吨) | 7.07",direct,direct,,,,deterministic_canonical_hardening,2026-08-24T13:35:14.356040+00:00
300834_星辉环材_2025_ESG报告,e_cod,False,星辉环保材料股份有限公司 | 化学需氧量 | 0.144 | 6.863%,星辉环保材料股份有限公司 | 化学需氧量 | 0.144 | 6.863%,direct,normalized_or_inferred,,,,deterministic_canonical_hardening,2026-08-24T13:35:14.356040+00:00
300834_星辉环材_2025_ESG报告,e_ammonia_nitrogen,False,氨氮 | 0.011 | 4.073%,氨氮 | 0.011 | 4.073%,direct,normalized_or_inferred,,,,deterministic_canonical_hardening,2026-08-24T13:35:14.356040+00:00
300834_星辉环材_2025_ESG报告,e_air_pollutants,False,颗粒物 | 0.739 | 9.055%,颗粒物 | 0.739 | 9.055%,direct,normalized_or_inferred,,,,deterministic_canonical_hardening,2026-08-24T13:35:14.356040+00:00
300834_星辉环材_2025_ESG报告,e_particulate,False,颗粒物 | 0.739 | 9.055%,颗粒物 | 0.739 | 9.055%,direct,normalized_or_inferred,,,,deterministic_canonical_hardening,2026-08-24T13:35:14.356040+00:00
300834_星辉环材_2025_ESG报告,s_product_quality,True,公司严格遵循《中华人民共和国产品质量法》等法律法规，制定一系列产品质量管理制度，建立健全质量管理体系，设立质管部负责生产过程的质量监督管理工作。,公司严格遵循《中华人民共和国产品质量法》等法律法规，制定一系列产品质量管理制度，建立健全质量管理体系，设立质管部负责生产过程的质量监督管理工作,,,,,,deterministic_canonical_hardening,2026-08-24T13:35:14.356040+00:00
300834_星辉环材_2025_ESG报告,g_shareholder_meetings,True,指标名称 | 单位 | 2025年 股东会会议 | 次 | 3,"指标名称 | 单位 | 2025年 
股东会会议 | 次 | 3",direct,direct,,,,deterministic_canonical_hardening,2026-08-24T13:35:14.356040+00:00
300834_星辉环材_2025_ESG报告,g_stakeholder_communication,True,利益相关方 | 期待与诉求 | 沟通渠道与方式 政府 | 合规经营 | 遵守法律法规 依法纳税 | 主动纳税 风险管理 | 加强内控 商业道德 | 政府监管 股东与投资者 | 完善公司治理及时的信息披露可持续发展能力投资回报 | 公司公告发布企业社会责报告投资者沟通现金分红及股份回购 员工 | 职业健康与安全保护职工权益丰富的薪酬福利保障职业健康 | 工会组织定期培训员工活动定期健康检查 客户 | 产品质量保障客户权益诚信经营 | 提供优质服务满意度调查客户投诉 供应商 | 诚信合作互利共赢供应链管理 | 合规采购行业交流 社区 | 社会参与及公益乡村振兴环境管理节能环保 | 参与公益项目污染防治推动绿色发展,"利益相关方 | 期待与诉求 | 沟通渠道与方式 
政府 | 合规经营 | 遵守法律法规 
依法纳税 | 主动纳税 
风险管理 | 加强内控 
商业道德 | 政府监管 
股东与投资者 | 完善公司治理及时的信息披露可持续发展能力投资回报 | 公司公告发布企业社会责报告投资者沟通现金分红及股份回购 
员工 | 职业健康与安全保护职工权益丰富的薪酬福利保障职业健康 | 工会组织定期培训员工活动定期健康检查 
客户 | 产品质量保障客户权益诚信经营 | 提供优质服务满意度调查客户投诉 
供应商 | 诚信合作互利共赢供应链管理 | 合规采购行业交流 
社区 | 社会参与及公益乡村振兴环境管理节能环保 | 参与公益项目污染防治推动绿色发展",,,,,,deterministic_canonical_hardening,2026-08-24T13:35:14.356040+00:00
300949_奥雅股份_2025_ESG报告,e_ghg_total,True,2025年完成全公司碳盘查，范围1+2碳排放总量1280吨CO _{2} e，同比下降10%。,"2025年完成全公司碳盘查，范围1+2碳排放总量1280吨CO 
_{2}
e，同比下降10%",direct,direct,,,,deterministic_canonical_hardening,2026-08-24T13:35:14.356040+00:00
300949_奥雅股份_2025_ESG报告,s_work_injury,False,2025年度工伤 0,2025年度工伤 0,direct,normalized_or_inferred,,,,deterministic_canonical_hardening,2026-08-24T13:35:14.356040+00:00
300949_奥雅股份_2025_ESG报告,g_risk_management,True,公司持续完善内部控制体系，实现财务、运营、合规、项目管理等全流程覆盖，建立ESG风险台账，明确风险等级、责任主体及整改时限，全年开展2次全面内控审计与年修风险排查工作。,公司持续完善内部控制体系，实现财务、运营、合规、项目管理等全流程覆盖，建立ESG风险台账，明确风险等级、责任主体及整改时限，全年开展2次全面内控审计与年修风险排查工作,,,,,,deterministic_canonical_hardening,2026-08-24T13:35:14.356040+00:00
300972_万辰集团_2025_ESG报告,e_waste_total,True,"无害废弃物产生量 | 吨 | 130,654 有害废弃物产生量 | 吨 | 1.36","无害废弃物产生量 | 吨 | 130,654 
有害废弃物产生量 | 吨 | 1.36",derived,direct,aggregation_of_disclosed_components,证据明确披露无害及有害废弃物产生量，求和得总量。,"{""numeric_tokens"":[""130,654"",""1.36""],""evidence_quote"":""无害废弃物产生量 | 吨 | 130,654 \n有害废弃物产生量 | 吨 | 1.36""}",deterministic_canonical_hardening,2026-08-24T13:35:14.356040+00:00
300972_万辰集团_2025_ESG报告,s_employee_gender,False,"| 性别结构 | 女性员工 | 3,515 |","| 性别结构 | 女性员工 | 3,515 |",direct,normalized_or_inferred,,,,deterministic_canonical_hardening,2026-08-24T13:35:14.356040+00:00
300972_万辰集团_2025_ESG报告,s_patents,True,2项 知识产权 年度新增专利申请数量,"2项
知识产权
年度新增专利申请数量",direct,direct,,,,deterministic_canonical_hardening,2026-08-24T13:35:14.356040+00:00
300972_万辰集团_2025_ESG报告,g_business_ethics,True,董事、高级管理人员和关键岗位员工商业道德与反腐败培训覆盖率100% | 目标达成 有效举报处理率100% | 目标达成,"董事、高级管理人员和关键岗位员工商业道德与反腐败培训覆盖率100% | 目标达成 
有效举报处理率100% | 目标达成",,,,,,deterministic_canonical_hardening,2026-08-24T13:35:14.356040+00:00
300982_苏文电能_2025_ESG报告,e_electricity_total,True,"指标与目标 | 单位 | 2025年 外购电力 | 千瓦时 | 42,188,981","指标与目标 | 单位 | 2025年 
外购电力 | 千瓦时 | 42,188,981",direct,direct,,,,deterministic_canonical_hardening,2026-08-24T13:35:14.356040+00:00
300982_苏文电能_2025_ESG报告,e_green_office,True,推行无纸化办公，采用电子文档、线上流程；必须打印时，采用双面打印、黑白打印或集约排版；使用可重复利用的办公用品。,"推行无纸化办公，采用电子文档、线上流程；
- 必须打印时，采用双面打印、黑白打印或集约排版；
- 使用可重复利用的办公用品",,,,,,deterministic_canonical_hardening,2026-08-24T13:35:14.356040+00:00
300982_苏文电能_2025_ESG报告,s_research_development,True,"研发投入: 研发费用 | 万元 | 5,129.38","研发投入: 
研发费用 | 万元 | 5,129.38",direct,direct,,,,deterministic_canonical_hardening,2026-08-24T13:35:14.356040+00:00
300982_苏文电能_2025_ESG报告,s_patents,True,创新成果: 授权专利累计数 | 项 | 167,"创新成果: 
授权专利累计数 | 项 | 167",direct,direct,,,,deterministic_canonical_hardening,2026-08-24T13:35:14.356040+00:00
300982_苏文电能_2025_ESG报告,g_independent_director_ratio,True,| Category | Percentage | | --- | --- | | 独立董事 | 43% | | 非独立董事 | 57% |,"Category | Percentage |
| --- | --- |
| 独立董事 | 43% |
| 非独立董事 | 57%",direct,direct,,,,deterministic_canonical_hardening,2026-08-24T13:35:14.356040+00:00
301019_宁波色母_2025_可持续发展报告,s_patents,True,专利授权数量 | 项 | 13 专利申请数量 | 项 | 5 报告期内的专利授权数量 | 个 | 2 报告期内的专利申请数量 | 个 | 4,"专利授权数量 | 项 | 13 
专利申请数量 | 项 | 5 
报告期内的专利授权数量 | 个 | 2 
报告期内的专利申请数量 | 个 | 4",direct,direct,,,,deterministic_canonical_hardening,2026-08-24T13:35:14.356040+00:00
301019_宁波色母_2025_可持续发展报告,g_investor_relations,True,利益相关方 | 关注议题 | 沟通方式 股东或潜在投资者 | 创新驱动循环经济供应链安全应对气候变化合规及风险管理尽职调查数据安全与客户隐私保护反商业贿赂及反贪污 | 股东会信息披露投资者热线电话深交所互动易业绩说明会现场调研公众号,"利益相关方 | 关注议题 | 沟通方式 
股东或潜在投资者 | 创新驱动循环经济供应链安全应对气候变化合规及风险管理尽职调查数据安全与客户隐私保护反商业贿赂及反贪污 | 股东会信息披露投资者热线电话深交所互动易业绩说明会现场调研公众号",,,,,,deterministic_canonical_hardening,2026-08-24T13:35:14.356040+00:00
301043_绿岛风_2025_ESG报告,e_air_pollutants,False,2.888t/a,2.888t/a,derived,direct,deterministic_normalization_from_disclosed_evidence,表格明确列出大气污染物排放总量数据。,"{""numeric_tokens"":[""2.888""],""evidence_quote"":""2.888t/a""}",deterministic_canonical_hardening,2026-08-24T13:35:14.356040+00:00
301043_绿岛风_2025_ESG报告,s_employee_gender,False,| 性别::女性员工 | 403 |,| 性别::女性员工 | 403 |,direct,normalized_or_inferred,,,,deterministic_canonical_hardening,2026-08-24T13:35:14.356040+00:00
301043_绿岛风_2025_ESG报告,g_independent_director_ratio,False,公司董事会由5名董事组成，包括非独立董事3人，独立董事2人。,公司董事会由5名董事组成，包括非独立董事3人，独立董事2人。,derived,normalized_or_inferred,ratio_from_disclosed_counts_or_fraction,证据明确给出董事总数及独立董事人数，可计算占比。,"{""numeric_tokens"":[""5"",""3"",""2""],""evidence_quote"":""公司董事会由5名董事组成，包括非独立董事3人，独立董事2人。""}",deterministic_canonical_hardening,2026-08-24T13:35:14.356040+00:00
301043_绿岛风_2025_ESG报告,g_shareholder_meetings,True,2025年会议召开情况 股东会 | 5次 | 审议通过 27项议案,"2025年会议召开情况 
股东会 | 5次 | 审议通过 27项议案",direct,direct,,,,deterministic_canonical_hardening,2026-08-24T13:35:14.356040+00:00
301073_君亭酒店_2025_ESG报告,e_energy_total,True,"指标 | 单位 | 2025年 能源消耗总量 | 吨标准煤 | 5,754.05","指标 | 单位 | 2025年 
能源消耗总量 | 吨标准煤 | 5,754.05",direct,direct,,,,deterministic_canonical_hardening,2026-08-24T13:35:14.356040+00:00
301073_君亭酒店_2025_ESG报告,e_water_total,True,"水资源管理 总取水量 | 吨 | 162,338 | 674,075 | 651,808","水资源管理 
总取水量 | 吨 | 162,338 | 674,075 | 651,808",direct,direct,,,,deterministic_canonical_hardening,2026-08-24T13:35:14.356040+00:00
301073_君亭酒店_2025_ESG报告,e_biodiversity,True,君亭酒店集团重视生物多样性保护，持续关注酒店在规划、建设和运营过程中对生态环境可能产生的影响，并积极开展生物多样性影响评估与分析。,君亭酒店集团重视生物多样性保护，持续关注酒店在规划、建设和运营过程中对生态环境可能产生的影响，并积极开展生物多样性影响评估与分析,,,,,,deterministic_canonical_hardening,2026-08-24T13:35:14.356040+00:00
301073_君亭酒店_2025_ESG报告,s_community_investment,True,社会公益 公益捐赠总额 | 万元 | 56 | 2 | 1,"社会公益 
公益捐赠总额 | 万元 | 56 | 2 | 1",direct,direct,,,,deterministic_canonical_hardening,2026-08-24T13:35:14.356040+00:00
301185_鸥玛软件_2025_ESG报告,e_green_product,True,依托信息化技术优势，公司大力推广无纸化考试、网上评卷等绿色服务，推动考试服务模式转型，从源头降低纸张消耗与碳排放。,依托信息化技术优势，公司大力推广无纸化考试、网上评卷等绿色服务，推动考试服务模式转型，从源头降低纸张消耗与碳排放,,,,,,deterministic_canonical_hardening,2026-08-24T13:35:14.356040+00:00
301185_鸥玛软件_2025_ESG报告,s_employee_total,True,指标 | 单位 | 2025年数据 员工总数 | 人 | 366,"指标 | 单位 | 2025年数据 
员工总数 | 人 | 366",direct,direct,,,,deterministic_canonical_hardening,2026-08-24T13:35:14.356040+00:00
301185_鸥玛软件_2025_ESG报告,s_occupational_health,True,建立起从制度规范、教育培训到健康体检的全方位保障体系。2025年，公司有效提升了全员应急能力与健康水平。,建立起从制度规范、教育培训到健康体检的全方位保障体系。2025年，公司有效提升了全员应急能力与健康水平,,,,,,deterministic_canonical_hardening,2026-08-24T13:35:14.356040+00:00
301308_江波龙_2025_ESG报告,e_environmental_penalty,True,环境合规 | | 环境违规事件数 | 件 | 0,"环境合规 | | 
环境违规事件数 | 件 | 0",,,,,,deterministic_canonical_hardening,2026-08-24T13:35:14.356040+00:00
301308_江波龙_2025_ESG报告,s_employee_gender,True,"按性别划分 | | 男性雇员总数 | 人 | 2,439 女性雇员总数 | 人 | 1,601","按性别划分 | | 
男性雇员总数 | 人 | 2,439 
女性雇员总数 | 人 | 1,601",direct,direct,,,,deterministic_canonical_hardening,2026-08-24T13:35:14.356040+00:00
301308_江波龙_2025_ESG报告,g_compliance_management,True,江波龙将合规管理作为企业经营的核心准则，持续优化风险控制机制与商业道德规范，建立起覆盖公司治理、战略制定及业务执行的全方位合规体系。,江波龙将合规管理作为企业经营的核心准则，持续优化风险控制机制与商业道德规范，建立起覆盖公司治理、战略制定及业务执行的全方位合规体系,,,,,,deterministic_canonical_hardening,2026-08-24T13:35:14.356040+00:00
301370_国科恒泰_2025_ESG报告,e_fuel_consumption,True,指标 | 单位 | 2025年 天然气 | 万立方米 | 25.58,"指标 | 单位 | 2025年 
天然气 | 万立方米 | 25.58",direct,direct,,,,deterministic_canonical_hardening,2026-08-24T13:35:14.356040+00:00
301370_国科恒泰_2025_ESG报告,s_compensation_benefits,True,提供有竞争力的薪酬福利体系，包括基本工资、绩效奖金、福利待遇等，增强人才吸引力与留任率。,"提供有竞争力的薪酬福利体系,包括基本工资、绩效奖金、福利待遇等,增强人才吸引力与留任率",,,,,,deterministic_canonical_hardening,2026-08-24T13:35:14.356040+00:00
301370_国科恒泰_2025_ESG报告,g_independent_director_ratio,False,截至报告期末，公司董事会设有9名董事，3名独立董事，独立董事人数占比三分之一,截至报告期末，公司董事会设有9名董事，3名独立董事，独立董事人数占比三分之一,derived,normalized_or_inferred,ratio_from_disclosed_counts_or_fraction,证据明确披露了独立董事人数及占比数值。,"{""numeric_tokens"":[""9"",""3""],""evidence_quote"":""截至报告期末，公司董事会设有9名董事，3名独立董事，独立董事人数占比三分之一""}",deterministic_canonical_hardening,2026-08-24T13:35:14.356040+00:00
301522_上大股份_2025_ESG报告,e_electricity_total,False,本年度公司运营中的主要能源消耗来源为外购电力及天然气,本年度公司运营中的主要能源消耗来源为外购电力及天然气,derived,normalized_or_inferred,deterministic_normalization_from_disclosed_evidence,证据明确披露2025年外购电力消耗量数值及单位。,"{""numeric_tokens"":[],""evidence_quote"":""本年度公司运营中的主要能源消耗来源为外购电力及天然气""}",deterministic_canonical_hardening,2026-08-24T13:35:14.356040+00:00
301522_上大股份_2025_ESG报告,s_employee_total,True,"议题 | 定量披露项 | 单位 | 2023年 | 2024年 | 2025年 员工雇佣 | 员工总数 | 人 | 920 | 1,009 | 1,019","议题 | 定量披露项 | 单位 | 2023年 | 2024年 | 2025年 
员工雇佣 | 员工总数 | 人 | 920 | 1,009 | 1,019",direct,direct,,,,deterministic_canonical_hardening,2026-08-24T13:35:14.356040+00:00
301522_上大股份_2025_ESG报告,s_community_investment,True,"议题 | 定量披露项 | 单位 | 2023年 | 2024年 | 2025年 社区贡献 | 社区公益投入 | 万元,CNY | 14.5 | 20.8 | 23.5","议题 | 定量披露项 | 单位 | 2023年 | 2024年 | 2025年 
社区贡献 | 社区公益投入 | 万元,CNY | 14.5 | 20.8 | 23.5",direct,direct,,,,deterministic_canonical_hardening,2026-08-24T13:35:14.356040+00:00
301522_上大股份_2025_ESG报告,g_board_size,True,议题 | 定量披露项 | 单位 | 2023年 | 2024年 | 2025年 治理 | 董事会成员人数 | 人 | 11 | 11 | 11,"议题 | 定量披露项 | 单位 | 2023年 | 2024年 | 2025年 
治理 | 董事会成员人数 | 人 | 11 | 11 | 11",direct,direct,,,,deterministic_canonical_hardening,2026-08-24T13:35:14.356040+00:00
301588_美新科技_2025_ESG报告,e_air_pollutants,True,VOCs排放量 | 千克 | 480.9 SO2排放量 | 千克 | 不涉及 NOx排放量 | 千克 | 不涉及 颗粒物排放量 | 千克 | 2050,"VOCs排放量 | 千克 | 480.9 
SO2排放量 | 千克 | 不涉及 
NOx排放量 | 千克 | 不涉及 
颗粒物排放量 | 千克 | 2050",direct,direct,,,,deterministic_canonical_hardening,2026-08-24T13:35:14.356040+00:00
301588_美新科技_2025_ESG报告,s_training,True,关键绩效 | 2025年 | 单位 培训人次 | 5706 | 人,"关键绩效 | 2025年 | 单位 
培训人次 | 5706 | 人",direct,direct,,,,deterministic_canonical_hardening,2026-08-24T13:35:14.356040+00:00
301599_理奇智能_2025_ESG报告,e_fuel_consumption,True,"能源种类 | 2025年 直接能源 | 汽油(升) | 4,843.53","能源种类 | 2025年 
直接能源 | 汽油(升) | 4,843.53",direct,direct,,,,deterministic_canonical_hardening,2026-08-24T13:35:14.356040+00:00
301599_理奇智能_2025_ESG报告,s_supplier,True,公司制定《供应商管理制度》，明确供应商准入标准（包括资质、产能、质量、环境、社会责任等），实施分类分级管理。,公司制定《供应商管理制度》，明确供应商准入标准（包括资质、产能、质量、环境、社会责任等），实施分类分级管理,,,,,,deterministic_canonical_hardening,2026-08-24T13:35:14.356040+00:00
301599_理奇智能_2025_ESG报告,g_independent_director_ratio,False,独立董事占比 | 3/8 | 3/8,独立董事占比 | 3/8 | 3/8,direct,normalized_or_inferred,,,,deterministic_canonical_hardening,2026-08-24T13:35:14.356040+00:00
301599_理奇智能_2025_ESG报告,e_ghg_scope2,True,温室气体(吨二氧化碳当量) | 范围一(直接能源) | 11.19 范围二(间接能源) | 977.83 总量 | 989.02,"温室气体(吨二氧化碳当量) | 范围一(直接能源) | 11.19 
范围二(间接能源) | 977.83 
总量 | 989.02",direct,direct,,,,deterministic_canonical_hardening,2026-08-24T13:35:14.356040+00:00
600009_上海机场_2025_ESG报告,e_energy_total,True,"综合能源消耗总量 ^{13} 65,163.58吨标准煤","综合能源消耗总量 
^{13}
65,163.58吨标准煤",direct,direct,,,,deterministic_canonical_hardening,2026-08-24T13:35:14.356040+00:00
600009_上海机场_2025_ESG报告,e_hazardous_waste,True,危险废弃物 ^{11} 排放总量 174.33 吨,"危险废弃物 
^{11}
排放总量 174.33 吨",direct,direct,,,,deterministic_canonical_hardening,2026-08-24T13:35:14.356040+00:00
600009_上海机场_2025_ESG报告,e_air_pollutants,True,氮氧化物( $NO_x$ ) | 吨 | 3.01 颗粒物(PM) | 吨 | 0.10 硫氧化物( $SO_x$ ) | 吨 | 0 挥发性有机物( $VOC_s$ ) | 吨 | 0,"氮氧化物( $NO_x$ ) | 吨 | 3.01 
颗粒物(PM) | 吨 | 0.10 
硫氧化物( $SO_x$ ) | 吨 | 0 
挥发性有机物( $VOC_s$ ) | 吨 | 0",direct,direct,,,,deterministic_canonical_hardening,2026-08-24T13:35:14.356040+00:00
600009_上海机场_2025_ESG报告,g_tax_transparency,True,"税务贡献 纳税总额 | 万元 | 82,457.00","税务贡献 
纳税总额 | 万元 | 82,457.00",,,,,,deterministic_canonical_hardening,2026-08-24T13:35:14.356040+00:00
600009_上海机场_2025_ESG报告,g_investor_relations,True,股东/投资人 | 经营业绩 | 股东会 回报股东 | 定期报告/临时报告 信息披露 | ESG报告 投资者关系 | 业绩说明会 可持续发展 | 上证e互动 | 投资者热线,"股东/投资人 | 经营业绩 | 股东会 
回报股东 | 定期报告/临时报告 
信息披露 | ESG报告 
投资者关系 | 业绩说明会 
可持续发展 | 上证e互动 
| 投资者热线",,,,,,deterministic_canonical_hardening,2026-08-24T13:35:14.356040+00:00
600009_上海机场_2025_ESG报告,e_renewable_energy,True,"清洁能源使用量 | 吨标准煤 | 7,335.86 清洁能源占比 | % | 10.66","清洁能源使用量 | 吨标准煤 | 7,335.86 
清洁能源占比 | % | 10.66",direct,direct,,,,deterministic_canonical_hardening,2026-08-24T13:35:14.356040+00:00
600021_上海电力_2025_ESG报告,s_safety,True,制定《上海电力全面夯实安全根基工作方案》，成立专项工作领导小组和工作办公室 深化电力安全生产标准化体系建设，融入生产、基建与运维各环节管理 强化承包商安全管控，落实“教考分离”及一票否决机制，健全人员档案与安全信用管理，坚决清退不合格队伍 为公司所属生产型单位投保安全生产责任险，确保合规并提升安全管理水平,"制定《上海电力全面夯实安全根基工作方案》，成立专项工作领导小组和工作办公室
深化电力安全生产标准化体系建设，融入生产、基建与运维各环节管理
强化承包商安全管控，落实“教考分离”及一票否决机制，健全人员档案与安全信用管理，坚决清退不合格队伍
为公司所属生产型单位投保安全生产责任险，确保合规并提升安全管理水平",,,,,,deterministic_canonical_hardening,2026-08-24T13:35:14.356040+00:00
600021_上海电力_2025_ESG报告,g_audit_committee,True,由 5 名董事构成，其中独立董事 3 名，占比 60%，由独立董事任主任委员 监督及评估外部审计工作，提议聘请或更换外部审计机构；监督及评估公司的内部审计工作；内部审计与外部审计之间的协调；审核公司的财务会计报告及定期报告中的财务信息、内部控制评价报告；监督及评估公司的内部控制，对重大关联交易进行审核；指导公司风险管理体系、内部控制体系、合规管理体系和企业违规经营投资责任追究工作体系建设；对公司法治建设工作进行研究并提出建议等,"由 5 名董事构成，其中独立董事 3 名，占比 60%，由独立董事任主任委员
监督及评估外部审计工作，提议聘请或更换外部审计机构；监督及评估公司的内部审计工作；内部审计与外部审计之间的协调；审核公司的财务会计报告及定期报告中的财务信息、内部控制评价报告；监督及评估公司的内部控制，对重大关联交易进行审核；指导公司风险管理体系、内部控制体系、合规管理体系和企业违规经营投资责任追究工作体系建设；对公司法治建设工作进行研究并提出建议等",,,,,,deterministic_canonical_hardening,2026-08-24T13:35:14.356040+00:00
600025_华能水电_2025_ESG报告,e_fuel_consumption,False,2025年，公司总部及基层单位办公场所消耗汽油0.13万吨标煤、天然气0.01万吨标煤、电能0.39万吨标煤。,2025年，公司总部及基层单位办公场所消耗汽油0.13万吨标煤、天然气0.01万吨标煤、电能0.39万吨标煤。,derived,direct,unit_scale_normalization,证据明确列出各类燃料消耗量及单位，可汇总得出总燃料消耗量。,"{""numeric_tokens"":[""2025"",""0.13"",""0.01"",""0.39""],""evidence_quote"":""2025年，公司总部及基层单位办公场所消耗汽油0.13万吨标煤、天然气0.01万吨标煤、电能0.39万吨标煤。""}",deterministic_canonical_hardening,2026-08-24T13:35:14.356040+00:00
600025_华能水电_2025_ESG报告,s_employee_total,True,2025年，公司员工总数5351人，劳动合同签订率为 100%,"2025年，公司员工总数5351人，劳动合同签订率为 
100\%",direct,direct,,,,deterministic_canonical_hardening,2026-08-24T13:35:14.356040+00:00
600025_华能水电_2025_ESG报告,g_party_building,True,接续实施党建引领深化年、提质年、创效年和品牌建设年行动，基层组织更加过硬 全面构建大监督体系，从严治党纵深推进,"接续实施党建引领深化年、提质年、创效年和品牌建设年行动，基层组织更加过硬
全面构建大监督体系，从严治党纵深推进",,,,,,deterministic_canonical_hardening,2026-08-24T13:35:14.356040+00:00
600072_中船科技_2025_ESG报告,s_volunteer_hours,True,年度志愿活动总时长 | 小时 | 2047 | 6747 | 7342,年度志愿活动总时长 | | 小时 | 2047 | 6747 | 7342,direct,direct,,,,deterministic_canonical_hardening,2026-08-24T13:35:14.356040+00:00
600117_西宁特钢_2025_ESG报告,e_electricity_total,True,"间接能源消耗量 | 吨标煤 | 112,256 其中:外购用电量 | 万千瓦时 | 91,339.19","间接能源消耗量 | 吨标煤 | 112,256 
其中:外购用电量 | 万千瓦时 | 91,339.19",direct,direct,,,,deterministic_canonical_hardening,2026-08-24T13:35:14.356040+00:00
600117_西宁特钢_2025_ESG报告,e_waste_recycling,True,"循环经济 废弃物循环利用量 | 吨 | 1,131,706.75","循环经济 
废弃物循环利用量 | 吨 | 1,131,706.75",direct,direct,,,,deterministic_canonical_hardening,2026-08-24T13:35:14.356040+00:00
600117_西宁特钢_2025_ESG报告,e_air_pollutants,True,"废气排放总量 | 万立方米 | 3,375,631.90 颗粒物(PM)(有组织排放) | 吨 | 571.14 硫氧化物(SOx) | 吨 | 1,016.43 氮氧化物(NOx) | 吨 | 860.64 挥发性有机物(VOCs) | 吨 | 26.98","废气排放总量 | 万立方米 | 3,375,631.90 
颗粒物(PM)(有组织排放) | 吨 | 571.14 
硫氧化物(SOx) | 吨 | 1,016.43 
氮氧化物(NOx) | 吨 | 860.64 
挥发性有机物(VOCs) | 吨 | 26.98",direct,direct,,,,deterministic_canonical_hardening,2026-08-24T13:35:14.356040+00:00
600117_西宁特钢_2025_ESG报告,s_employee_total,True,"员工结构 员工总数 | 人 | 3,931","员工结构 
员工总数 | 人 | 3,931",direct,direct,,,,deterministic_canonical_hardening,2026-08-24T13:35:14.356040+00:00
600117_西宁特钢_2025_ESG报告,s_rural_revitalization,True,乡村振兴项目惠及群体人数 人 643 乡村振兴相关的投入总金额 万元 3.9,"乡村振兴项目惠及群体人数 | 人 | 643 
乡村振兴相关的投入总金额 | 万元 | 3.9",,,,,,deterministic_canonical_hardening,2026-08-24T13:35:14.356040+00:00
600117_西宁特钢_2025_ESG报告,g_materiality_assessment,True,3- 双重重要性评估 | 从环境与社会影响、公司经营影响两个维度进行评估排序 | 评分分析、矩阵法 4- 结果确认与应用 | 确认重要议题并纳入管理与披露重点,"3- 双重重要性评估 | 从环境与社会影响、公司经营影响两个维度进行评估排序 | 评分分析、矩阵法 
4- 结果确认与应用 | 确认重要议题并纳入管理与披露重点",,,,,,deterministic_canonical_hardening,2026-08-24T13:35:14.356040+00:00
600199_金种子酒_2025_ESG报告,s_patents,True,申请专利 | 授权专利 | 其中发明专利 | 实用新型专利 | 外观设计专利 39项 | 31项 | 3项 | 14项 | 15项 2025年,"申请专利 | 授权专利 | 其中发明专利 | 实用新型专利 | 外观设计专利 
39项 | 31项 | 3项 | 14项 | 15项
2025年",direct,direct,,,,deterministic_canonical_hardening,2026-08-24T13:35:14.356040+00:00
600199_金种子酒_2025_ESG报告,g_risk_management,True,公司持续优化 ESG 治理架构，构建权责清晰、流程规范的闭环管理体系。扎实推进合规经营，持续健全风险防控与廉洁从业规范。,公司持续优化 ESG 治理架构，构建权责清晰、流程规范的闭环管理体系。扎实推进合规经营，持续健全风险防控与廉洁从业规范,,,,,,deterministic_canonical_hardening,2026-08-24T13:35:14.356040+00:00
600259_中稀有色_2025_ESG报告,e_cod,True,关键指标 | 单位 | 2025年 COD | 吨 | 10.11,"关键指标 | 单位 | 2025年 
COD | 吨 | 10.11",direct,direct,,,,deterministic_canonical_hardening,2026-08-24T13:35:14.356040+00:00
600259_中稀有色_2025_ESG报告,e_ammonia_nitrogen,True,关键指标 | 单位 | 2025年 COD | 吨 | 10.11 氨氮 | 吨 | 0.84,"关键指标 | 单位 | 2025年 
COD | 吨 | 10.11 
氨氮 | 吨 | 0.84",direct,direct,,,,deterministic_canonical_hardening,2026-08-24T13:35:14.356040+00:00
600259_中稀有色_2025_ESG报告,e_waste_total,False,"无害废弃物产生量 | 吨 | 5,322.40","无害废弃物产生量 | 吨 | 5,322.40",derived,direct,aggregation_of_disclosed_components,证据明确列出无害及有害废弃物产生量，求和得总量。,"{""numeric_tokens"":[""5,322.40""],""evidence_quote"":""无害废弃物产生量 | 吨 | 5,322.40""}",deterministic_canonical_hardening,2026-08-24T13:35:14.356040+00:00
600259_中稀有色_2025_ESG报告,e_air_pollutants,True,废气排放种类 颗粒物 | 吨 | 1.740 | 0.738 | 0.244 二氧化硫 | 吨 | 1.007 | 0.433 | 0.159 氮氧化物 | 吨 | 3.402 | 5.411 | 5.430,"废气排放种类 
颗粒物 | 吨 | 1.740 | 0.738 | 0.244 
二氧化硫 | 吨 | 1.007 | 0.433 | 0.159 
氮氧化物 | 吨 | 3.402 | 5.411 | 5.430",direct,direct,,,,deterministic_canonical_hardening,2026-08-24T13:35:14.356040+00:00
600259_中稀有色_2025_ESG报告,e_nox,True,废气排放种类 颗粒物 | 吨 | 1.740 | 0.738 | 0.244 二氧化硫 | 吨 | 1.007 | 0.433 | 0.159 氮氧化物 | 吨 | 3.402 | 5.411 | 5.430,"废气排放种类 
颗粒物 | 吨 | 1.740 | 0.738 | 0.244 
二氧化硫 | 吨 | 1.007 | 0.433 | 0.159 
氮氧化物 | 吨 | 3.402 | 5.411 | 5.430",direct,direct,,,,deterministic_canonical_hardening,2026-08-24T13:35:14.356040+00:00
600259_中稀有色_2025_ESG报告,e_particulate,True,废气排放种类 颗粒物 | 吨 | 1.740 | 0.738 | 0.244,"废气排放种类 
颗粒物 | 吨 | 1.740 | 0.738 | 0.244",direct,direct,,,,deterministic_canonical_hardening,2026-08-24T13:35:14.356040+00:00
600259_中稀有色_2025_ESG报告,s_customer_complaints,True,客户服务 客户投诉数量 | 次 | 1 | 2 | 0,"客户服务 
客户投诉数量 | 次 | 1 | 2 | 0",direct,direct,,,,deterministic_canonical_hardening,2026-08-24T13:35:14.356040+00:00
600259_中稀有色_2025_ESG报告,s_data_security,True,信息安全与隐私保护 | 信息安全培训 信息安全/客户隐私保护相关培训次数 | 次 | / | 1 | 1,"信息安全与隐私保护 | 信息安全培训 
信息安全/客户隐私保护相关培训次数 | 次 | / | 1 | 1",,,,,,deterministic_canonical_hardening,2026-08-24T13:35:14.356040+00:00
600259_中稀有色_2025_ESG报告,g_business_ethics,True,商业道德 | 向董事、管理层及员工提供的反商业贿赂及反贪污培训 开展廉政培训次数 | 次 | 2,"商业道德 | 向董事、管理层及员工提供的反商业贿赂及反贪污培训 
开展廉政培训次数 | 次 | 2",,,,,,deterministic_canonical_hardening,2026-08-24T13:35:14.356040+00:00
600259_中稀有色_2025_ESG报告,g_cybersecurity_governance,True,在公司网络安全和信息化领导小组统一领导下，由领导小组办公室统筹组织网络安全事件应对工作；公司各部门及所属企业依据职责与权限，负责本单位网络与信息系统的预防、监测、报告及应急处置。,在公司网络安全和信息化领导小组统一领导下，由领导小组办公室统筹组织网络安全事件应对工作；公司各部门及所属企业依据职责与权限，负责本单位网络与信息系统的预防、监测、报告及应急处置,,,,,,deterministic_canonical_hardening,2026-08-24T13:35:14.356040+00:00
600261_阳光照明_2025_ESG报告,e_ghg_total,False,"温室气体排放总量 | 10,853.50 | 3,369.60","温室气体排放总量 | 10,853.50 | 3,369.60",direct,normalized_or_inferred,,,,deterministic_canonical_hardening,2026-08-24T13:35:14.356040+00:00
600261_阳光照明_2025_ESG报告,e_climate_risk,True,公司建立气候风险识别、评估与应对策略体系，采用标准化风险管理流程，确保精准识别潜在气候变化风险，进行科学评估，并据此制定有效应对措施。,公司建立气候风险识别、评估与应对策略体系，采用标准化风险管理流程，确保精准识别潜在气候变化风险，进行科学评估，并据此制定有效应对措施,,,,,,deterministic_canonical_hardening,2026-08-24T13:35:14.356040+00:00
600261_阳光照明_2025_ESG报告,s_employee_rights,True,公司持续健全员工权益保障体系，依法维护员工自由择业权利，严格禁止童工、坚决杜绝强迫劳动。报告期内，公司严格遵守各项劳动规范，未发生任何涉及童工、强迫劳动及劳工违规的不良事件。,公司持续健全员工权益保障体系，依法维护员工自由择业权利，严格禁止童工、坚决杜绝强迫劳动。报告期内，公司严格遵守各项劳动规范，未发生任何涉及童工、强迫劳动及劳工违规的不良事件,,,,,,deterministic_canonical_hardening,2026-08-24T13:35:14.356040+00:00
600261_阳光照明_2025_ESG报告,g_independent_director_ratio,False,公司现有董事会成员9名，其中独立董事3名。,公司现有董事会成员9名，其中独立董事3名。,derived,normalized_or_inferred,ratio_from_disclosed_counts_or_fraction,证据明确给出董事总数及独董人数，可计算占比。,"{""numeric_tokens"":[""9"",""3""],""evidence_quote"":""公司现有董事会成员9名，其中独立董事3名。""}",deterministic_canonical_hardening,2026-08-24T13:35:14.356040+00:00
600261_阳光照明_2025_ESG报告,e_ghg_scope1,False,"直接排放(范畴一) | 1,058.31","直接排放(范畴一) | 1,058.31",direct,normalized_or_inferred,,,,deterministic_canonical_hardening,2026-08-24T13:35:14.356040+00:00
600261_阳光照明_2025_ESG报告,e_ghg_scope2,False,"间接排放(范畴二) | 9,795.19 | 2,268.81","间接排放(范畴二) | 9,795.19 | 2,268.81",direct,normalized_or_inferred,,,,deterministic_canonical_hardening,2026-08-24T13:35:14.356040+00:00
600278_东方创业_2025_ESG报告,e_water_total,True,"水资源利用^3 | 总取水量 | 吨 | 169,610","水资源利用^3$ | 总取水量 | 吨 | 169,610",direct,direct,,,,deterministic_canonical_hardening,2026-08-24T13:35:14.356040+00:00
600278_东方创业_2025_ESG报告,g_independent_director_ratio,False,非独立董事和独立董事比例为 6:3,非独立董事和独立董事比例为 6:3,derived,normalized_or_inferred,ratio_from_disclosed_counts_or_fraction,证据明确给出非独与独董比例6:3，计算得出独董占比。,"{""numeric_tokens"":[""6"",""3""],""evidence_quote"":""非独立董事和独立董事比例为 6:3""}",deterministic_canonical_hardening,2026-08-24T13:35:14.356040+00:00
600278_东方创业_2025_ESG报告,g_party_building,True,持续加强支部建设，通过党委会、支部书记例会统筹推进党建工作，开展支部书记专题培训，完成支部调整与换届改选。规范党员发展工作，严把标准与程序关。,持续加强支部建设，通过党委会、支部书记例会统筹推进党建工作，开展支部书记专题培训，完成支部调整与换届改选。规范党员发展工作，严把标准与程序关,,,,,,deterministic_canonical_hardening,2026-08-24T13:35:14.356040+00:00
600322_津投城开_2025_ESG报告,s_compensation_benefits,True,公司严格按规定为员工缴纳五险一金，依法保障员工休息休假等合法权益，并在法定福利基础上构建多层次补充福利体系，涵盖带薪休假、防暑降温补贴、采暖补贴、困难员工慰问、退休人员慰问、节日/生日/婚丧慰问等。,公司严格按规定为员工缴纳五险一金，依法保障员工休息休假等合法权益，并在法定福利基础上构建多层次补充福利体系，涵盖带薪休假、防暑降温补贴、采暖补贴、困难员工慰问、退休人员慰问、节日/生日/婚丧慰问等,,,,,,deterministic_canonical_hardening,2026-08-24T13:35:14.356040+00:00
600322_津投城开_2025_ESG报告,g_stakeholder_communication,True,利益相关方 | 沟通机制与方式 股东及投资者 | 1. 股东会;2. 定期报告与临时公告;3. 投资者说明会;4. 投资者热线与邮箱;5. 互动平台沟通。 业主与客户 | 1. 业主评价与管理;2. 日常沟通。,"利益相关方 | 沟通机制与方式 
股东及投资者 | 1. 股东会;2. 定期报告与临时公告;3. 投资者说明会;4. 投资者热线与邮箱;5. 互动平台沟通。 
业主与客户 | 1. 业主评价与管理;2. 日常沟通",,,,,,deterministic_canonical_hardening,2026-08-24T13:35:14.356040+00:00
600331_宏达股份_2025_ESG报告,e_electricity_total,True,"间接能源消耗量 | 吨标煤 | 43,910.68 其中:电力 | 兆瓦时 | 35,658.48","间接能源消耗量 | 吨标煤 | 43,910.68 
其中:电力 | 兆瓦时 | 35,658.48",direct,direct,,,,deterministic_canonical_hardening,2026-08-24T13:35:14.356040+00:00
600331_宏达股份_2025_ESG报告,g_board_size,True,姓名 | 年龄(岁) | 性别 | 职位 | 学历背景 | 财务专家 | 风险管理专家 | 行业专家 乔胜俊 | 40 | 男 | 董事长 | 硕士 | | ✓ | ✓ 王浩 | 53 | 男 | 副董事长 | 本科 | | | ✓ 黄建军 | 62 | 男 | 董事、总经理 | 硕士 | | | ✓ 罗艳辉 | 43 | 女 | 职工董事 | 硕士 | | | ✓ 帅巍 | 51 | 男 | 董事、常务副总经理 | 硕士 | ✓ | | ✓ 张建 | 52 | 男 | 董事 | 硕士 | ✓ | | ✓ 李军 | 60 | 男 | 独立董事 | 博士 | | | ✓ 陈云奎 | 58 | 男 | 独立董事 | 本科 | | ✓ | 郑亚光 | 54 | 男 | 独立董事 | 博士 | ✓ | |,"姓名 | 年龄(岁) | 性别 | 职位 | 学历背景 | 财务专家 | 风险管理专家 | 行业专家 
乔胜俊 | 40 | 男 | 董事长 | 硕士 | | ✓ | ✓ 
王浩 | 53 | 男 | 副董事长 | 本科 | | | ✓ 
黄建军 | 62 | 男 | 董事、总经理 | 硕士 | | | ✓ 
罗艳辉 | 43 | 女 | 职工董事 | 硕士 | | | ✓ 
帅巍 | 51 | 男 | 董事、常务副总经理 | 硕士 | ✓ | | ✓ 
张建 | 52 | 男 | 董事 | 硕士 | ✓ | | ✓ 
李军 | 60 | 男 | 独立董事 | 博士 | | | ✓ 
陈云奎 | 58 | 男 | 独立董事 | 本科 | | ✓ | 
郑亚光 | 54 | 男 | 独立董事 | 博士",derived,direct,aggregation_of_disclosed_components,通过统计董事会成员表格中的人数得出。,"{""numeric_tokens"":[""40"",""53"",""62"",""43"",""51"",""52"",""60"",""58"",""54""],""evidence_quote"":""姓名 | 年龄(岁) | 性别 | 职位 | 学历背景 | 财务专家 | 风险管理专家 | 行业专家 \n乔胜俊 | 40 | 男 | 董事长 | 硕士 | | ✓ | ✓ \n王浩 | 53 | 男 | 副董事长 | 本科 | | | ✓ \n黄建军 | 62 | 男 | 董事、总经理 | 硕士 | | | ✓ \n罗艳辉 | 43 | 女 | 职工董事 | 硕士 | | | ✓ \n帅巍 | 51 | 男 | 董事、常务副总经理 | 硕士 | ✓ | | ✓ \n张建 | 52 | 男 | 董事 | 硕士 | ✓ | | ✓ \n李军 | 60 | 男 | 独立董事 | 博士 | | | ✓ \n陈云奎 | 58 | 男 | 独立董事 | 本科 | | ✓ | \n郑亚光 | 54 | 男 | 独立董事 | 博士""}",deterministic_canonical_hardening,2026-08-24T13:35:14.356040+00:00
600331_宏达股份_2025_ESG报告,g_independent_director_ratio,False,独立董事占比达三分之一,独立董事占比达三分之一,derived,normalized_or_inferred,ratio_from_disclosed_counts_or_fraction,证据明确披露独立董事占比为三分之一。,"{""numeric_tokens"":[],""evidence_quote"":""独立董事占比达三分之一""}",deterministic_canonical_hardening,2026-08-24T13:35:14.356040+00:00
600331_宏达股份_2025_ESG报告,g_shareholder_meetings,True,公司治理绩效数据 股东会召开次数 | 次 | 8,"公司治理绩效数据 
股东会召开次数 | 次 | 8",direct,direct,,,,deterministic_canonical_hardening,2026-08-24T13:35:14.356040+00:00
600396_华电辽能_2025_ESG报告,e_air_pollutants,False,2025年公司烟尘排放135.75吨、二氧化硫690.31吨、氮氧化物1216.84吨。,2025年公司烟尘排放135.75吨、二氧化硫690.31吨、氮氧化物1216.84吨。,derived,direct,deterministic_normalization_from_disclosed_evidence,证据明确披露了2025年大气污染物排放总量数值。,"{""numeric_tokens"":[""2025"",""135.75"",""690.31"",""1216.84""],""evidence_quote"":""2025年公司烟尘排放135.75吨、二氧化硫690.31吨、氮氧化物1216.84吨。""}",deterministic_canonical_hardening,2026-08-24T13:35:14.356040+00:00
600400_红豆股份_2025_ESG报告,g_independent_director_ratio,False,2025年，公司董事会由9名董事组成，其中独立董事3名，女性董事2名。,2025年，公司董事会由9名董事组成，其中独立董事3名，女性董事2名。,derived,normalized_or_inferred,ratio_from_disclosed_counts_or_fraction,依据董事会总人数9人和独立董事3人计算得出占比。,"{""numeric_tokens"":[""2025"",""9"",""3"",""2""],""evidence_quote"":""2025年，公司董事会由9名董事组成，其中独立董事3名，女性董事2名。""}",deterministic_canonical_hardening,2026-08-24T13:35:14.356040+00:00
600400_红豆股份_2025_ESG报告,g_anti_corruption,True,公司从反商业贿赂、维护公平竞争秩序、负责任营销等维度构建全面的商业道德管理体系，将合规经营要求贯穿于公司内外部商业活动的全链条。,公司从反商业贿赂、维护公平竞争秩序、负责任营销等维度构建全面的商业道德管理体系，将合规经营要求贯穿于公司内外部商业活动的全链条,,,,,,deterministic_canonical_hardening,2026-08-24T13:35:14.356040+00:00
600400_红豆股份_2025_ESG报告,g_risk_management,True,公司致力于构建覆盖全业务、全流程的全面风险治理体系，通过强化顶层设计、健全内控机制及深化审计监督，筑牢经营合规底线；坚持将风险防控与业务实践深度融合，持续优化动态预警与响应能力。,公司致力于构建覆盖全业务、全流程的全面风险治理体系，通过强化顶层设计、健全内控机制及深化审计监督，筑牢经营合规底线；坚持将风险防控与业务实践深度融合，持续优化动态预警与响应能力,,,,,,deterministic_canonical_hardening,2026-08-24T13:35:14.356040+00:00
600400_红豆股份_2025_ESG报告,g_investor_relations,True,公司修订了《投资者关系管理制度》，进一步规范并完善投资者交流机制。在制度保障下，公司持续畅通线上线下沟通渠道，充分利用电话、电子邮件、上证e互动、现场接待等方式，增进投资者对公司的了解，听取其意见建议并及时反馈至董事会及管理层。,公司修订了《投资者关系管理制度》，进一步规范并完善投资者交流机制。在制度保障下，公司持续畅通线上线下沟通渠道，充分利用电话、电子邮件、上证e互动、现场接待等方式，增进投资者对公司的了解，听取其意见建议并及时反馈至董事会及管理层,,,,,,deterministic_canonical_hardening,2026-08-24T13:35:14.356040+00:00
600400_红豆股份_2025_ESG报告,g_audit_committee,True,委员会名称 | 主要职责 | 独立性 审计委员会 | 负责审核公司财务信息及其披露、监督及评估内外部审计工作和内部控制。 | 委员会由沈大龙(主任委员)、奚丰、徐而迅组成;委员会包含2名独立董事。,"委员会名称 | 主要职责 | 独立性 
审计委员会 | 负责审核公司财务信息及其披露、监督及评估内外部审计工作和内部控制。 | 委员会由沈大龙(主任委员)、奚丰、徐而迅组成;委员会包含2名独立董事",,,,,,deterministic_canonical_hardening,2026-08-24T13:35:14.356040+00:00
600406_国电南瑞_2025_ESG报告,e_waste_total,True,有害废弃物产生量 | 吨 | 29.26 | 40.25 | 45.24 无害废弃物产生量(废纸箱、厨余垃圾) | 吨 | 1831.11 | 2192.063 | 1937.62,"有害废弃物产生量 | 吨 | 29.26 | 40.25 | 45.24 
无害废弃物产生量(废纸箱、厨余垃圾) | 吨 | 1831.11 | 2192.063 | 1937.62",derived,direct,deterministic_normalization_from_disclosed_evidence,证据包含有害及无害废弃物数据，加和得总量。,"{""numeric_tokens"":[""29.26"",""40.25"",""45.24"",""1831.11"",""2192.063"",""1937.62""],""evidence_quote"":""有害废弃物产生量 | 吨 | 29.26 | 40.25 | 45.24 \n无害废弃物产生量(废纸箱、厨余垃圾) | 吨 | 1831.11 | 2192.063 | 1937.62""}",deterministic_canonical_hardening,2026-08-24T13:35:14.356040+00:00
600406_国电南瑞_2025_ESG报告,e_environmental_penalty,True,环境违法违规及入刑事件 0 起 ○ 突发重大环境事件 0 起,"环境违法违规及入刑事件 0 起
○ 突发重大环境事件 0 起",,,,,,deterministic_canonical_hardening,2026-08-24T13:35:14.356040+00:00
600406_国电南瑞_2025_ESG报告,s_training,True,员工培训班次 | 次 | 470 | 511 | 490 员工培训参与人次 | 人次 | 12979 | 15343 | 14717 员工培训覆盖率 | % | 96.49 | 95.1 | 95.1,"员工培训班次 | 次 | 470 | 511 | 490 
员工培训参与人次 | 人次 | 12979 | 15343 | 14717 
员工培训覆盖率 | % | 96.49 | 95.1 | 95.1",direct,direct,,,,deterministic_canonical_hardening,2026-08-24T13:35:14.356040+00:00
600475_华光环能_2025_ESG报告,e_air_pollutants,True,"二氧化硫排放总量 | 吨 | 310.73 氮氧化物排放总量 | 吨 | 1,197.30 颗粒物(PM) | 吨 | 2.15 烟尘排放总量 | 吨 | 60.26 挥发性有机物(VOCs) | 吨 | 1.52","二氧化硫排放总量 | 吨 | 310.73 
氮氧化物排放总量 | 吨 | 1,197.30 
颗粒物(PM) | 吨 | 2.15 
烟尘排放总量 | 吨 | 60.26 
挥发性有机物(VOCs) | 吨 | 1.52",direct,direct,,,,deterministic_canonical_hardening,2026-08-24T13:35:14.356040+00:00
600475_华光环能_2025_ESG报告,g_board_size,True,公司董事会由9名董事组成，其中女性董事3名，女性董事占比 33.33% 。,"公司董事会由9名董事组成，其中女性董事3名，女性董事占比 
33.33\%",direct,direct,,,,deterministic_canonical_hardening,2026-08-24T13:35:14.356040+00:00
600475_华光环能_2025_ESG报告,g_board_diversity,True,公司董事会由9名董事组成，其中女性董事3名，女性董事占比 33.33\% 。董事会成员兼具多元背景与互补专业能力，以差异化视角保障董事会的科学决策。,"公司董事会由9名董事组成，其中女性董事3名，女性董事占比 
33.33\%
。董事会成员兼具多元背景与互补专业能力，以差异化视角保障董事会的科学决策",direct,direct,,,,deterministic_canonical_hardening,2026-08-24T13:35:14.356040+00:00
600475_华光环能_2025_ESG报告,g_anti_corruption,True,公司不断健全廉洁风险防控机制，制定并动态更新《日常监督参考清单》《廉洁风险隐患排查清单》，聚焦重点领域、关键岗位与核心环节，精准识别廉洁风险点。,公司不断健全廉洁风险防控机制，制定并动态更新《日常监督参考清单》《廉洁风险隐患排查清单》，聚焦重点领域、关键岗位与核心环节，精准识别廉洁风险点,,,,,,deterministic_canonical_hardening,2026-08-24T13:35:14.356040+00:00
600480_凌云股份_2025_ESG报告,g_independent_director_ratio,False,董事会由7名成员组成，其中4名外部董事（外部董事中3名为独立董事）。,董事会由7名成员组成，其中4名外部董事（外部董事中3名为独立董事）。,derived,normalized_or_inferred,ratio_from_disclosed_counts_or_fraction,证据明确披露董事会总人数及独立董事人数，可直接计算占比。,"{""numeric_tokens"":[""7"",""4"",""3""],""evidence_quote"":""董事会由7名成员组成，其中4名外部董事（外部董事中3名为独立董事）。""}",deterministic_canonical_hardening,2026-08-24T13:35:14.356040+00:00
600480_凌云股份_2025_ESG报告,g_board_diversity,False,董事会由7名成员组成,董事会由7名成员组成,derived,direct,aggregation_of_disclosed_components,证据明确列出董事会成员名单及性别，可统计出女性董事人数为1。,"{""numeric_tokens"":[""7""],""evidence_quote"":""董事会由7名成员组成""}",deterministic_canonical_hardening,2026-08-24T13:35:14.356040+00:00
600480_凌云股份_2025_ESG报告,g_esg_governance,True,可持续发展治理架构 1,"可持续发展治理架构
1",,,,,,deterministic_canonical_hardening,2026-08-24T13:35:14.356040+00:00
600480_凌云股份_2025_ESG报告,s_training,True,员工人均培训时长 | 学时 | 5.32 | 5.47 | 4.55 职业培训投入 | 万元 | 90 | 114 | 600,"员工人均培训时长 | 学时 | 5.32 | 5.47 | 4.55 
职业培训投入 | 万元 | 90 | 114 | 600",direct,direct,,,,deterministic_canonical_hardening,2026-08-24T13:35:14.356040+00:00
600516_方大炭素_2025_ESG报告,e_climate_risk,True,公司采用“识别—评估—监测—预警—改进”的管理流程，每年对环境因素、危险源、社会议题及气候相关风险进行全面识别与评估，并及时调整应对策略。,公司采用 “识别—评估—监测—预警—改进” 的管理流程，每年对环境因素、危险源、社会议题及气候相关风险进行全面识别与评估，并及时调整应对策略,,,,,,deterministic_canonical_hardening,2026-08-24T13:35:14.356040+00:00
600516_方大炭素_2025_ESG报告,e_air_pollutants,True,硫氧化物(SOx)排放量 | 吨 | 264.06 氮氧化物(NOx)排放量 | 吨 | 187.76 颗粒物排放量 | 吨 | 39.21,"硫氧化物(SOx)排放量 | 吨 | 264.06 
氮氧化物(NOx)排放量 | 吨 | 187.76 
颗粒物排放量 | 吨 | 39.21",direct,direct,,,,deterministic_canonical_hardening,2026-08-24T13:35:14.356040+00:00
600516_方大炭素_2025_ESG报告,e_green_office,True,公司积极推动无纸化办公理念，致力于减少资源消耗，实现办公流程的绿色转型。通过全面采用无纸化办公系统，有效减少纸质文件的使用，倡导全体员工践行节能减排行为。,公司积极推动无纸化办公理念，致力于减少资源消耗，实现办公流程的绿色转型。通过全面采用无纸化办公系统，有效减少纸质文件的使用，倡导全体员工践行节能减排行为,,,,,,deterministic_canonical_hardening,2026-08-24T13:35:14.356040+00:00
600516_方大炭素_2025_ESG报告,g_independent_director_ratio,False,公司董事会由7名非独立董事和4名独立董事组成。,公司董事会由7名非独立董事和4名独立董事组成。,derived,normalized_or_inferred,ratio_from_disclosed_counts_or_fraction,证据明确给出独董与非独董人数，可计算占比。,"{""numeric_tokens"":[""7"",""4""],""evidence_quote"":""公司董事会由7名非独立董事和4名独立董事组成。""}",deterministic_canonical_hardening,2026-08-24T13:35:14.356040+00:00
600516_方大炭素_2025_ESG报告,g_stakeholder_communication,True,利益相关方类别 | 前六项关注议题 | 沟通渠道 股东及投资者 | 公司治理 | 股东会 利益相关方沟通 | 投资者说明会、路演 产品质量与安全 | 接待来访 科技创新与研发 | 座谈交流 反商业贿赂及反贪污 | 公司官网 反不正当竞争 | 热线电话、电子邮箱、传真等 政府及监管机构 | 排放物管理 | 环境管理 | 公司官网 资源与能源使用 | 定期沟通 应对气候变化 | 信息披露 产品质量与安全 | 新闻稿/信息公告 职业健康与安全 | 员工 | 循环经济 | 职工代表大会 排放物管理 | 总经理接待日 雇佣与劳工管理 | 专项座谈会 员工薪酬与福利 | 员工论坛 员工发展与培训 | 电子意见箱、举报邮箱 职业健康与安全 | 员工活动,"利益相关方类别 | 前六项关注议题 | 沟通渠道 
股东及投资者 | 公司治理 | 股东会 
利益相关方沟通 | 投资者说明会、路演 
产品质量与安全 | 接待来访 
科技创新与研发 | 座谈交流 
反商业贿赂及反贪污 | 公司官网 
反不正当竞争 | 热线电话、电子邮箱、传真等 
政府及监管机构 | 排放物管理 | 
环境管理 | 公司官网 
资源与能源使用 | 定期沟通 
应对气候变化 | 信息披露 
产品质量与安全 | 新闻稿/信息公告 
职业健康与安全 | 
员工 | 循环经济 | 职工代表大会 
排放物管理 | 总经理接待日 
雇佣与劳工管理 | 专项座谈会 
员工薪酬与福利 | 员工论坛 
员工发展与培训 | 电子意见箱、举报邮箱 
职业健康与安全 | 员工活动",,,,,,deterministic_canonical_hardening,2026-08-24T13:35:14.356040+00:00
600525_ST长园_2025_ESG报告,e_air_pollutants,True,氮氧化物(NOX)排放量 | 吨 | 1.035 硫化物(SOX)排放量 | 吨 | 0.162 颗粒物(PM)排放量 | 吨 | 0.035,"氮氧化物(NOX)排放量 | 吨 | 1.035 
硫化物(SOX)排放量 | 吨 | 0.162 
颗粒物(PM)排放量 | 吨 | 0.035",direct,direct,,,,deterministic_canonical_hardening,2026-08-24T13:35:14.356040+00:00
600525_ST长园_2025_ESG报告,s_community_investment,False,"报告期内，子公司长园电力、长园共创分别向珠海市关爱协会“6·30”助力乡村振兴活动捐赠10,000元、5,000元，以务实行动助力乡村发展。","报告期内，子公司长园电力、长园共创分别向珠海市关爱协会“6·30”助力乡村振兴活动捐赠10,000元、5,000元，以务实行动助力乡村发展。",derived,direct,deterministic_normalization_from_disclosed_evidence,证据明确披露了具体的慈善捐赠金额，符合定量指标要求。,"{""numeric_tokens"":[""6"",""30"",""10,000"",""5,000""],""evidence_quote"":""报告期内，子公司长园电力、长园共创分别向珠海市关爱协会“6·30”助力乡村振兴活动捐赠10,000元、5,000元，以务实行动助力乡村发展。""}",deterministic_canonical_hardening,2026-08-24T13:35:14.356040+00:00
600525_ST长园_2025_ESG报告,s_human_rights,True,公司秉持多元、平等、包容理念，尊重和保障员工基本人权与劳动合法权益，坚持公平就业，反对骚扰与歧视，禁止雇佣童工和强迫劳动。,公司秉持多元、平等、包容理念，尊重和保障员工基本人权与劳动合法权益，坚持公平就业，反对骚扰与歧视，禁止雇佣童工和强迫劳动,,,,,,deterministic_canonical_hardening,2026-08-24T13:35:14.356040+00:00
600525_ST长园_2025_ESG报告,g_independent_director_ratio,True,关键绩效 报告期内，公司董事会成员 | 其中独立董事 | 非独立董事 | 独立董事占比 9人 | 3人 | 6人 | 33.33%,"关键绩效 
报告期内，公司董事会成员 | 其中独立董事 | 非独立董事 | 独立董事占比 
9人 | 3人 | 6人 | 33.33%",direct,direct,,,,deterministic_canonical_hardening,2026-08-24T13:35:14.356040+00:00
600525_ST长园_2025_ESG报告,g_investor_relations,True,公司始终高度重视并持续规范投资者关系管理工作，制定并遵循《投资者关系管理制度》，并指定证券部为投资者关系管理的职能部门。,公司始终高度重视并持续规范投资者关系管理工作，制定并遵循《投资者关系管理制度》，并指定证券部为投资者关系管理的职能部门,,,,,,deterministic_canonical_hardening,2026-08-24T13:35:14.356040+00:00
600587_新华医疗_2025_ESG报告,e_water_total,True,指标 | 单位 | 2025年数据 总取水量 | 万吨 | 35.48 水重复利用率 | % | 91 总用水量 | 万吨 | 394.22,"指标 | 单位 | 2025年数据 
总取水量 | 万吨 | 35.48 
水重复利用率 | % | 91 
总用水量 | 万吨 | 394.22",direct,direct,,,,deterministic_canonical_hardening,2026-08-24T13:35:14.356040+00:00
600587_新华医疗_2025_ESG报告,e_air_pollutants,True,指标 | 单位 | 2025年数据 颗粒物 | 吨 | 0.64 二氧化硫 | 吨 | 0.003 氮氧化物 | 吨 | 0.63 挥发性有机物 | 吨 | 4.18,"指标 | 单位 | 2025年数据 
颗粒物 | 吨 | 0.64 
二氧化硫 | 吨 | 0.003 
氮氧化物 | 吨 | 0.63 
挥发性有机物 | 吨 | 4.18",derived,direct,deterministic_normalization_from_disclosed_evidence,证据明确列出2025年各类大气污染物排放数值及单位。,"{""numeric_tokens"":[""2025"",""0.64"",""0.003"",""0.63"",""4.18""],""evidence_quote"":""指标 | 单位 | 2025年数据 \n颗粒物 | 吨 | 0.64 \n二氧化硫 | 吨 | 0.003 \n氮氧化物 | 吨 | 0.63 \n挥发性有机物 | 吨 | 4.18""}",deterministic_canonical_hardening,2026-08-24T13:35:14.356040+00:00
600587_新华医疗_2025_ESG报告,s_rural_revitalization,True,乡村振兴投入(累计) | 万元 | 148.48 | 199.14 | 231.62 乡村振兴投入 | 万元 | 25.25 | 50.66 | 32.48,"乡村振兴投入(累计) | 万元 | 148.48 | 199.14 | 231.62 
乡村振兴投入 | 万元 | 25.25 | 50.66 | 32.48",,,,,,deterministic_canonical_hardening,2026-08-24T13:35:14.356040+00:00
600587_新华医疗_2025_ESG报告,g_board_size,True,治理绩效 绩效指标 | 单位 | 2023年 | 2024年 | 2025年 董事会人数 | 人 | 11 | 11 | 11,"治理绩效 
绩效指标 | 单位 | 2023年 | 2024年 | 2025年 
董事会人数 | 人 | 11 | 11 | 11",direct,direct,,,,deterministic_canonical_hardening,2026-08-24T13:35:14.356040+00:00
600587_新华医疗_2025_ESG报告,g_party_building,True,新华医疗坚持以高质量党建引领高质量发展，充分发挥党委把方向、管大局、保落实的领导作用，持续强化理论武装与基层党组织建设，推动党建工作与生产经营深度融合。,新华医疗坚持以高质量党建引领高质量发展，充分发挥党委把方向、管大局、保落实的领导作用，持续强化理论武装与基层党组织建设，推动党建工作与生产经营深度融合,,,,,,deterministic_canonical_hardening,2026-08-24T13:35:14.356040+00:00
600630_龙头股份_2025_ESG报告,e_air_pollutants,True,指标 | 单位 | 2025年 | 2024年 | 2023年 颗粒物 | kg | 200 | 350 | 350 二氧化硫 | kg | 250 | 250 | 250 氮氧化物 | kg | 250 | 250 | 250 挥发性有机物 | kg | 204 | 240 | 250,"指标 | 单位 | 2025年 | 2024年 | 2023年 
颗粒物 | kg | 200 | 350 | 350 
二氧化硫 | kg | 250 | 250 | 250 
氮氧化物 | kg | 250 | 250 | 250 
挥发性有机物 | kg | 204 | 240 | 250",direct,direct,,,,deterministic_canonical_hardening,2026-08-24T13:35:14.356040+00:00
600630_龙头股份_2025_ESG报告,e_particulate,True,指标 | 单位 | 2025年 | 2024年 | 2023年 颗粒物 | kg | 200 | 350 | 350,"指标 | 单位 | 2025年 | 2024年 | 2023年 
颗粒物 | kg | 200 | 350 | 350",direct,direct,,,,deterministic_canonical_hardening,2026-08-24T13:35:14.356040+00:00
600630_龙头股份_2025_ESG报告,e_biodiversity,True,"公司各运营点未位于重点生态保护区域,生产经营活动对生态环境和生物多样性无显著不利影响,故未被纳入龙头股份的 ESG 关注议题。","公司各运营点未位于重点生态保护区域,生产经营活动 对生态环境和生物多样性无显著不利影响,故未被纳入 龙头股份的 ESG 关注议题",,,,,,deterministic_canonical_hardening,2026-08-24T13:35:14.356040+00:00
600630_龙头股份_2025_ESG报告,s_compensation_benefits,True,公司通过完善薪酬福利体系、落实员工关怀举措、健全培训发展机制，努力提升员工的获得感、幸福感和归属感。,公司通过完善薪酬福利体系、落实员工关怀举措、健全培训发展机制，努力提升员工的获得感、幸福感和归属感,,,,,,deterministic_canonical_hardening,2026-08-24T13:35:14.356040+00:00
600630_龙头股份_2025_ESG报告,s_product_quality,True,公司始终以品质为发展根基，致力于为客户提供高质量的产品与优质服务。通过持续完善质量管理体系，严格把控产品质量，持续优化服务流程。,公司始终以品质为发展根基，致力于为客户提供高质量的产品与优质服务。通过持续完善质量管理体系，严格把控产品质量，持续优化服务流程,,,,,,deterministic_canonical_hardening,2026-08-24T13:35:14.356040+00:00
600630_龙头股份_2025_ESG报告,s_rural_revitalization,True,乡村振兴与村企结对 | 保卫村现金捐赠 | 5万元 | 金山高新区保卫村 保卫村物资捐赠 | 2.21万元 | 金山高新区保卫村 惠及人数 | 154人,"乡村振兴与村企结对 | 保卫村现金捐赠 | 5万元 | 金山高新区保卫村 
保卫村物资捐赠 | 2.21万元 | 金山高新区保卫村 
惠及人数 | 154人",,,,,,deterministic_canonical_hardening,2026-08-24T13:35:14.356040+00:00
600630_龙头股份_2025_ESG报告,g_audit_committee,True,董事会下设审计委员会。内部审计部门独立运作，直接向审计委员会汇报工作。,董事会下设审计委员会。内部审计部门独立运作，直接向审计委员会汇报工作,,,,,,deterministic_canonical_hardening,2026-08-24T13:35:14.356040+00:00
600630_龙头股份_2025_ESG报告,s_training,True,指标 | 单位 | 2025年 员工培训总时长 | 小时 | 17280 人均参与培训时长 | 小时/人 | 12.37 高级管理层人均培训时长 | 小时/人 | 28,"指标 | 单位 | 2025年 
员工培训总时长 | 小时 | 17280 
人均参与培训时长 | 小时/人 | 12.37 
高级管理层人均培训时长 | 小时/人 | 28",direct,direct,,,,deterministic_canonical_hardening,2026-08-24T13:35:14.356040+00:00
600651_飞乐音响_2025_可持续发展报告,e_green_office,True,公司倡导低碳生活、绿色办公，通过设立节水和节能标识、逐步推行办公无纸化，开展多样化宣传培训，引导全员主动参与绿色行动。,公司倡导低碳生活、绿色办公，通过设立节水和节能标识、逐步推行办公无纸化，开展多样化宣传培训，引导全员主动参与绿色行动,,,,,,deterministic_canonical_hardening,2026-08-24T13:35:14.356040+00:00
600651_飞乐音响_2025_可持续发展报告,s_supplier,True,不断健全供应商管理体系，规范供应商日常管理机制，完善供应商前期准入评估、后期年度评分机制。,"不断健全供应商管理体系,规范供应商日常管理机制,完善供应商前期准入评估、后期年度评分机制",,,,,,deterministic_canonical_hardening,2026-08-24T13:35:14.356040+00:00
600651_飞乐音响_2025_可持续发展报告,g_compliance_management,True,公司始终坚持守法合规经营，不断完善合规管理制度，建立健全合规管理机制，持续加强合规文化建设，确保公司的经营活动符合国家法律法规、监管规定、行业标准和公司内部规则制度要求。,公司始终坚持守法合规经营，不断完善合规管理制度，建立健全合规管理机制，持续加强合规文化建设，确保公司的经营活动符合国家法律法规、监管规定、行业标准和公司内部规则制度要求,,,,,,deterministic_canonical_hardening,2026-08-24T13:35:14.356040+00:00
600684_珠江股份_2025_ESG暨社会责任报告,e_air_pollutants,True,NOx氮氧化物排放量 | 千克 | 495.37 SOx硫氧化物排放量 | 千克 | 0.72 颗粒物排放量 | 千克 | 47.45,"NOx氮氧化物排放量 | 千克 | 495.37 
SOx硫氧化物排放量 | 千克 | 0.72 
颗粒物排放量 | 千克 | 47.45",direct,direct,,,,deterministic_canonical_hardening,2026-08-24T13:35:14.356040+00:00
600684_珠江股份_2025_ESG暨社会责任报告,e_nox,True,2025年 NOx氮氧化物排放量 | 千克 | 495.37,"2025年 
NOx氮氧化物排放量 | 千克 | 495.37",direct,direct,,,,deterministic_canonical_hardening,2026-08-24T13:35:14.356040+00:00
600684_珠江股份_2025_ESG暨社会责任报告,s_community_investment,True,社会公益 扶贫及乡村振兴项目总投入 | 万元 | 58.68,"社会公益 
扶贫及乡村振兴项目总投入 | 万元 | 58.68",direct,direct,,,,deterministic_canonical_hardening,2026-08-24T13:35:14.356040+00:00
600684_珠江股份_2025_ESG暨社会责任报告,g_independent_director_ratio,False,董事会共9名董事，其中3名独立董事，占董事会成员三分之一。,董事会共9名董事，其中3名独立董事，占董事会成员三分之一。,derived,normalized_or_inferred,ratio_from_disclosed_counts_or_fraction,证据明确给出独立董事人数及占比描述。,"{""numeric_tokens"":[""9"",""3""],""evidence_quote"":""董事会共9名董事，其中3名独立董事，占董事会成员三分之一。""}",deterministic_canonical_hardening,2026-08-24T13:35:14.356040+00:00
600684_珠江股份_2025_ESG暨社会责任报告,g_audit_committee,True,报告期内，珠江股份召开11次董事会 其中：5次审计委员会、3次提名委员会、2次薪酬与考核委员会、1次战略委员会 4次独立董事专门会议,"报告期内，珠江股份召开11次董事会 
其中：5次审计委员会、3次提名委员会、2次薪酬与考核委员会、1次战略委员会 
4次独立董事专门会议",,,,,,deterministic_canonical_hardening,2026-08-24T13:35:14.356040+00:00
600713_南京医药_2025_ESG报告,s_employee_gender,True,按性别划分 男性 | 人 | 2600 | 2616 | 2583 女性 | 人 | 3654 | 3627 | 3519,"按性别划分 
男性 | 人 | 2600 | 2616 | 2583 
女性 | 人 | 3654 | 3627 | 3519",direct,direct,,,,deterministic_canonical_hardening,2026-08-24T13:35:14.356040+00:00
600713_南京医药_2025_ESG报告,s_volunteer_hours,True,志愿服务人次 | 人 | 105 | 134 | 375 志愿活动时长 | 时 | 1360 | 1486 | 1420,"志愿服务人次 | 人 | 105 | 134 | 375 
志愿活动时长 | 时 | 1360 | 1486 | 1420",direct,direct,,,,deterministic_canonical_hardening,2026-08-24T13:35:14.356040+00:00
600713_南京医药_2025_ESG报告,g_investor_relations,True,公司高度重视投资者关系管理工作，搭建“线上+线下”多元沟通桥梁。通过举办业绩说明会、可转换公司债券路演说明会，以及借助上海证券交易所“上证e互动”平台、现场接待、电话交流等多种渠道，积极与投资者开展互动沟通。,公司高度重视投资者关系管理工作，搭建“线上+线下”多元沟通桥梁。通过举办业绩说明会、可转换公司债券路演说明会，以及借助上海证券交易所“上证e互动”平台、现场接待、电话交流等多种渠道，积极与投资者开展互动沟通,,,,,,deterministic_canonical_hardening,2026-08-24T13:35:14.356040+00:00
600713_南京医药_2025_ESG报告,s_training,True,员工培训总时长 | 小时 | 223439 | 223733 | 234429 人均培训时长 | 小时 | 36 | 36 | 38 员工培训覆盖率 | % | 100 | 100 | 100,"员工培训总时长 | 小时 | 223439 | 223733 | 234429 
人均培训时长 | 小时 | 36 | 36 | 38 
员工培训覆盖率 | % | 100 | 100 | 100",direct,direct,,,,deterministic_canonical_hardening,2026-08-24T13:35:14.356040+00:00
600737_中粮糖业_2025_ESG报告,e_waste_total,False,"2025 年，公司无害废弃物产生量为 763,970.02 吨，有害废弃物产生量为 56.89 吨","2025 年，公司无害废弃物产生量为 763,970.02 吨，有害废弃物产生量为 56.89 吨",derived,direct,aggregation_of_disclosed_components,证据明确披露无害及有害废弃物产生量，加总得总量。,"{""numeric_tokens"":[""2025"",""763,970.02"",""56.89""],""evidence_quote"":""2025 年，公司无害废弃物产生量为 763,970.02 吨，有害废弃物产生量为 56.89 吨""}",deterministic_canonical_hardening,2026-08-24T13:35:14.356040+00:00
600737_中粮糖业_2025_ESG报告,e_air_pollutants,True,"大气污染物 | 颗粒物(PM) | 211.08(吨) | 是 | 703.91(吨) | 无 二氧化硫 | 489.30(吨) | 是 | 1,579.09(吨) | 无 氮氧化物( $NO_x$ ) | 1,354.31(吨) | 是 | 2,150.96(吨) | 无","大气污染物 | 颗粒物(PM) | 211.08(吨) | 是 | 703.91(吨) | 无 
二氧化硫 | 489.30(吨) | 是 | 1,579.09(吨) | 无 
氮氧化物( $NO_x$ ) | 1,354.31(吨) | 是 | 2,150.96(吨) | 无",direct,direct,,,,deterministic_canonical_hardening,2026-08-24T13:35:14.356040+00:00
600737_中粮糖业_2025_ESG报告,s_supplier,True,中粮糖业坚持“货比三家、择优选择、程序规范、过程透明”的采购原则，建立规范的供应商准入机制。公司依据《中粮糖业供应商管理办法》，明确准入条件和管理要求。,中粮糖业坚持“货比三家、择优选择、程序规范、过程透明”的采购原则，建立规范的供应商准入机制。公司依据《中粮糖业供应商管理办法》，明确准入条件和管理要求,,,,,,deterministic_canonical_hardening,2026-08-24T13:35:14.356040+00:00
600737_中粮糖业_2025_ESG报告,g_tax_transparency,True,- 依法合规运营 - 培育和壮大产业根基 - 国有资产保值增值 - 创造就业机会 - 依法纳税,"依法合规运营
- 培育和壮大产业根基
- 国有资产保值增值
- 创造就业机会
- 依法纳税",,,,,,deterministic_canonical_hardening,2026-08-24T13:35:14.356040+00:00
600759_ST洲际_2025_ESG报告,s_research_development,True,2025年，研究院共有研发人员45人，占员工总数的 20.27\% ，研发投入金额为60.83万元。,"2025年，研究院共有研发人员45人，占员工总数的 
20.27\%
，研发投入金额为60.83万元",direct,direct,,,,deterministic_canonical_hardening,2026-08-24T13:35:14.356040+00:00
600759_ST洲际_2025_ESG报告,g_board_size,True,截至报告期末 7名 董事会成员共 3名 其中，独立董事 7名 公司高管共,"截至报告期末
7名
董事会成员共
3名
其中，独立董事
7名
公司高管共",direct,direct,,,,deterministic_canonical_hardening,2026-08-24T13:35:14.356040+00:00
600759_ST洲际_2025_ESG报告,g_esg_strategy,True,董事会负责制定公司的ESG管理方针、战略方向、优先事项及具体目标，定期审阅公司在ESG方面的绩效表现,董事会负责制定公司的 ESG 管理方针、战略方向、优先事项及具体目标，定期审阅公司在 ESG 方面的绩效表现,,,,,,deterministic_canonical_hardening,2026-08-24T13:35:14.356040+00:00
600779_水井坊_2025_ESG报告,e_carbon_management,True,在ESG评价框架下进一步强化对碳排放管理能力的考量，将其作为关键评价维度之一，以提升原材料供应端的气候风险管理与减排导向。,在 ESG 评价框架下进一步强化对碳排放管理能力的考量，将其作为关键评价维度之一，以提升原材料供应端的气候风险管理与减排导向,,,,,,deterministic_canonical_hardening,2026-08-24T13:35:14.356040+00:00
600779_水井坊_2025_ESG报告,e_waste_total,False,"一般工业固废产生量 | 吨 | 125,180.62","一般工业固废产生量 | 吨 | 125,180.62",derived,direct,aggregation_of_disclosed_components,证据明确列出一般工业固废和危险废弃物产生量，求和得总废弃物产生量。,"{""numeric_tokens"":[""125,180.62""],""evidence_quote"":""一般工业固废产生量 | 吨 | 125,180.62""}",deterministic_canonical_hardening,2026-08-24T13:35:14.356040+00:00
600779_水井坊_2025_ESG报告,e_green_office,True,绿色园区/建筑 绿色办公文化 低碳出行,"绿色园区/建筑
绿色办公文化
低碳出行",,,,,,deterministic_canonical_hardening,2026-08-24T13:35:14.356040+00:00
600779_水井坊_2025_ESG报告,g_board_size,True,议题名称 | 指标名称 | 单位 | 2025年 | 2024年 | 2023年 董事会独立性与多元化 | 董事会人数 | 人 | 12 | 9 | 8,"议题名称 | 指标名称 | 单位 | 2025年 | 2024年 | 2023年 
董事会独立性与多元化 | 董事会人数 | 人 | 12 | 9 | 8",direct,direct,,,,deterministic_canonical_hardening,2026-08-24T13:35:14.356040+00:00
600779_水井坊_2025_ESG报告,e_ghg_scope1,True,"议题名称 | 指标名称 | 单位 | 2025年 | 2024年 | 2023年 应对气候变化 | 范围一排放量 | $tCO_2e$ | 31,328.69 | 31,547.41 | $24,095.42^1$","议题名称 | 指标名称 | 单位 | 2025年 | 2024年 | 2023年 
应对气候变化 | 范围一排放量 | $tCO_2e$ | 31,328.69 | 31,547.41 | $24,095.42^1",direct,direct,,,,deterministic_canonical_hardening,2026-08-24T13:35:14.356040+00:00
600783_鲁信创投_2025_ESG报告,e_ghg_total,False,"| 2025年 | 温室气体排放总量 | 4,838.61 |","| 2025年 | 温室气体排放总量 | 4,838.61 |",direct,normalized_or_inferred,,,,deterministic_canonical_hardening,2026-08-24T13:35:14.356040+00:00
600783_鲁信创投_2025_ESG报告,e_ghg_intensity,False,2025年 | 温室气体排放强度(范围一和范围二) | 0.5582,2025年 | 温室气体排放强度(范围一和范围二) | 0.5582,direct,normalized_or_inferred,,,,deterministic_canonical_hardening,2026-08-24T13:35:14.356040+00:00
600783_鲁信创投_2025_ESG报告,s_customer_complaints,False,报告期内，公司未收到客户投诉事件。,报告期内，公司未收到客户投诉事件。,derived,normalized_or_inferred,zero_event_normalization,证据明确披露报告期内未收到投诉，数值为0。,"{""numeric_tokens"":[],""evidence_quote"":""报告期内，公司未收到客户投诉事件。""}",deterministic_canonical_hardening,2026-08-24T13:35:14.356040+00:00
600783_鲁信创投_2025_ESG报告,e_ghg_scope1,False,"2025年 | 直接温室气体排放量（范围一） | 3,769.63","2025年 | 直接温室气体排放量（范围一） | 3,769.63",direct,normalized_or_inferred,,,,deterministic_canonical_hardening,2026-08-24T13:35:14.356040+00:00
600783_鲁信创投_2025_ESG报告,e_ghg_scope2,False,"2025年 | 间接温室气体排放量（范围二） | 1,068.98","2025年 | 间接温室气体排放量（范围二） | 1,068.98",direct,normalized_or_inferred,,,,deterministic_canonical_hardening,2026-08-24T13:35:14.356040+00:00
600805_悦达投资_2025_ESG报告,e_waste_total,True,产生的有害废弃物总量(吨) | 44.43 | 39.17 产生的无害废弃物总量(吨) | 556.95 | 493.30,"产生的有害废弃物总量(吨) | 44.43 | 39.17 
产生的无害废弃物总量(吨) | 556.95 | 493.30",derived,direct,aggregation_of_disclosed_components,证据明确列出了本期有害和无害废弃物的具体数值，单位均为吨，可直接加总得出废弃物产生总量。,"{""numeric_tokens"":[""44.43"",""39.17"",""556.95"",""493.30""],""evidence_quote"":""产生的有害废弃物总量(吨) | 44.43 | 39.17 \n产生的无害废弃物总量(吨) | 556.95 | 493.30""}",deterministic_canonical_hardening,2026-08-24T13:35:14.356040+00:00
600805_悦达投资_2025_ESG报告,e_air_pollutants,True,颗粒物(PM)(吨) | 1.70 | 1.96 硫氧化物(SOx)(吨) | 0 | 0.09 氮氧化物(NOX(吨)) | 0.24 | 0.30 挥发性有机物(VOCs)(吨) | 3.08 | 3.98,"颗粒物(PM)(吨) | 1.70 | 1.96 
硫氧化物(SOx)(吨) | 0 | 0.09 
氮氧化物(NOX(吨)) | 0.24 | 0.30 
挥发性有机物(VOCs)(吨) | 3.08 | 3.98",direct,direct,,,,deterministic_canonical_hardening,2026-08-24T13:35:14.356040+00:00
600805_悦达投资_2025_ESG报告,g_board_meetings,True,2025年 | 公司共召开董事会 | 审议议案 | 董事会成员出席率 6次 | 32项 | 100%,"2025年 | 公司共召开董事会 | 审议议案 | 董事会成员出席率 
6次 | 32项 | 100%",direct,direct,,,,deterministic_canonical_hardening,2026-08-24T13:35:14.356040+00:00
600805_悦达投资_2025_ESG报告,g_shareholder_meetings,True,2025年 | 公司共召开股东会 | 审议议案 2次 | 12项,"2025年 | 公司共召开股东会 | 审议议案 
2次 | 12项",direct,direct,,,,deterministic_canonical_hardening,2026-08-24T13:35:14.356040+00:00
600846_同济科技_2025_ESG报告,s_community_investment,False,同济建设和同济房产合计向上海市慈善基金会青浦区代表处捐款10万元，同科服务出资1.39万元支持社会公益活动,同济建设和同济房产合计向上海市慈善基金会青浦区代表处捐款10万元，同科服务出资1.39万元支持社会公益活动,derived,direct,aggregation_of_disclosed_components,证据明确披露了具体的捐款金额，可计算总和。,"{""numeric_tokens"":[""10"",""1.39""],""evidence_quote"":""同济建设和同济房产合计向上海市慈善基金会青浦区代表处捐款10万元，同科服务出资1.39万元支持社会公益活动""}",deterministic_canonical_hardening,2026-08-24T13:35:14.356040+00:00
600846_同济科技_2025_ESG报告,g_party_building,True,公司始终将坚持党的领导、加强党的建设作为企业发展的根本保证，将党建工作深度融入公司治理与生产经营全过程。,公司始终将坚持党的领导、加强党的建设作为企业发展的根本保证，将党建工作深度融入公司治理与生产经营全过程,,,,,,deterministic_canonical_hardening,2026-08-24T13:35:14.356040+00:00
600850_电科数字_2025_ESG报告,e_biodiversity,True,生物多样性 G304-2 | 活动、产品和服务对生物多样性的重大影响 | 深化环境管理 | 49-50,"生物多样性 
G304-2 | 活动、产品和服务对生物多样性的重大影响 | 深化环境管理 | 49-50",,,,,,deterministic_canonical_hardening,2026-08-24T13:35:14.356040+00:00
600850_电科数字_2025_ESG报告,s_product_quality,True,- 制定质量方针：方案全面、项目达标、自主创新、持续改进 - 及时更新识别法律法规及行业标准，制定修订公司内部质量控制制度 - 建立并持续完善公司质量管理体系,"制定质量方针：方案全面、项目达标、自主创新、持续改进
- 及时更新识别法律法规及行业标准，制定修订公司内部质量控制制度
- 建立并持续完善公司质量管理体系",,,,,,deterministic_canonical_hardening,2026-08-24T13:35:14.356040+00:00
600850_电科数字_2025_ESG报告,s_customer_complaints,False,未收到 客户投诉,未收到 客户投诉,derived,normalized_or_inferred,zero_event_normalization,证据明确披露未收到投诉，数值为0,"{""numeric_tokens"":[],""evidence_quote"":""未收到 客户投诉""}",deterministic_canonical_hardening,2026-08-24T13:35:14.356040+00:00
600850_电科数字_2025_ESG报告,s_research_development,True,"创新研发 研发投入 | 万元 | 54,152.08 | 58,082.47","创新研发 
研发投入 | 万元 | 54,152.08 | 58,082.47",direct,direct,,,,deterministic_canonical_hardening,2026-08-24T13:35:14.356040+00:00
600850_电科数字_2025_ESG报告,s_training,True,"员工培训与发展 员工培训总学时 | 小时 | 158,378.33 | 130,449.29","员工培训与发展 
员工培训总学时 | 小时 | 158,378.33 | 130,449.29",direct,direct,,,,deterministic_canonical_hardening,2026-08-24T13:35:14.356040+00:00
600855_航天长峰_2025_ESG报告,s_rural_revitalization,True,乡村振兴 乡村振兴投入金额 | 万元 | 24.88,"乡村振兴 
乡村振兴投入金额 | 万元 | 24.88",,,,,,deterministic_canonical_hardening,2026-08-24T13:35:14.356040+00:00
600855_航天长峰_2025_ESG报告,g_shareholder_meetings,True,会议召开情况 股东会 | 次 | 5,"会议召开情况 
股东会 | 次 | 5",direct,direct,,,,deterministic_canonical_hardening,2026-08-24T13:35:14.356040+00:00
600874_创业环保_2025_可持续发展报告,e_fuel_consumption,True,"能源管理 天然气 | 兆瓦时 | 21,595 | 25,503 | 13,930","能源管理 
天然气 | 兆瓦时 | 21,595 | 25,503 | 13,930",direct,direct,,,,deterministic_canonical_hardening,2026-08-24T13:35:14.356040+00:00
600874_创业环保_2025_可持续发展报告,e_cod,True,"废水 化学需氧量(COD) | 吨 | 26,522.20 | 26,071.26 | 27,402.92","废水 
化学需氧量(COD) | 吨 | 26,522.20 | 26,071.26 | 27,402.92",direct,direct,,,,deterministic_canonical_hardening,2026-08-24T13:35:14.356040+00:00
600874_创业环保_2025_可持续发展报告,e_waste_total,False,"无害废弃物总量 | 吨 | 898,935.35","无害废弃物总量 | 吨 | 898,935.35",derived,direct,aggregation_of_disclosed_components,证据明确披露无害及有害废弃物总量，求和得废弃物产生总量。,"{""numeric_tokens"":[""898,935.35""],""evidence_quote"":""无害废弃物总量 | 吨 | 898,935.35""}",deterministic_canonical_hardening,2026-08-24T13:35:14.356040+00:00
600874_创业环保_2025_可持续发展报告,e_air_pollutants,True,废气4 氮氧化物(NOx) | 吨 | 22.54 | 29.06 | 22.68 硫氧化物(SOx) | 吨 | 1.97 | 0.41 | 3.13 可吸入悬浮粒子(PM) | 吨 | 2.14 | 1.94 | 1.57 一氧化碳(CO) | 吨 | 4.98 | 3.65 | 2.61 挥发性有机物(VOCs) | 吨 | 1.03 | 0.95 | 0.96 氯化氢 | 吨 | 1.08 | 1.31 | 0.95,"废气4 
氮氧化物(NOx) | 吨 | 22.54 | 29.06 | 22.68 
硫氧化物(SOx) | 吨 | 1.97 | 0.41 | 3.13 
可吸入悬浮粒子(PM) | 吨 | 2.14 | 1.94 | 1.57 
一氧化碳(CO) | 吨 | 4.98 | 3.65 | 2.61 
挥发性有机物(VOCs) | 吨 | 1.03 | 0.95 | 0.96 
氯化氢 | 吨 | 1.08 | 1.31 | 0.95",direct,direct,,,,deterministic_canonical_hardening,2026-08-24T13:35:14.356040+00:00
600874_创业环保_2025_可持续发展报告,e_nox,True,废气4 氮氧化物(NOx) | 吨 | 22.54 | 29.06 | 22.68,"废气4 
氮氧化物(NOx) | 吨 | 22.54 | 29.06 | 22.68",direct,direct,,,,deterministic_canonical_hardening,2026-08-24T13:35:14.356040+00:00
600874_创业环保_2025_可持续发展报告,e_green_office,True,充分利用网络信息平台，逐步实行无纸化办公；倡导纸张双面使用、废纸重复利用。,"充分利用网络信息平台，逐步实行无纸化办公
- 倡导纸张双面使用、废纸重复利用",,,,,,deterministic_canonical_hardening,2026-08-24T13:35:14.356040+00:00
600874_创业环保_2025_可持续发展报告,s_training,True,"- 员工培训覆盖率100% - 员工受训总课时93,619.44小时，人均培训小时40.18小时","员工培训覆盖率100%
- 员工受训总课时93,619.44小时，人均培训小时40.18小时",direct,direct,,,,deterministic_canonical_hardening,2026-08-24T13:35:14.356040+00:00
600877_电科芯片_2025_ESG暨社会责任报告,g_independent_director_ratio,False,董事会由9名董事组成(非独立董事5人、独立董事4人),董事会由9名董事组成(非独立董事5人、独立董事4人),derived,normalized_or_inferred,ratio_from_disclosed_counts_or_fraction,证据明确给出董事总数9人及独董4人，计算得出占比。,"{""numeric_tokens"":[""9"",""5"",""4""],""evidence_quote"":""董事会由9名董事组成(非独立董事5人、独立董事4人)""}",deterministic_canonical_hardening,2026-08-24T13:35:14.356040+00:00
600877_电科芯片_2025_ESG暨社会责任报告,g_shareholder_meetings,False,2025年，电科芯片召开1次年度股东会，2次临时股东会，共审议通过17项议案。,2025年，电科芯片召开1次年度股东会，2次临时股东会，共审议通过17项议案。,derived,direct,aggregation_of_disclosed_components,证据明确披露年度及临时股东会次数，合计3次。,"{""numeric_tokens"":[""2025"",""1"",""2"",""17""],""evidence_quote"":""2025年，电科芯片召开1次年度股东会，2次临时股东会，共审议通过17项议案。""}",deterministic_canonical_hardening,2026-08-24T13:35:14.356040+00:00
600877_电科芯片_2025_ESG暨社会责任报告,g_tax_transparency,True,政府/监管部门 | 遵纪守法 | 强化合规管理 依法纳税 | 按时足额纳税,"政府/监管部门 | 遵纪守法 | 强化合规管理 
依法纳税 | 按时足额纳税",,,,,,deterministic_canonical_hardening,2026-08-24T13:35:14.356040+00:00
600884_杉杉股份_2025_ESG报告,e_green_office,True,公司积极推动绿色办公管理，将节能环保理念融入日常运营与员工行为之中。通过持续开展环保培训和宣传引导，提升员工对绿色运营与资源节约的认识。,公司积极推动绿色办公管理，将节能环保理念融入日常运营与员工行为之中。通过持续开展环保培训和宣传引导，提升员工对绿色运营与资源节约的认识,,,,,,deterministic_canonical_hardening,2026-08-24T13:35:14.356040+00:00
600884_杉杉股份_2025_ESG报告,g_independent_director_ratio,False,独立董事共4人，占比超过三分之一,独立董事共4人，占比超过三分之一,derived,normalized_or_inferred,ratio_from_disclosed_counts_or_fraction,证据明确给出董事总数11人及独董4人，可计算占比。,"{""numeric_tokens"":[""4""],""evidence_quote"":""独立董事共4人，占比超过三分之一""}",deterministic_canonical_hardening,2026-08-24T13:35:14.356040+00:00
600884_杉杉股份_2025_ESG报告,g_stakeholder_communication,True,利益相关方 | 关注与期望 | 沟通机制与形式 | 股东及投资者 | ·信息披露公开透明·规范公司治理·资产保值增值与投资回报 | ·召开股东会·定期公告、临时公告·机构调研、投资者热线、邮箱、业绩说明会、上证e互动平台,"利益相关方 | 关注与期望 | 沟通机制与形式 
| 股东及投资者 | ·信息披露公开透明·规范公司治理·资产保值增值与投资回报 | ·召开股东会·定期公告、临时公告·机构调研、投资者热线、邮箱、业绩说明会、上证e互动平台",,,,,,deterministic_canonical_hardening,2026-08-24T13:35:14.356040+00:00
600919_江苏银行_2025_可持续发展报告,g_board_diversity,False,截至2025年末，本行董事会共有董事15名,截至2025年末，本行董事会共有董事15名,derived,direct,deterministic_normalization_from_disclosed_evidence,证据明确披露董事会女性董事人数为1名。,"{""numeric_tokens"":[""2025"",""15""],""evidence_quote"":""截至2025年末，本行董事会共有董事15名""}",deterministic_canonical_hardening,2026-08-24T13:35:14.356040+00:00
600963_岳阳林纸_2025_ESG报告,e_air_pollutants,True,氮氧化物年总排放量 | 吨 | 743.89 | 680.9 二氧化硫年总排放量 | 吨 | 97.03 | 122.44 颗粒物年排放量 | 吨 | 80.59 | 74.89,"氮氧化物年总排放量 | 吨 | 743.89 | 680.9 
二氧化硫年总排放量 | 吨 | 97.03 | 122.44 
颗粒物年排放量 | 吨 | 80.59 | 74.89",direct,direct,,,,deterministic_canonical_hardening,2026-08-24T13:35:14.356040+00:00
600963_岳阳林纸_2025_ESG报告,e_environmental_penalty,True,报告期内，公司二氧化碳排放总量约153万吨，同比下降 10\% ；温室气体排放密度同比下降 11.42\% ；未发生生态环境违法违规行为、环保处罚及环境突发事件。,"报告期内，公司二氧化碳排放总量约153万吨，同比下降 
10\%
；温室气体排放密度同比下降 
11.42\%
；未发生生态环境违法违规行为、环保处罚及环境突发事件",,,,,,deterministic_canonical_hardening,2026-08-24T13:35:14.356040+00:00
600963_岳阳林纸_2025_ESG报告,s_patents,True,共计获得专利 项 263 322,共计获得专利 | 项 | 263 | 322,direct,direct,,,,deterministic_canonical_hardening,2026-08-24T13:35:14.356040+00:00
601106_中国一重_2025_ESG报告,e_waste_total,False,"一般废弃物产生量 | 吨 | 100,351.38","一般废弃物产生量 | 吨 | 100,351.38",derived,direct,deterministic_normalization_from_disclosed_evidence,证据明确披露一般及危险废弃物产生量，加和得总量。,"{""numeric_tokens"":[""100,351.38""],""evidence_quote"":""一般废弃物产生量 | 吨 | 100,351.38""}",deterministic_canonical_hardening,2026-08-24T13:35:14.356040+00:00
601106_中国一重_2025_ESG报告,s_patents,True,授权专利累计数 | 项 | 695 | 795 | 925 授权发明专利累计数 | 项 | 334 | 399 | 478 授权实用新型专利累计数 | 项 | 358 | 393 | 444 授权外观设计专利累计数 | 项 | 3 | 3 | 3,"授权专利累计数 | 项 | 695 | 795 | 925 
授权发明专利累计数 | 项 | 334 | 399 | 478 
授权实用新型专利累计数 | 项 | 358 | 393 | 444 
授权外观设计专利累计数 | 项 | 3 | 3 | 3",direct,direct,,,,deterministic_canonical_hardening,2026-08-24T13:35:14.356040+00:00
601106_中国一重_2025_ESG报告,s_rural_revitalization,True,"开展乡村帮扶,为乡村振兴注入活力。积极参加公益活动,组织捐赠活动,帮扶受灾群体;探寻与乡村多元合作的路径,推动乡村经济发展,实现企业与社会的和谐发展。","开展乡村帮扶,为乡村振兴注入活力。 | 积极参加公益活动,组织捐赠活动,帮扶受灾群体;探寻与乡村多元合作的路径,推动乡村经济发展,实现企业与社会的和谐发展",,,,,,deterministic_canonical_hardening,2026-08-24T13:35:14.356040+00:00
601106_中国一重_2025_ESG报告,g_information_disclosure,True,公司制定《信息披露管理制度》，规范信息披露行为，确保披露信息真实、准确、完整、及时；同步制定并实施《内幕信息知情人管理制度》。,公司制定《信息披露管理制度》，规范信息披露行为，确保披露信息真实、准确、完整、及时；同步制定并实施《内幕信息知情人管理制度,,,,,,deterministic_canonical_hardening,2026-08-24T13:35:14.356040+00:00
601118_海南橡胶_2025_ESG报告,e_water_total,True,"一级指标 | 二级指标 | 三级指标 | 单位 | 2025 | 2024 资源利用 | 水资源管理 | 总用水量* | 吨 | 8,952,383.30 | 2,372,764.90","一级指标 | 二级指标 | 三级指标 | 单位 | 2025 | 2024 
资源利用 | 水资源管理 | 总用水量* | 吨 | 8,952,383.30 | 2,372,764.90",direct,direct,,,,deterministic_canonical_hardening,2026-08-24T13:35:14.356040+00:00
601118_海南橡胶_2025_ESG报告,e_ammonia_nitrogen,False,"污染物排放 | 废水排放量 | 吨 | 217,704.95 | 274,604.67","污染物排放 | 废水排放量 | 吨 | 217,704.95 | 274,604.67",derived,direct,deterministic_normalization_from_disclosed_evidence,表格明确列出2025年氨氮排放量为1.42吨。,"{""numeric_tokens"":[""217,704.95"",""274,604.67""],""evidence_quote"":""污染物排放 | 废水排放量 | 吨 | 217,704.95 | 274,604.67""}",deterministic_canonical_hardening,2026-08-24T13:35:14.356040+00:00
601118_海南橡胶_2025_ESG报告,s_employee_total,True,"一级指标 | 二级指标 | 三级指标 | 单位 | 2025 | 2024 员工 | 招聘与就业 | 在职员工总数 | 人 | 24,953 | 27,489","一级指标 | 二级指标 | 三级指标 | 单位 | 2025 | 2024 
员工 | 招聘与就业 | 在职员工总数 | 人 | 24,953 | 27,489",direct,direct,,,,deterministic_canonical_hardening,2026-08-24T13:35:14.356040+00:00
601118_海南橡胶_2025_ESG报告,s_employee_gender,True,"按性别划分的员工数量及比例 女性员工人数 | 人 | 7,212 | 7,890","按性别划分的员工数量及比例 
女性员工人数 | 人 | 7,212 | 7,890",direct,direct,,,,deterministic_canonical_hardening,2026-08-24T13:35:14.356040+00:00
601118_海南橡胶_2025_ESG报告,s_supplier,True,公司健全采购与供应商管理制度，建立准入、评审、信用评级及风险防控体系，强化供应链韧性与合规管理，积极推进可持续供应链建设。,公司健全采购与供应商管理制度，建立准入、评审、信用评级及风险防控体系，强化供应链韧性与合规管理，积极推进可持续供应链建设,,,,,,deterministic_canonical_hardening,2026-08-24T13:35:14.356040+00:00
601118_海南橡胶_2025_ESG报告,g_board_diversity,False,"按年龄结构 
30岁(含)以下 | 人 | 0 | 0 
30岁-50岁(含) | 人 | 3 | 2 
50岁以上 | 人 | 6 | 5","按年龄结构 
30岁(含)以下 | 人 | 0 | 0 
30岁-50岁(含) | 人 | 3 | 2 
50岁以上 | 人 | 6 | 5",derived,direct,deterministic_normalization_from_disclosed_evidence,证据明确披露董事会人数及性别、年龄、学历结构数据。,"{""numeric_tokens"":[""30"",""0"",""0"",""30"",""-50"",""3"",""2"",""50"",""6"",""5""],""evidence_quote"":""按年龄结构 \n30岁(含)以下 | 人 | 0 | 0 \n30岁-50岁(含) | 人 | 3 | 2 \n50岁以上 | 人 | 6 | 5""}",deterministic_canonical_hardening,2026-08-24T13:35:14.356040+00:00
601118_海南橡胶_2025_ESG报告,g_materiality_assessment,True,梳理问卷反馈和评分结果，结合专家意见给出利益相关方权重。结合议题对企业可持续发展和对利益相关方的影响程度，绘制实质性议题矩阵。,"梳理问卷反馈和评分结果，结合专家意见给出利益相关方权重。
- 结合议题对企业可持续发展和对利益相关方的影响程度，绘制实质性议题矩阵",,,,,,deterministic_canonical_hardening,2026-08-24T13:35:14.356040+00:00
601298_青岛港_2025_ESG报告,e_ghg_intensity,False,每万吨吞吐量综合碳排放强度不高于 9.5 吨二氧化碳当量。,每万吨吞吐量综合碳排放强度不高于 9.5 吨二氧化碳当量。,direct,normalized_or_inferred,,,,deterministic_canonical_hardening,2026-08-24T13:35:14.356040+00:00
601298_青岛港_2025_ESG报告,e_climate_risk,True,本集团开展了气候风险梳理及识别工作，并对已识别的气候风险开展了情景分析及财务影响分析，系统评估气候变化对业务运营、发展战略及财务绩效的潜在影响。,本集团开展了气候风险梳理及识别工作，并对已识别的气候风险开展了情景分析及财务影响分析，系统评估气候变化对业务运营、发展战略及财务绩效的潜在影响,,,,,,deterministic_canonical_hardening,2026-08-24T13:35:14.356040+00:00
601298_青岛港_2025_ESG报告,e_fuel_consumption,True,"综合能源消耗量 | 兆瓦时 | 1,425,499 | 1,411,198 | 1,387,436 其中:1.直接能源消耗 | 兆瓦时 | 534,707 | 531,052 | 495,441","综合能源消耗量 | 兆瓦时 | 1,425,499 | 1,411,198 | 1,387,436 
其中:1.直接能源消耗 | 兆瓦时 | 534,707 | 531,052 | 495,441",direct,direct,,,,deterministic_canonical_hardening,2026-08-24T13:35:14.356040+00:00
601298_青岛港_2025_ESG报告,e_water_total,True,总用水量：464万吨，其中循环水286万吨，占比 62%,"总用水量：464万吨，其中循环水286万吨，占比 
62\%",direct,direct,,,,deterministic_canonical_hardening,2026-08-24T13:35:14.356040+00:00
601298_青岛港_2025_ESG报告,e_air_pollutants,True,废气排放总量 | 吨 | 71.6 | 71.3 | 66.6 其中:硫氧化物(SOx) | 吨 | 4.4 | 4.4 | 4.1 氮氧化物(NOx) | 吨 | 67.2 | 66.9 | 62.5,"废气排放总量 | 吨 | 71.6 | 71.3 | 66.6 
其中:硫氧化物(SOx) | 吨 | 4.4 | 4.4 | 4.1 
氮氧化物(NOx) | 吨 | 67.2 | 66.9 | 62.5",direct,direct,,,,deterministic_canonical_hardening,2026-08-24T13:35:14.356040+00:00
601298_青岛港_2025_ESG报告,s_employee_gender,True,"其中:按性别分类 男性员工 | 人 | 8,091 | 8,146 | 8,280 女性员工 | 人 | 1,359 | 1,406 | 1,448","其中:按性别分类 
男性员工 | 人 | 8,091 | 8,146 | 8,280 
女性员工 | 人 | 1,359 | 1,406 | 1,448",direct,direct,,,,deterministic_canonical_hardening,2026-08-24T13:35:14.356040+00:00
601298_青岛港_2025_ESG报告,s_data_security,True,议题:社会-S8 数据安全与客户隐私保护 数据安全 数据安全事件涉及的金额 | 万元 | 0 | 0 | 0 客户隐私保护 客户隐私泄露事件涉及的金额 | 万元 | 0 | 0 | 0,"议题:社会-S8 数据安全与客户隐私保护 
数据安全 
数据安全事件涉及的金额 | 万元 | 0 | 0 | 0 
客户隐私保护 
客户隐私泄露事件涉及的金额 | 万元 | 0 | 0 | 0",,,,,,deterministic_canonical_hardening,2026-08-24T13:35:14.356040+00:00
601298_青岛港_2025_ESG报告,g_board_meetings,False,董事会会议 | 7 | 45 | 100%,董事会会议 | 7 | 45 | 100%,direct,normalized_or_inferred,,,,deterministic_canonical_hardening,2026-08-24T13:35:14.356040+00:00
601298_青岛港_2025_ESG报告,g_shareholder_meetings,False,股东会会议 | 3 | 21 | 100%,股东会会议 | 3 | 21 | 100%,direct,normalized_or_inferred,,,,deterministic_canonical_hardening,2026-08-24T13:35:14.356040+00:00
601360_三六零_2025_ESG报告,e_fuel_consumption,True,"柴油消耗量 | 1.22吨 汽油消耗量 | 8.57吨 天然气消耗量 | 104,475标准立方米","柴油消耗量 | 1.22吨 
汽油消耗量 | 8.57吨 
天然气消耗量 | 104,475标准立方米",derived,normalized_or_inferred,deterministic_normalization_from_disclosed_evidence,证据明确列出了柴油、汽油和天然气的具体消耗数值及单位。,"{""numeric_tokens"":[""1.22"",""8.57"",""104,475""],""evidence_quote"":""柴油消耗量 | 1.22吨 \n汽油消耗量 | 8.57吨 \n天然气消耗量 | 104,475标准立方米""}",deterministic_canonical_hardening,2026-08-24T13:35:14.356040+00:00
601360_三六零_2025_ESG报告,g_board_meetings,True,治理维度 股东会召开 | 次 | 3 三会决议未通过次数 | 次 | 0 董事会召开 | 次 | 6,"治理维度 
股东会召开 | 次 | 3 
三会决议未通过次数 | 次 | 0 
董事会召开 | 次 | 6",direct,direct,,,,deterministic_canonical_hardening,2026-08-24T13:35:14.356040+00:00
601360_三六零_2025_ESG报告,g_investor_relations,True,三六零以“尊重投资者、回报投资者、保护投资者”为核心目标，恪守“合规、平等、主动、诚实守信”基本原则，积极搭建多元化沟通交流平台，如业绩说明会、策略会、反路演、e互动平台等。,三六零以“尊重投资者、回报投资者、保护投资者”为核心目标，恪守“合规、平等、主动、诚实守信”基本原则，积极搭建多元化沟通交流平台，如业绩说明会、策略会、反路演、e互动平台等,,,,,,deterministic_canonical_hardening,2026-08-24T13:35:14.356040+00:00
601555_东吴证券_2025_可持续发展报告,e_climate_risk,True,构建了涵盖“治理，战略，影响、风险和机遇管理，指标与目标”的气候变化管理体系。公司结合自身业务特点与发展战略，系统识别与评估气候相关风险与机遇，明确应对策略与实施路径,构建了涵盖 “治理，战略，影响、风险和机遇管理，指标与目标” 的气候变化管理体系。公司结合自身业务特点与发展战略，系统识别与评估气候相关风险与机遇，明确应对策略与实施路径,,,,,,deterministic_canonical_hardening,2026-08-24T13:35:14.356040+00:00
601555_东吴证券_2025_可持续发展报告,e_water_total,True,"耗水总量 ^3 | 立方米 | 136,289.97 | 110,150.06 | 91,260.21","耗水总量 $^3$ | 立方米 | 136,289.97 | 110,150.06 | 91,260.21",direct,direct,,,,deterministic_canonical_hardening,2026-08-24T13:35:14.356040+00:00
601555_东吴证券_2025_可持续发展报告,e_green_product,True,公司通过创新绿色债券产品、提升绿色股权融资服务能力，不断巩固自身竞争力，促进绿色产业发展。,"公司通过创新绿色债券产品、提升绿色股权融资服务能力,不断巩固自身竞争力,促进绿色产业发展",,,,,,deterministic_canonical_hardening,2026-08-24T13:35:14.356040+00:00
601555_东吴证券_2025_可持续发展报告,s_employee_total,True,"指标 | 单位 | 2023年 | 2024年 | 2025年 员工总数 | 人 | 5,136 | 4,963 | 5,101","指标 | 单位 | 2023年 | 2024年 | 2025年 
员工总数 | 人 | 5,136 | 4,963 | 5,101",direct,direct,,,,deterministic_canonical_hardening,2026-08-24T13:35:14.356040+00:00
601555_东吴证券_2025_可持续发展报告,s_employee_gender,True,"按性别划分 | 男性 | 人 | 2,937 | 2,731 | 2,906 女性 | 人 | 2,199 | 2,232 | 2,195","按性别划分 | 男性 | 人 | 2,937 | 2,731 | 2,906 
女性 | 人 | 2,199 | 2,232 | 2,195",direct,direct,,,,deterministic_canonical_hardening,2026-08-24T13:35:14.356040+00:00
601555_东吴证券_2025_可持续发展报告,s_community_investment,False,链接多方资源共创美好家园 | 310万元,链接多方资源共创美好家园 | 310万元,derived,direct,aggregation_of_disclosed_components,表格明确列出三大领域投入金额，加总得出总额。,"{""numeric_tokens"":[""310""],""evidence_quote"":""链接多方资源共创美好家园 | 310万元""}",deterministic_canonical_hardening,2026-08-24T13:35:14.356040+00:00
601956_东贝集团_2025_ESG报告,e_fuel_consumption,True,关键绩效 | 单位 | 2025年 天然气使用量 | 万立方米 | 938.16,"关键绩效 | 单位 | 2025年 
天然气使用量 | 万立方米 | 938.16",direct,direct,,,,deterministic_canonical_hardening,2026-08-24T13:35:14.356040+00:00
601956_东贝集团_2025_ESG报告,e_water_total,True,"关键绩效 | 单位 | 2025年 总耗水量 | 吨 | 2,013,560","关键绩效 | 单位 | 2025年 
总耗水量 | 吨 | 2,013,560",direct,direct,,,,deterministic_canonical_hardening,2026-08-24T13:35:14.356040+00:00
601956_东贝集团_2025_ESG报告,e_waste_total,False,"无害废弃物产生量 | 吨 | 82,724","无害废弃物产生量 | 吨 | 82,724",derived,direct,aggregation_of_disclosed_components,证据明确列出无害及有害废弃物产生量，加总得总量。,"{""numeric_tokens"":[""82,724""],""evidence_quote"":""无害废弃物产生量 | 吨 | 82,724""}",deterministic_canonical_hardening,2026-08-24T13:35:14.356040+00:00
601956_东贝集团_2025_ESG报告,e_voc,True,废气污染物种类 | 氮氧化物(NOx) | 吨 | 5.87 二氧化硫 | 吨 | 0.32 挥发性有机化合物(VOCs) | 吨 | 0.81,"废气污染物种类 | 氮氧化物(NOx) | 吨 | 5.87 
二氧化硫 | 吨 | 0.32 
挥发性有机化合物(VOCs) | 吨 | 0.81",direct,direct,,,,deterministic_canonical_hardening,2026-08-24T13:35:14.356040+00:00
601956_东贝集团_2025_ESG报告,s_employee_total,True,"员工总人数 | 残疾员工人数 | 退伍军人员工人数 | 少数民族员工人数 7,499人 | 78人 | 91人 | 56人","员工总人数 | 残疾员工人数 | 退伍军人员工人数 | 少数民族员工人数 
7,499人 | 78人 | 91人 | 56人",direct,direct,,,,deterministic_canonical_hardening,2026-08-24T13:35:14.356040+00:00
601956_东贝集团_2025_ESG报告,s_compensation_benefits,True,东贝集团持续完善员工福利体系，依据《薪酬福利管理标准》《保险福利管理标准》为员工提供规范化的薪酬与保险福利保障，确保按时足额缴纳五险一金，并于年终发放奖励。,东贝集团持续完善员工福利体系，依据《薪酬福利管理标准》《保险福利管理标准》为员工提供规范化的薪酬与保险福利保障，确保按时足额缴纳五险一金，并于年终发放奖励,,,,,,deterministic_canonical_hardening,2026-08-24T13:35:14.356040+00:00
601956_东贝集团_2025_ESG报告,s_customer_complaints,True,关键绩效 | 单位 | 2025年 客户投诉数量 | 件 | 402,"关键绩效 | 单位 | 2025年 
客户投诉数量 | 件 | 402",direct,direct,,,,deterministic_canonical_hardening,2026-08-24T13:35:14.356040+00:00
601956_东贝集团_2025_ESG报告,s_research_development,True,"关键绩效 | 单位 | 2025年 研发投入 | 万元 | 26,348.01","关键绩效 | 单位 | 2025年 
研发投入 | 万元 | 26,348.01",direct,direct,,,,deterministic_canonical_hardening,2026-08-24T13:35:14.356040+00:00
601956_东贝集团_2025_ESG报告,s_community_investment,True,关键绩效 | 单位 | 2025年 公益投入金额 | 万元 | 20,"关键绩效 | 单位 | 2025年 
公益投入金额 | 万元 | 20",direct,direct,,,,deterministic_canonical_hardening,2026-08-24T13:35:14.356040+00:00
601956_东贝集团_2025_ESG报告,g_esg_governance,True,可持续发展治理架构 1,"可持续发展治理架构
1",,,,,,deterministic_canonical_hardening,2026-08-24T13:35:14.356040+00:00
601956_东贝集团_2025_ESG报告,g_risk_management,True,东贝集团从制度、机构、架构三个维度构建了完善的风险管理体系。制度层面，公司制定了《企业内部审计管理标准》《内部控制管理办法》等内部制度。,东贝集团从制度、机构、架构三个维度构建了完善的风险管理体系。制度层面，公司制定了《企业内部审计管理标准》《内部控制管理办法》等内部制度,,,,,,deterministic_canonical_hardening,2026-08-24T13:35:14.356040+00:00
601956_东贝集团_2025_ESG报告,g_information_disclosure,True,- 公司官网（实时） - 微信公众号（实时） - 环境信息披露（实时）,"公司官网（实时）
- 微信公众号（实时）
- 环境信息披露（实时",,,,,,deterministic_canonical_hardening,2026-08-24T13:35:14.356040+00:00
601956_东贝集团_2025_ESG报告,g_investor_relations,True,公司建立多元化投资者沟通体系，通过上证e互动、业绩说明会、路演活动等多种渠道，积极听取各方建议，及时回应投资者关切。,公司建立多元化投资者沟通体系，通过上证e互动、业绩说明会、路演活动等多种渠道，积极听取各方建议，及时回应投资者关切,,,,,,deterministic_canonical_hardening,2026-08-24T13:35:14.356040+00:00
601975_招商南油_2025_ESG报告,e_biodiversity,True,公司制定《生物多样性保护声明》，坚定承诺以合规为基础、以预防为核心，全面落实生物多样性保护相关要求，切实履行企业生态保护责任。,公司制定《生物多样性保护声明》，坚定承诺以合规为基础、以预防为核心，全面落实生物多样性保护相关要求，切实履行企业生态保护责任,,,,,,deterministic_canonical_hardening,2026-08-24T13:35:14.356040+00:00
601975_招商南油_2025_ESG报告,s_employee_total,True,"员工 $职工总数^2$ | 人 | 2,492 | 2,504 | 2,531","员工 
$职工总数^2$ | 人 | 2,492 | 2,504 | 2,531",direct,direct,,,,deterministic_canonical_hardening,2026-08-24T13:35:14.356040+00:00
601975_招商南油_2025_ESG报告,s_work_injury,True,员工 年度工伤人数 | 人 | 0 | 4 | 2,"员工 
年度工伤人数 | 人 | 0 | 4 | 2",direct,direct,,,,deterministic_canonical_hardening,2026-08-24T13:35:14.356040+00:00
601975_招商南油_2025_ESG报告,s_customer_complaints,True,指标 | 单位 | 2025年 客户投诉数量 | 件 | 0,"指标 | 单位 | 2025年 
客户投诉数量 | 件 | 0",direct,direct,,,,deterministic_canonical_hardening,2026-08-24T13:35:14.356040+00:00
601975_招商南油_2025_ESG报告,g_shareholder_meetings,True,治理机构 | 召开次数 | 审议议案 股东会 | 4次 | 16项,"治理机构 | 召开次数 | 审议议案 
股东会 | 4次 | 16项",direct,direct,,,,deterministic_canonical_hardening,2026-08-24T13:35:14.356040+00:00
603013_亚普股份_2025_ESG报告,e_water_total,True,"指标 | 单位 | 2025年 总用水量 | 吨 | 34,115,874","指标 | 单位 | 2025年 
总用水量 | 吨 | 34,115,874",direct,direct,,,,deterministic_canonical_hardening,2026-08-24T13:35:14.356040+00:00
603013_亚普股份_2025_ESG报告,g_board_diversity,True,董事会成员人数 人 9 9 11 女性董事人数 人 1 1 2,"董事会成员人数 | 人 | 9 | 9 | 11 
女性董事人数 | 人 | 1 | 1 | 2",direct,direct,,,,deterministic_canonical_hardening,2026-08-24T13:35:14.356040+00:00
603013_亚普股份_2025_ESG报告,g_party_building,True,亚普股份高度重视党组织建设工作，深入贯彻落实新时代党的建设总要求和新时代党的组织路线，切实加强党的领导、夯实党建工作基础，构建层级清晰、覆盖全面、功能明确的党组织架构。,亚普股份高度重视党组织建设工作，深入贯彻落实新时代党的建设总要求和新时代党的组织路线，切实加强党的领导、夯实党建工作基础，构建层级清晰、覆盖全面、功能明确的党组织架构,,,,,,deterministic_canonical_hardening,2026-08-24T13:35:14.356040+00:00
603051_鹿山新材_2025_ESG报告,g_board_size,True,姓名 | 性别 | 年龄 | 职务 | 专业领域/背景 | 服务任期 汪加胜 | 男 | 55 | 董事长、总经理 | 行业专家/战略管理 | 10年以上 杜壮 | 男 | 40 | 董事 | 项目/研发管理 | 5年以下 唐小军 | 男 | 48 | 职工董事、副总经理、董事会秘书 | 投融资管理 | 5年以下 容敏智 | 男 | 65 | 独立董事 | 行业专家/教授 | 5年以下 吴小满 | 男 | 49 | 独立董事 | 会计/财务管理 | 5年以下 图：董事会成员信息,"姓名 | 性别 | 年龄 | 职务 | 专业领域/背景 | 服务任期 
汪加胜 | 男 | 55 | 董事长、总经理 | 行业专家/战略管理 | 10年以上 
杜壮 | 男 | 40 | 董事 | 项目/研发管理 | 5年以下 
唐小军 | 男 | 48 | 职工董事、副总经理、董事会秘书 | 投融资管理 | 5年以下 
容敏智 | 男 | 65 | 独立董事 | 行业专家/教授 | 5年以下 
吴小满 | 男 | 49 | 独立董事 | 会计/财务管理 | 5年以下
图：董事会成员信息",direct,normalized_or_inferred,,,,deterministic_canonical_hardening,2026-08-24T13:35:14.356040+00:00
603082_北自科技_2025_ESG报告,e_electricity_total,True,间接能源使用 | 116.03 | 118.17 | 146.94 | 吨标准煤 ——外购电力(全国) | 647.91 | 665.34 | 899.47 | MWh,"间接能源使用 | 116.03 | 118.17 | 146.94 | 吨标准煤 
——外购电力(全国) | 647.91 | 665.34 | 899.47 | MWh",direct,direct,,,,deterministic_canonical_hardening,2026-08-24T13:35:14.356040+00:00
603128_华贸物流_2025_ESG报告,e_biodiversity,True,公司积极践行生态保护责任，在跨境物流、工程物流、大件运输等业务中严格遵守生态保护要求，最大限度减少对沿线生态环境的影响，以实际行动守护生态安全。,公司积极践行生态保护责任，在跨境物流、工程物流、大件运输等业务中严格遵守生态保护要求，最大限度减少对沿线生态环境的影响，以实际行动守护生态安全,,,,,,deterministic_canonical_hardening,2026-08-24T13:35:14.356040+00:00
603128_华贸物流_2025_ESG报告,s_supplier,True,供应商 | 供应商管理 | 供应商培训 | 责任采购 | 供应商评估发布可持续供应链白皮书,"供应商 | 供应商管理 | 供应商培训 
| 责任采购 | 供应商评估发布可持续供应链白皮书",,,,,,deterministic_canonical_hardening,2026-08-24T13:35:14.356040+00:00
603128_华贸物流_2025_ESG报告,g_independent_director_ratio,False,公司董事会由 5 名董事组成，其中独立董事 3 名，占比超半数,公司董事会由 5 名董事组成，其中独立董事 3 名，占比超半数,derived,normalized_or_inferred,ratio_from_disclosed_counts_or_fraction,证据明确给出董事总数5人及独董3人，计算得出占比60%。,"{""numeric_tokens"":[""5"",""3""],""evidence_quote"":""公司董事会由 5 名董事组成，其中独立董事 3 名，占比超半数""}",deterministic_canonical_hardening,2026-08-24T13:35:14.356040+00:00
603128_华贸物流_2025_ESG报告,g_board_meetings,True,● 股东（大）会会议 2 场次 ● 董事会会议 8 场次,"股东（大）会会议 2 场次
● 董事会会议 8 场次",direct,direct,,,,deterministic_canonical_hardening,2026-08-24T13:35:14.356040+00:00
603128_华贸物流_2025_ESG报告,g_business_ethics,True,层面 | 主题 | 制度文件 基础 | 商业道德 | ●《华贸物流总部直管人员禁止性行为清单》,"层面 | 主题 | 制度文件 
基础 | 商业道德 | ●《华贸物流总部直管人员禁止性行为清单",,,,,,deterministic_canonical_hardening,2026-08-24T13:35:14.356040+00:00
603257_中国瑞林_2025_ESG报告,e_climate_risk,True,建立“气候风险识别——评估——应对——监控”全流程机制，统筹推进气候相关风险和机遇等识别、评估和分析工作。,"建立“气候风险识别——评估——应对——监控”全流程机制,统筹推进气候相关风险和机遇等识别、评估和分析工作",,,,,,deterministic_canonical_hardening,2026-08-24T13:35:14.356040+00:00
603257_中国瑞林_2025_ESG报告,e_fuel_consumption,True,能源使用 | 汽油消耗量 | 吨 | 41.60 柴油消耗量 | 吨 | 0.50,"能源使用 | 汽油消耗量 | 吨 | 41.60 
柴油消耗量 | 吨 | 0.50",derived,direct,aggregation_of_disclosed_components,证据明确列出汽油和柴油消耗量，加总得出燃料消耗总量。,"{""numeric_tokens"":[""41.60"",""0.50""],""evidence_quote"":""能源使用 | 汽油消耗量 | 吨 | 41.60 \n柴油消耗量 | 吨 | 0.50""}",deterministic_canonical_hardening,2026-08-24T13:35:14.356040+00:00
603257_中国瑞林_2025_ESG报告,e_waste_recycling,True,固体废弃物 | 无害废弃物产生量 | 吨 | 360.00 无害废弃物回收量 | 吨 | 60.00 无害废弃物处置量 | 吨 | 300.00,"固体废弃物 | 无害废弃物产生量 | 吨 | 360.00 
无害废弃物回收量 | 吨 | 60.00 
无害废弃物处置量 | 吨 | 300.00",direct,direct,,,,deterministic_canonical_hardening,2026-08-24T13:35:14.356040+00:00
603257_中国瑞林_2025_ESG报告,e_air_pollutants,True,废气排放 | 废气排放总量 | 吨 | 0.75 颗粒物(PM)排放量 | 吨 | 0.04,"废气排放 | 废气排放总量 | 吨 | 0.75 
颗粒物(PM)排放量 | 吨 | 0.04",direct,direct,,,,deterministic_canonical_hardening,2026-08-24T13:35:14.356040+00:00
603257_中国瑞林_2025_ESG报告,e_voc,False,中山炭基绿岛项目聚焦废活性炭资源化这一环保痛点，作为华南地区规模最大的废活性炭资源化项目，年处理废活性炭9万吨，年削减VOCs排放2万吨。,中山炭基绿岛项目聚焦废活性炭资源化这一环保痛点，作为华南地区规模最大的废活性炭资源化项目，年处理废活性炭9万吨，年削减VOCs排放2万吨。,derived,direct,unit_scale_normalization,证据明确给出中山项目年削减VOCs排放量为2万吨。,"{""numeric_tokens"":[""9"",""2""],""evidence_quote"":""中山炭基绿岛项目聚焦废活性炭资源化这一环保痛点，作为华南地区规模最大的废活性炭资源化项目，年处理废活性炭9万吨，年削减VOCs排放2万吨。""}",deterministic_canonical_hardening,2026-08-24T13:35:14.356040+00:00
603257_中国瑞林_2025_ESG报告,e_particulate,True,废气排放 | 废气排放总量 | 吨 | 0.75 颗粒物(PM)排放量 | 吨 | 0.04,"废气排放 | 废气排放总量 | 吨 | 0.75 
颗粒物(PM)排放量 | 吨 | 0.04",direct,direct,,,,deterministic_canonical_hardening,2026-08-24T13:35:14.356040+00:00
603257_中国瑞林_2025_ESG报告,e_green_product,True,- 与国际矿业巨头开展绿色技术合作，在绿色矿山、低碳冶金、智能工厂等领域深度协同，共同推动全球矿业可持续发展，提升中国绿色技术国际影响力； - 拓展海外绿色工程市场，提供绿色低碳工程技术方案。,"与国际矿业巨头开展绿色技术合作，在绿色矿山、低碳冶金、智能工厂等领域深度协同，共同推动全球矿业可持续发展，提升中国绿色技术国际影响力；
- 拓展海外绿色工程市场，提供绿色低碳工程技术方案",,,,,,deterministic_canonical_hardening,2026-08-24T13:35:14.356040+00:00
603257_中国瑞林_2025_ESG报告,g_board_diversity,True,董事性别 | 男性董事 | 名 | 12 女性董事 | 名 | 2,"董事性别 | 男性董事 | 名 | 12 
女性董事 | 名 | 2",direct,direct,,,,deterministic_canonical_hardening,2026-08-24T13:35:14.356040+00:00
603257_中国瑞林_2025_ESG报告,g_business_ethics,True,20 | 反商业贿赂及反贪污 | 第二章 规范稳健运营 笃行责任担当第二节 恪守商业道德 21 | 反不正当竞争 | 第二章 规范稳健运营 笃行责任担当第二节 恪守商业道德,"20 | 反商业贿赂及反贪污 | 第二章 规范稳健运营 笃行责任担当第二节 恪守商业道德 
21 | 反不正当竞争 | 第二章 规范稳健运营 笃行责任担当第二节 恪守商业道德",,,,,,deterministic_canonical_hardening,2026-08-24T13:35:14.356040+00:00
603257_中国瑞林_2025_ESG报告,e_renewable_energy,True,太阳能/光伏发电量 | 万千瓦时 | 95.70 第三方光伏采购电量 | 万千瓦时 | 59.90,"太阳能/光伏发电量 | 万千瓦时 | 95.70 
第三方光伏采购电量 | 万千瓦时 | 59.90",derived,direct,aggregation_of_disclosed_components,证据明确披露光伏发电及采购量，单位一致，可加总得出总量。,"{""numeric_tokens"":[""95.70"",""59.90""],""evidence_quote"":""太阳能/光伏发电量 | 万千瓦时 | 95.70 \n第三方光伏采购电量 | 万千瓦时 | 59.90""}",deterministic_canonical_hardening,2026-08-24T13:35:14.356040+00:00
603257_中国瑞林_2025_ESG报告,s_training,True,"员工培训 | 员工培训总投入 | 万元 | 120 员工培训总人次 | 人次 | 1,500 员工培训总学时 | 小时 | 45,000 员工人均培训时长 | 小时 | 20 培训覆盖率 | % | 65","员工培训 | 员工培训总投入 | 万元 | 120 
员工培训总人次 | 人次 | 1,500 
员工培训总学时 | 小时 | 45,000 
员工人均培训时长 | 小时 | 20 
培训覆盖率 | % | 65",direct,direct,,,,deterministic_canonical_hardening,2026-08-24T13:35:14.356040+00:00
603260_合盛硅业_2025_可持续发展报告,e_electricity_total,True,"间接能源消耗 外购电力消耗 | 兆瓦时 | 16,683,618.66 | 7,836,241.55","间接能源消耗 
外购电力消耗 | 兆瓦时 | 16,683,618.66 | 7,836,241.55",direct,direct,,,,deterministic_canonical_hardening,2026-08-24T13:35:14.356040+00:00
603260_合盛硅业_2025_可持续发展报告,g_independent_director_ratio,False,董事会对股东会负责，由9名董事组成，其中包含3名独立董事,董事会对股东会负责，由9名董事组成，其中包含3名独立董事,derived,normalized_or_inferred,ratio_from_disclosed_counts_or_fraction,证据明确给出董事总数9人及独董3人，计算占比。,"{""numeric_tokens"":[""9"",""3""],""evidence_quote"":""董事会对股东会负责，由9名董事组成，其中包含3名独立董事""}",deterministic_canonical_hardening,2026-08-24T13:35:14.356040+00:00
603260_合盛硅业_2025_可持续发展报告,e_renewable_energy,True,"可再生能源消耗 可再生能源使用 | 千瓦时 | 3,567,026,011.94 | 2,348,928,148.72","可再生能源消耗 
可再生能源使用 | 千瓦时 | 3,567,026,011.94 | 2,348,928,148.72",direct,direct,,,,deterministic_canonical_hardening,2026-08-24T13:35:14.356040+00:00
603272_ST联翔_2025_ESG暨社会责任报告,e_carbon_management,True,■ 碳排放管理 ■ 再生资源循环利用能力进一步提升 - 产品全生命周期环境影响下降,"碳排放管理
■ 再生资源循环利用能力进一步提升
- 产品全生命周期环境影响下降",,,,,,deterministic_canonical_hardening,2026-08-24T13:35:14.356040+00:00
603272_ST联翔_2025_ESG暨社会责任报告,e_climate_risk,True,定期开展气候变化对公司运营及财务表现的影响、风险与机遇的评估。结合评估结果，通过定性分析研判公司战略对气候风险的抵御能力，制定针对性管理策略与实施方法。,"定期开展气候变化对公司运营及财务表现的影响、风险与机遇的评估。
- 结合评估结果，通过定性分析研判公司战略对气候风险的抵御能力，制定针对性管理策略与实施方法",,,,,,deterministic_canonical_hardening,2026-08-24T13:35:14.356040+00:00
603272_ST联翔_2025_ESG暨社会责任报告,e_water_total,True,"数据指标 | 单位 | 2023年 | 2024年 | 2025年 取水量 | 吨 | 53,736 | 29,868 | 26,628","数据指标 | 单位 | 2023年 | 2024年 | 2025年 
取水量 | 吨 | 53,736 | 29,868 | 26,628",direct,direct,,,,deterministic_canonical_hardening,2026-08-24T13:35:14.356040+00:00
603272_ST联翔_2025_ESG暨社会责任报告,e_particulate,False,数据指标 | 单位 | 2023年 | 2024年 | 2025年,数据指标 | 单位 | 2023年 | 2024年 | 2025年,derived,normalized_or_inferred,deterministic_normalization_from_disclosed_evidence,证据明确披露2025年颗粒物排放量为28.48千克。,"{""numeric_tokens"":[""2023"",""2024"",""2025""],""evidence_quote"":""数据指标 | 单位 | 2023年 | 2024年 | 2025年""}",deterministic_canonical_hardening,2026-08-24T13:35:14.356040+00:00
603272_ST联翔_2025_ESG暨社会责任报告,s_employee_gender,True,按性别划分 | 男性 | 人 | 152 | 148 | 129 女性 | 人 | 185 | 158 | 163,"按性别划分 | 男性 | 人 | 152 | 148 | 129 
女性 | 人 | 185 | 158 | 163",direct,direct,,,,deterministic_canonical_hardening,2026-08-24T13:35:14.356040+00:00
603272_ST联翔_2025_ESG暨社会责任报告,g_independent_director_ratio,False,公司董事会由9名董事组成，其中包括独立董事3名,公司董事会由9名董事组成，其中包括独立董事3名,derived,normalized_or_inferred,ratio_from_disclosed_counts_or_fraction,证据明确给出董事总数9人及独董3人，可计算占比。,"{""numeric_tokens"":[""9"",""3""],""evidence_quote"":""公司董事会由9名董事组成，其中包括独立董事3名""}",deterministic_canonical_hardening,2026-08-24T13:35:14.356040+00:00
603272_ST联翔_2025_ESG暨社会责任报告,g_materiality_assessment,True,设定恰当的评估方法与重要性阈值，评估议题的影响重要性（影响的规模、范围及不可补救性）和财务重要性影响（影响发生的可能性及财务影响的程度）。整合影响重要性与财务重要性结果，汇总后确定议题重要性排序，形成重要性议题矩阵。,"设定恰当的评估方法与重要性阈值，评估议题的影响重要性（影响的规模、范围及不可补救性）和财务重要性影响（影响发生的可能性及财务影响的程度）。
- 整合影响重要性与财务重要性结果，汇总后确定议题重要性排序，形成重要性议题矩阵",,,,,,deterministic_canonical_hardening,2026-08-24T13:35:14.356040+00:00
603291_联合水务_2025_ESG报告,e_air_pollutants,True,"废气排放 | 废气排放总量 $^{1}$ | 立方米 | 1,295,572,540 氮氧化物排放量 | 吨 | 0.32 硫氧化物排放量 | 吨 | 0.03 悬浮粒子与颗粒物排放量 | 吨 | 16.58 挥发性有机化合物排放量 | 吨 | 0 一氧化碳排放量 | 吨 | 0.11","废气排放 | 废气排放总量 $^{1}$ | 立方米 | 1,295,572,540 
氮氧化物排放量 | 吨 | 0.32 
硫氧化物排放量 | 吨 | 0.03 
悬浮粒子与颗粒物排放量 | 吨 | 16.58 
挥发性有机化合物排放量 | 吨 | 0 
一氧化碳排放量 | 吨 | 0.11",direct,direct,,,,deterministic_canonical_hardening,2026-08-24T13:35:14.356040+00:00
603291_联合水务_2025_ESG报告,e_biodiversity,True,公司严格遵守国家生物多样性保护与生态保护相关政策，将生态保护要求融入工程项目规划、建设、运营及结束全流程各环节中。,公司严格遵守国家生物多样性保护与生态保护相关政策，将生态保护要求融入工程项目规划、建设、运营及结束全流程各环节中,,,,,,deterministic_canonical_hardening,2026-08-24T13:35:14.356040+00:00
603291_联合水务_2025_ESG报告,e_green_office,True,公司制定并发布实施《联合水务集团上海总部办公室行政管理办法（暂行）》。《办法》规定提高能源利用效率，倡导文明、节约、安全的工作作风，营造绿色办公、节能减耗工作氛围。,公司制定并发布实施《联合水务集团上海总部办公室行政管理办法（暂行）》。《办法》规定提高能源利用效率，倡导文明、节约、安全的工作作风，营造绿色办公、节能减耗工作氛围,,,,,,deterministic_canonical_hardening,2026-08-24T13:35:14.356040+00:00
603291_联合水务_2025_ESG报告,s_employee_gender,True,按性别划分的员工人数 男性员工 | 人 | 961 | 917 | 890 女性员工 | 人 | 446 | 420 | 382,"按性别划分的员工人数 
男性员工 | 人 | 961 | 917 | 890 
女性员工 | 人 | 446 | 420 | 382",direct,direct,,,,deterministic_canonical_hardening,2026-08-24T13:35:14.356040+00:00
603329_上海雅仕_2025_ESG报告,e_ghg_total,False,"温室气体排放总量(范围一+范围二) | 6,020.39","温室气体排放总量(范围一+范围二) | 6,020.39",direct,normalized_or_inferred,,,,deterministic_canonical_hardening,2026-08-24T13:35:14.356040+00:00
603329_上海雅仕_2025_ESG报告,e_fuel_consumption,True,"能源种类 | 单位 | 使用量 | 温室气体排放(吨二氧化碳当量) 柴油 | 升 | 364,938.82 | 1,007.69","能源种类 | 单位 | 使用量 | 温室气体排放(吨二氧化碳当量) 
柴油 | 升 | 364,938.82 | 1,007.69",direct,direct,,,,deterministic_canonical_hardening,2026-08-24T13:35:14.356040+00:00
603329_上海雅仕_2025_ESG报告,e_hazardous_waste,True,指标 | 种类 | 2025年废弃物处理量 | 单位 | 备注 危废处理量 | 包含废旧蓄电池、含有机溶剂废物、废润滑油、在线检测废液、废包装材 | 114.10 | 吨,"指标 | 种类 | 2025年废弃物处理量 | 单位 | 备注 
危废处理量 | 包含废旧蓄电池、含有机溶剂废物、废润滑油、在线检测废液、废包装材 | 114.10 | 吨",direct,direct,,,,deterministic_canonical_hardening,2026-08-24T13:35:14.356040+00:00
603329_上海雅仕_2025_ESG报告,s_employee_total,True,分类 | 指标 | 单位 | 2024 | 2025 员工多元化 | 员工总数 | 人 | 543 | 481,"分类 | 指标 | 单位 | 2024 | 2025 
员工多元化 | 员工总数 | 人 | 543 | 481",direct,direct,,,,deterministic_canonical_hardening,2026-08-24T13:35:14.356040+00:00
603329_上海雅仕_2025_ESG报告,s_supplier,True,13 | 供应链安全 | 供应链管理 14 | 平等对待中小企业 | 供应链管理,"13 | 供应链安全 | 供应链管理 
14 | 平等对待中小企业 | 供应链管理",,,,,,deterministic_canonical_hardening,2026-08-24T13:35:14.356040+00:00
603329_上海雅仕_2025_ESG报告,g_board_size,False,公司董事会成员人数,公司董事会成员人数,derived,direct,deterministic_normalization_from_disclosed_evidence,表格明确列出董事会成员人数为9人。,"{""numeric_tokens"":[],""evidence_quote"":""公司董事会成员人数""}",deterministic_canonical_hardening,2026-08-24T13:35:14.356040+00:00
603329_上海雅仕_2025_ESG报告,g_independent_director_ratio,False,按类型包含独立董事,按类型包含独立董事,derived,normalized_or_inferred,ratio_from_disclosed_counts_or_fraction,证据明确给出董事总数9人及独立董事3人，计算占比。,"{""numeric_tokens"":[],""evidence_quote"":""按类型包含独立董事""}",deterministic_canonical_hardening,2026-08-24T13:35:14.356040+00:00
603329_上海雅仕_2025_ESG报告,g_board_diversity,True,公司董事会成员人数 | 按性别包含男性董事 | 女性董事 | 按类型包含独立董事 | 非独立董事 9人 | 8位 | 1人 | 3人 | 6人,"公司董事会成员人数 | 按性别包含男性董事 | 女性董事 | 按类型包含独立董事 | 非独立董事 
9人 | 8位 | 1人 | 3人 | 6人",direct,direct,,,,deterministic_canonical_hardening,2026-08-24T13:35:14.356040+00:00
603329_上海雅仕_2025_ESG报告,g_shareholder_meetings,True,投资者沟通 股东会 | 次 | 4,"投资者沟通 
股东会 | 次 | 4",direct,direct,,,,deterministic_canonical_hardening,2026-08-24T13:35:14.356040+00:00
603329_上海雅仕_2025_ESG报告,g_investor_relations,True,投资者沟通 股东会 次 4 投资者电话沟通 次 150+ 邮件交流 次 25 业绩说明会 次 3 回复“e互动” 次 15 投资者回复率 % 100,"投资者沟通 
股东会 | 次 | 4 
投资者电话沟通 | 次 | 150+ 
邮件交流 | 次 | 25 
业绩说明会 | 次 | 3 
回复“e互动” | 次- | 15 
投资者回复率 | % | 100",,,,,,deterministic_canonical_hardening,2026-08-24T13:35:14.356040+00:00
603329_上海雅仕_2025_ESG报告,g_audit_committee,True,内部治理沟通 董事会 | 次 | 8 审计委员会 | 次 | 9,"内部治理沟通 
董事会 | 次 | 8 
审计委员会 | 次 | 9",,,,,,deterministic_canonical_hardening,2026-08-24T13:35:14.356040+00:00
603329_上海雅仕_2025_ESG报告,e_ghg_scope1,True,"温室气体排放(吨二氧化碳当量)1 | 2025年排放数据 范围一温室气体排放量 | 1,883.02","温室气体排放(吨二氧化碳当量)1 | 2025年排放数据 
范围一温室气体排放量 | 1,883.02",direct,direct,,,,deterministic_canonical_hardening,2026-08-24T13:35:14.356040+00:00
603329_上海雅仕_2025_ESG报告,e_ghg_scope2,False,"范围二温室气体排放量 | 4,137.37","范围二温室气体排放量 | 4,137.37",direct,normalized_or_inferred,,,,deterministic_canonical_hardening,2026-08-24T13:35:14.356040+00:00
603333_尚纬股份_2025_ESG报告,e_air_pollutants,True,"废气污染物排放量 | 氮氧化物( $NO_x$ ) | 千克 | 24.00 挥发性有机物(VOCs) | 千克 | 3,442.91 颗粒物(PM) | 千克 | 458.00 非甲烷总烃(NMHC) | 千克 | 19.49","废气污染物排放量 | 氮氧化物( $NO_x$ ) | 千克 | 24.00 
挥发性有机物(VOCs) | 千克 | 3,442.91 
颗粒物(PM) | 千克 | 458.00 
非甲烷总烃(NMHC) | 千克 | 19.49",direct,direct,,,,deterministic_canonical_hardening,2026-08-24T13:35:14.356040+00:00
603333_尚纬股份_2025_ESG报告,s_employee_total,True,"披露项 | 单位 | 2025年 员工总人数 | 人 | 1,158","披露项 | 单位 | 2025年 
员工总人数 | 人 | 1,158",direct,direct,,,,deterministic_canonical_hardening,2026-08-24T13:35:14.356040+00:00
603333_尚纬股份_2025_ESG报告,g_board_size,True,董事9名 | 其中独立董事3名占比33.33% 其中非独立董事6名占比66.67% | 其中女性董事5名占比55.56%,"董事9名 | 其中独立董事3名占比33.33% 
其中非独立董事6名占比66.67% | 其中女性董事5名占比55.56%",direct,direct,,,,deterministic_canonical_hardening,2026-08-24T13:35:14.356040+00:00
603333_尚纬股份_2025_ESG报告,g_materiality_assessment,True,·确认各议题是否具有“重要性”，形成重要性议题矩阵 · 开展议题的检验、批准和报告,"确认各议题是否具有“重要性”，形成重要性议题矩阵
· 开展议题的检验、批准和报告",,,,,,deterministic_canonical_hardening,2026-08-24T13:35:14.356040+00:00
603368_柳药集团_2025_ESG报告,e_air_pollutants,True,大气污染物名称 | 年度排放总量 | 是否超标排放 颗粒物(PM) | 0.062(吨) | 否 硫氧化物(SOx) | 0.006(吨) | 否 氮氧化物(NOX) | 0.056(吨) | 否,"大气污染物名称 | 年度排放总量 | 是否超标排放 
颗粒物(PM) | 0.062(吨) | 否 
硫氧化物(SOx) | 0.006(吨) | 否 
氮氧化物(NOX) | 0.056(吨) | 否",direct,direct,,,,deterministic_canonical_hardening,2026-08-24T13:35:14.356040+00:00
603368_柳药集团_2025_ESG报告,e_particulate,True,大气污染物名称 | 年度排放总量 | 是否超标排放 颗粒物(PM) | 0.062(吨) | 否,"大气污染物名称 | 年度排放总量 | 是否超标排放 
颗粒物(PM) | 0.062(吨) | 否",direct,direct,,,,deterministic_canonical_hardening,2026-08-24T13:35:14.356040+00:00
603368_柳药集团_2025_ESG报告,s_compensation_benefits,True,公司建立以价值贡献为核心、兼具内部公平与外部竞争力的薪酬福利体系，坚持多劳多得、优绩优酬、绩薪联动，薪酬水平向核心岗位、骨干人才、一线员工倾斜。,公司建立以价值贡献为核心、兼具内部公平与外部竞争力的薪酬福利体系，坚持多劳多得、优绩优酬、绩薪联动，薪酬水平向核心岗位、骨干人才、一线员工倾斜,,,,,,deterministic_canonical_hardening,2026-08-24T13:35:14.356040+00:00
603368_柳药集团_2025_ESG报告,g_independent_director_ratio,True,独立董事占比 7名 | 3名 | 42.86%,"独立董事占比 
7名 | 3名 | 42.86%",direct,direct,,,,deterministic_canonical_hardening,2026-08-24T13:35:14.356040+00:00
603368_柳药集团_2025_ESG报告,g_shareholder_meetings,True,报告期内召开股东大会 | 通过议案 | 对中小投资者单独计票 3次 | 31 | 12 关键绩效,"报告期内召开股东大会 | 通过议案 | 对中小投资者单独计票 
3次 | 31 | 12
关键绩效",direct,direct,,,,deterministic_canonical_hardening,2026-08-24T13:35:14.356040+00:00
603369_今世缘_2025_可持续发展报告,e_waste_recycling,True,"议题 | 一级指标 | 二级指标 | 单位 | 2025年 | 2024年 | 2023年 | 2022年 废弃物和污染物 | 废弃物处置细项 | 废物回收/再利用总量 | 吨 | 311,768.54","议题 | 一级指标 | 二级指标 | 单位 | 2025年 | 2024年 | 2023年 | 2022年 
废弃物和污染物 | 废弃物处置细项 | 废物回收/再利用总量 | 吨 | 311,768.54",direct,direct,,,,deterministic_canonical_hardening,2026-08-24T13:35:14.356040+00:00
603369_今世缘_2025_可持续发展报告,s_patents,True,有效专利总数(存量) 件 216,有效专利总数(存量) | 件 | 216,direct,direct,,,,deterministic_canonical_hardening,2026-08-24T13:35:14.356040+00:00
603369_今世缘_2025_可持续发展报告,g_anti_corruption,True,今世缘始终坚持廉洁立业、合规经营，将反腐败、反贿赂、反贪污及廉洁从业要求深度融入公司治理结构与日常经营管理全过程，构建覆盖董事会、管理层、全体员工及供应链合作伙伴的商业道德管理体系。,今世缘始终坚持廉洁立业、合规经营，将反腐败、反贿赂、反贪污及廉洁从业要求深度融入公司治理结构与日常经营管理全过程，构建覆盖董事会、管理层、全体员工及供应链合作伙伴的商业道德管理体系,,,,,,deterministic_canonical_hardening,2026-08-24T13:35:14.356040+00:00
603369_今世缘_2025_可持续发展报告,e_renewable_energy,True,"年份 | 非可再生能源总消耗量(MWh) | 可再生能源总消耗量(MWh) 2025 | 74,079.00MWh | 577,778.32MWh","年份 | 非可再生能源总消耗量(MWh) | 可再生能源总消耗量(MWh) 
2025 | 74,079.00MWh | 577,778.32MWh",direct,direct,,,,deterministic_canonical_hardening,2026-08-24T13:35:14.356040+00:00
603369_今世缘_2025_可持续发展报告,s_training,True,员工培训及发展 | 数据覆盖率(占全球员工比例) | % | 100.00 | 100.00 | 100.00 | 100.00 每名员工平均培训时间 | 小时/人 | 26.40 | 24.50 | 17.70 | 21.82 员工培训费用支出 | 万元 | 840.68 | 865.00 | 484.49 | 202.55,"员工培训及发展 | 数据覆盖率(占全球员工比例) | % | 100.00 | 100.00 | 100.00 | 100.00 
每名员工平均培训时间 | 小时/人 | 26.40 | 24.50 | 17.70 | 21.82 
员工培训费用支出 | 万元 | 840.68 | 865.00 | 484.49 | 202.55",direct,direct,,,,deterministic_canonical_hardening,2026-08-24T13:35:14.356040+00:00
603373_安邦护卫_2025_ESG暨社会责任报告,e_water_total,False,"水资源利用 | 2024 | 2025 
取水量 | 439,105 | 392,341","水资源利用 | 2024 | 2025 
取水量 | 439,105 | 392,341",direct,normalized_or_inferred,,,,deterministic_canonical_hardening,2026-08-24T13:35:14.356040+00:00
603373_安邦护卫_2025_ESG暨社会责任报告,e_air_pollutants,True,大气污染物类型 | 2024 | 2025 氮氧化物(吨) | 4.12 | 283.55 二氧化硫(吨) | 0.16 | 0.14 颗粒物(吨) | 0.25 | 0.22,"大气污染物类型 | 2024 | 2025 
氮氧化物(吨) | 4.12 | 283.55 
二氧化硫(吨) | 0.16 | 0.14 
颗粒物(吨) | 0.25 | 0.22",direct,direct,,,,deterministic_canonical_hardening,2026-08-24T13:35:14.356040+00:00
603373_安邦护卫_2025_ESG暨社会责任报告,s_compensation_benefits,True,公司持续关注员工需求，健全员工福利体系，积极为全体员工提供薪酬以外的员工关怀与福利，并根据员工反馈不断完善和优化现有的福利体系。,公司持续关注员工需求，健全员工福利体系，积极为全体员工提供薪酬以外的员工关怀与福利，并根据员工反馈不断完善和优化现有的福利体系,,,,,,deterministic_canonical_hardening,2026-08-24T13:35:14.356040+00:00
603373_安邦护卫_2025_ESG暨社会责任报告,s_patents,False,获得发明专利1项、外观专利6项和软件著作权33项,获得发明专利1项、外观专利6项和软件著作权33项,derived,direct,aggregation_of_disclosed_components,证据明确列出发明专利1项和外观专利6项，合计7项专利。,"{""numeric_tokens"":[""1"",""6"",""33""],""evidence_quote"":""获得发明专利1项、外观专利6项和软件著作权33项""}",deterministic_canonical_hardening,2026-08-24T13:35:14.356040+00:00
603373_安邦护卫_2025_ESG暨社会责任报告,g_independent_director_ratio,False,根据《公司法》《公司章程》规定，公司董事会由11名董事组成，设董事长1名，独立董事4名。,根据《公司法》《公司章程》规定，公司董事会由11名董事组成，设董事长1名，独立董事4名。,derived,normalized_or_inferred,ratio_from_disclosed_counts_or_fraction,证据明确给出董事总数11人及独董4人，据此计算占比。,"{""numeric_tokens"":[""11"",""1"",""4""],""evidence_quote"":""根据《公司法》《公司章程》规定，公司董事会由11名董事组成，设董事长1名，独立董事4名。""}",deterministic_canonical_hardening,2026-08-24T13:35:14.356040+00:00
603373_安邦护卫_2025_ESG暨社会责任报告,e_ghg_scope1,False,"温室气体范围 | 2024年 | 2025年 
范围1 | 25,547.14 | 22,594.06","温室气体范围 | 2024年 | 2025年 
范围1 | 25,547.14 | 22,594.06",direct,normalized_or_inferred,,,,deterministic_canonical_hardening,2026-08-24T13:35:14.356040+00:00
603373_安邦护卫_2025_ESG暨社会责任报告,e_ghg_scope2,False,"范围2 | 8,988.62 | 9,810.15","范围2 | 8,988.62 | 9,810.15",direct,normalized_or_inferred,,,,deterministic_canonical_hardening,2026-08-24T13:35:14.356040+00:00
603399_永杉锂业_2025_可持续发展报告,e_waste_total,False,"一般工业废弃物产生量 | 吨 | 48,816.28 | 199,458.66 | 343,235.59","一般工业废弃物产生量 | 吨 | 48,816.28 | 199,458.66 | 343,235.59",derived,direct,aggregation_of_disclosed_components,证据明确列出一般及危险废弃物产生量，需加总得出总量。,"{""numeric_tokens"":[""48,816.28"",""199,458.66"",""343,235.59""],""evidence_quote"":""一般工业废弃物产生量 | 吨 | 48,816.28 | 199,458.66 | 343,235.59""}",deterministic_canonical_hardening,2026-08-24T13:35:14.356040+00:00
603399_永杉锂业_2025_可持续发展报告,e_air_pollutants,True,废气排放 空气污染物排放总量 | 氮氧化物(NOx) | 吨 | - | 1.770560 | 1.137250 硫化物(SOx) | 吨 | - | 0.411979 | 0.575750 颗粒物(PM) | 吨 | - | 0.314530 | 0.158977,"废气排放 
空气污染物排放总量 | 氮氧化物(NOx) | 吨 | - | 1.770560 | 1.137250 
硫化物(SOx) | 吨 | - | 0.411979 | 0.575750 
颗粒物(PM) | 吨 | - | 0.314530 | 0.158977",direct,direct,,,,deterministic_canonical_hardening,2026-08-24T13:35:14.356040+00:00
603399_永杉锂业_2025_可持续发展报告,s_employee_rights,True,利益相关方 | 关注议题 | 主要沟通渠道 员工 | 员工雇佣与权益 | 培训 员工沟通参与 | 绩效考核 员工培训与发展 | 投诉与反馈 多元化与机会平等 | 员工满意度调查 职业健康安全,"利益相关方 | 关注议题 | 主要沟通渠道 
员工 | 员工雇佣与权益 | 培训 
员工沟通参与 | 绩效考核 
员工培训与发展 | 投诉与反馈 
多元化与机会平等 | 员工满意度调查 
职业健康安全",,,,,,deterministic_canonical_hardening,2026-08-24T13:35:14.356040+00:00
603399_永杉锂业_2025_可持续发展报告,g_esg_governance,True,可持续发展治理架构 1,"可持续发展治理架构
1",,,,,,deterministic_canonical_hardening,2026-08-24T13:35:14.356040+00:00
603399_永杉锂业_2025_可持续发展报告,s_training,True,"安全教育培训员工职业健康与安全培训 | 培训次数 | 次 | 12 | 12 | 12 培训参与人次 | 人次 | 4,512 | 4,896 | 5,460 人均培训时长: | 小时 | 24 | 24 | 24","安全教育培训员工职业健康与安全培训 | 培训次数 | 次 | 12 | 12 | 12 
培训参与人次 | 人次 | 4,512 | 4,896 | 5,460 
人均培训时长: | 小时 | 24 | 24 | 24",direct,direct,,,,deterministic_canonical_hardening,2026-08-24T13:35:14.356040+00:00
603577_汇金通_2025_ESG报告,s_employee_gender,True,按性别划分: 男性员工 | 人 | 2686 女性员工 | 人 | 654,"按性别划分: 
男性员工 | 人 | 2686 
女性员工 | 人 | 654",direct,direct,,,,deterministic_canonical_hardening,2026-08-24T13:35:14.356040+00:00
603577_汇金通_2025_ESG报告,s_supplier,True,公司遵循《采购管理制度》《招标投标管理办法》等管理办法，在招投标、供应商准入、供应商评价、供应商改进及资格调整各个环节，均本着公平公正的原则，对所有供应商一视同仁进行管理。,公司遵循《采购管理制度》《招标投标管理办法》等管理办法，在招投标、供应商准入、供应商评价、供应商改进及资格调整各个环节，均本着公平公正的原则，对所有供应商一视同仁进行管理,,,,,,deterministic_canonical_hardening,2026-08-24T13:35:14.356040+00:00
603577_汇金通_2025_ESG报告,g_independent_director_ratio,True,董事会成员人数 | 人 | 9 独立董事人数 | 人 | 3,"董事会成员人数 | 人 | 9 
独立董事人数 | 人 | 3",derived,normalized_or_inferred,ratio_from_disclosed_counts_or_fraction,证据明确给出董事总数9人和独董3人，计算得出占比。,"{""numeric_tokens"":[""9"",""3""],""evidence_quote"":""董事会成员人数 | 人 | 9 \n独立董事人数 | 人 | 3""}",deterministic_canonical_hardening,2026-08-24T13:35:14.356040+00:00
603577_汇金通_2025_ESG报告,g_board_diversity,False,董事会成员涵盖管理、财务、金融等专业背景，确保了董事会结构的多元化和专业性,董事会成员涵盖管理、财务、金融等专业背景，确保了董事会结构的多元化和专业性,derived,normalized_or_inferred,deterministic_normalization_from_disclosed_evidence,证据明确披露女性董事人数及多元化背景描述。,"{""numeric_tokens"":[],""evidence_quote"":""董事会成员涵盖管理、财务、金融等专业背景，确保了董事会结构的多元化和专业性""}",deterministic_canonical_hardening,2026-08-24T13:35:14.356040+00:00
603577_汇金通_2025_ESG报告,g_shareholder_meetings,True,指标 | 单位 | 2025年 召开股东会 | 次 | 3,"指标 | 单位 | 2025年 
召开股东会 | 次 | 3",direct,direct,,,,deterministic_canonical_hardening,2026-08-24T13:35:14.356040+00:00
603628_清源股份_2025_ESG报告,e_cod,True,废水物质 | 悬浮物 | 吨 | 0.00 COD | 吨 | 0.01 BOD | 吨 | 0.01 氨氮 | 吨 | 0.01 总磷 | 吨 | 0.00,"废水物质 | 悬浮物 | 吨 | 0.00 
COD | 吨 | 0.01 
BOD | 吨 | 0.01 
氨氮 | 吨 | 0.01 
总磷 | 吨 | 0.00",direct,direct,,,,deterministic_canonical_hardening,2026-08-24T13:35:14.356040+00:00
603628_清源股份_2025_ESG报告,e_ammonia_nitrogen,True,废水物质 | 悬浮物 | 吨 | 0.00 COD | 吨 | 0.01 BOD | 吨 | 0.01 氨氮 | 吨 | 0.01 总磷 | 吨 | 0.00,"废水物质 | 悬浮物 | 吨 | 0.00 
COD | 吨 | 0.01 
BOD | 吨 | 0.01 
氨氮 | 吨 | 0.01 
总磷 | 吨 | 0.00",direct,direct,,,,deterministic_canonical_hardening,2026-08-24T13:35:14.356040+00:00
603628_清源股份_2025_ESG报告,e_nonhazardous_waste,False,"指标 | 单位 | 2025 
铝锭 | 产生量 | 吨 | 605.000","指标 | 单位 | 2025 
铝锭 | 产生量 | 吨 | 605.000",derived,direct,aggregation_of_disclosed_components,证据明确列出铝锭和生活垃圾的产生量数值及单位，求和得出总量。,"{""numeric_tokens"":[""2025"",""605.000""],""evidence_quote"":""指标 | 单位 | 2025 \n铝锭 | 产生量 | 吨 | 605.000""}",deterministic_canonical_hardening,2026-08-24T13:35:14.356040+00:00
603628_清源股份_2025_ESG报告,e_environmental_penalty,True,污染事故发生数 | | 起 | 0 环境 | | 环境违规投诉数 | | 起 | 0,"污染事故发生数 | | 起 | 0 
环境 | | 环境违规投诉数 | | 起 | 0",,,,,,deterministic_canonical_hardening,2026-08-24T13:35:14.356040+00:00
603628_清源股份_2025_ESG报告,g_independent_director_ratio,False,报告期内，公司董事会由7名董事组成，其中独立董事3名,报告期内，公司董事会由7名董事组成，其中独立董事3名,derived,normalized_or_inferred,ratio_from_disclosed_counts_or_fraction,证据明确给出董事总数7人及独董3人，计算得出占比。,"{""numeric_tokens"":[""7"",""3""],""evidence_quote"":""报告期内，公司董事会由7名董事组成，其中独立董事3名""}",deterministic_canonical_hardening,2026-08-24T13:35:14.356040+00:00
603628_清源股份_2025_ESG报告,g_board_diversity,False,报告期内，公司董事会由7名董事组成，其中独立董事3名，职工代表董事1名，女性董事2名。公司在董事会构成方面关注性别、年龄、教育背景及职业经历等方面的多样性,报告期内，公司董事会由7名董事组成，其中独立董事3名，职工代表董事1名，女性董事2名。公司在董事会构成方面关注性别、年龄、教育背景及职业经历等方面的多样性,direct,normalized_or_inferred,,,,deterministic_canonical_hardening,2026-08-24T13:35:14.356040+00:00
603660_苏州科达_2025_ESG报告,g_board_diversity,True,董事会人数 | 人 | 6 | 7 男性董事 | 人 | 6 | 7 女性董事 | 人 | 0 | 0,"董事会人数 | 人 | 6 | 7 
男性董事 | 人 | 6 | 7 
女性董事 | 人 | 0 | 0",direct,direct,,,,deterministic_canonical_hardening,2026-08-24T13:35:14.356040+00:00
603660_苏州科达_2025_ESG报告,g_shareholder_meetings,False,召开临时股东大会 2 次,召开临时股东大会 2 次,derived,direct,aggregation_of_disclosed_components,证据明确披露年度及临时股东大会次数，合计为3次。,"{""numeric_tokens"":[""2""],""evidence_quote"":""召开临时股东大会 2 次""}",deterministic_canonical_hardening,2026-08-24T13:35:14.356040+00:00
603660_苏州科达_2025_ESG报告,s_training,True,"职业培训总时长 | 小时 | 144,040 | 133,720 职业培训人次 | 人次 | 21,537 | 19,272 员工培训支出总金额 | 万元 | 126 | 117 员工培训覆盖率 | % | 100 | 100","职业培训总时长 | 小时 | 144,040 | 133,720 
职业培训人次 | 人次 | 21,537 | 19,272 
员工培训支出总金额 | 万元 | 126 | 117 
员工培训覆盖率 | % | 100 | 100",direct,direct,,,,deterministic_canonical_hardening,2026-08-24T13:35:14.356040+00:00
603683_晶华新材_2025_ESG报告,e_waste_total,True,"指标 | 单位 | 2025年 有害废弃物总量 | 吨 | 1,150.03 无害废弃物总量 | 吨 | 1,487.82 废弃物指标","指标 | 单位 | 2025年 
有害废弃物总量 | 吨 | 1,150.03 
无害废弃物总量 | 吨 | 1,487.82
废弃物指标",derived,direct,aggregation_of_disclosed_components,证据明确列出有害及无害废弃物2025年总量数值，相加得总产生量。,"{""numeric_tokens"":[""2025"",""1,150.03"",""1,487.82""],""evidence_quote"":""指标 | 单位 | 2025年 \n有害废弃物总量 | 吨 | 1,150.03 \n无害废弃物总量 | 吨 | 1,487.82\n废弃物指标""}",deterministic_canonical_hardening,2026-08-24T13:35:14.356040+00:00
603683_晶华新材_2025_ESG报告,e_hazardous_waste,True,"指标 | 单位 | 2025年 有害废弃物总量 | 吨 | 1,150.03","指标 | 单位 | 2025年 
有害废弃物总量 | 吨 | 1,150.03",direct,direct,,,,deterministic_canonical_hardening,2026-08-24T13:35:14.356040+00:00
603683_晶华新材_2025_ESG报告,g_business_ethics,True,反商业贿赂及反贪污 | 商业道德 反不正当竞争 | 商业道德,"反商业贿赂及反贪污 | 商业道德 
反不正当竞争 | 商业道德",,,,,,deterministic_canonical_hardening,2026-08-24T13:35:14.356040+00:00
603717_天域生物_2025_ESG报告,e_water_total,True,"水资源利用 | 公司主要养殖场 | 总用水量: | 122,400吨","水资源利用 | 公司主要养殖场 | 
总用水量: | 122,400吨",direct,direct,,,,deterministic_canonical_hardening,2026-08-24T13:35:14.356040+00:00
603717_天域生物_2025_ESG报告,g_independent_director_ratio,False,独立董事占比,独立董事占比,derived,normalized_or_inferred,ratio_from_disclosed_counts_or_fraction,表格明确列出董事会独立董事占比为66.7%,"{""numeric_tokens"":[],""evidence_quote"":""独立董事占比""}",deterministic_canonical_hardening,2026-08-24T13:35:14.356040+00:00
603717_天域生物_2025_ESG报告,g_shareholder_meetings,True,公司治理 | 股东会 召开总次数 | 5次,"公司治理 | 股东会 
召开总次数 | 5次",direct,direct,,,,deterministic_canonical_hardening,2026-08-24T13:35:14.356040+00:00
603808_歌力思_2025_ESG报告,s_employee_total,True,定量披露项 | 单位 | 2024年 | 2025年 员工总数 | 人 | 2965 | 2972,"定量披露项 | 单位 | 2024年 | 2025年 
员工总数 | 人 | 2965 | 2972",direct,direct,,,,deterministic_canonical_hardening,2026-08-24T13:35:14.356040+00:00
603808_歌力思_2025_ESG报告,s_customer_complaints,True,指标名称 | 单位 | 2024年 | 2025年 IRO客户投诉数量 | 次 | 45 | 41,"指标名称 | 单位 | 2024年 | 2025年 
IRO客户投诉数量 | 次 | 45 | 41",direct,direct,,,,deterministic_canonical_hardening,2026-08-24T13:35:14.356040+00:00
603808_歌力思_2025_ESG报告,g_board_size,True,指标名称 | 单位 | 2023年 | 2024年 | 2025年 董事会成员人数 | 人 | 7 | 7 | 8,"指标名称 | 单位 | 2023年 | 2024年 | 2025年 
董事会成员人数 | 人 | 7 | 7 | 8",direct,direct,,,,deterministic_canonical_hardening,2026-08-24T13:35:14.356040+00:00
603868_飞科电器_2025_ESG报告,e_ghg_intensity,True,单位营收碳排放强度 | | 吨 CO_{2}e /万元 | 0.03,单位营收碳排放强度 | | 吨 $CO_{2}e$ /万元 | 0.03,direct,direct,,,,deterministic_canonical_hardening,2026-08-24T13:35:14.356040+00:00
603868_飞科电器_2025_ESG报告,e_fuel_consumption,True,"汽油消耗 | | 升 | 4,515.44 柴油消耗 | | 升 | 0","汽油消耗 | | 升 | 4,515.44 
柴油消耗 | | 升 | 0",direct,direct,,,,deterministic_canonical_hardening,2026-08-24T13:35:14.356040+00:00
603868_飞科电器_2025_ESG报告,e_hazardous_waste,False,基地 | 危废种类 | 产生量(吨) | 处置方式,基地 | 危废种类 | 产生量(吨) | 处置方式,derived,direct,aggregation_of_disclosed_components,表格明确列出危废产生量合计为1.32吨。,"{""numeric_tokens"":[],""evidence_quote"":""基地 | 危废种类 | 产生量(吨) | 处置方式""}",deterministic_canonical_hardening,2026-08-24T13:35:14.356040+00:00
603868_飞科电器_2025_ESG报告,s_customer_satisfaction,True,2 | 顾客满意度≥97% | 顾客满意度 | 97.58% 2025年质量目标完成情况,"2 | 顾客满意度≥97% | 顾客满意度 | 97.58%
2025年质量目标完成情况",direct,direct,,,,deterministic_canonical_hardening,2026-08-24T13:35:14.356040+00:00
603868_飞科电器_2025_ESG报告,s_data_security,True,公司围绕售后服务信息管理构建了全流程制度体系，明确将用户信息、联系方式等客户隐私数据纳入核心保密范畴，实施集中存储、定期备份、权限分级管控及安全风险预警等管理要求。,公司围绕售后服务信息管理构建了全流程制度体系，明确将用户信息、联系方式等客户隐私数据纳入核心保密范畴，实施集中存储、定期备份、权限分级管控及安全风险预警等管理要求,,,,,,deterministic_canonical_hardening,2026-08-24T13:35:14.356040+00:00
603868_飞科电器_2025_ESG报告,s_community_investment,False,2025年公司全年对外捐赠总额263万余元，重点支持地方创新事业与乡村教育,2025年公司全年对外捐赠总额263万余元，重点支持地方创新事业与乡村教育,direct,normalized_or_inferred,,,,deterministic_canonical_hardening,2026-08-24T13:35:14.356040+00:00
603868_飞科电器_2025_ESG报告,g_board_diversity,True,性别 | 人数 男性 | 6 女性 | 1 董事会成员性别,"性别 | 人数 
男性 | 6 
女性 | 1
董事会成员性别",direct,direct,,,,deterministic_canonical_hardening,2026-08-24T13:35:14.356040+00:00
603868_飞科电器_2025_ESG报告,e_renewable_energy,True,"指标 | 芜湖飞科 | 浙江博锐 | 合计 发电量(万千瓦时) | 768.90 | 778.54 | 1,547.44","指标 | 芜湖飞科 | 浙江博锐 | 合计 
发电量(万千瓦时) | 768.90 | 778.54 | 1,547.44",direct,direct,,,,deterministic_canonical_hardening,2026-08-24T13:35:14.356040+00:00
603868_飞科电器_2025_ESG报告,s_training,True,"基地 | 员工培训总课时(小时) | 人均培训时长(小时/人) 上海总部 | 2,000 | 20 芜湖飞科 | 68,000 | 55 浙江博锐 | 69,056 | 52","基地 | 员工培训总课时(小时) | 人均培训时长(小时/人) 
上海总部 | 2,000 | 20 
芜湖飞科 | 68,000 | 55 
浙江博锐 | 69,056 | 52",derived,direct,aggregation_of_disclosed_components,表格明确列出各基地培训总课时，求和得139056小时。,"{""numeric_tokens"":[""2,000"",""20"",""68,000"",""55"",""69,056"",""52""],""evidence_quote"":""基地 | 员工培训总课时(小时) | 人均培训时长(小时/人) \n上海总部 | 2,000 | 20 \n芜湖飞科 | 68,000 | 55 \n浙江博锐 | 69,056 | 52""}",deterministic_canonical_hardening,2026-08-24T13:35:14.356040+00:00
603918_金桥信息_2025_ESG报告,e_biodiversity,True,4 | 生态系统和生物多样性保护 | 1退出活动 | 2区域内保护措施 | 不涉及。公司生产经营活动对生态系统和生物多样性不产生重大影响。,"4 | 生态系统和生物多样性保护 | 1退出活动 | 
2区域内保护措施 | 不涉及。公司生产经营活动对生态系统和生物多样性不产生重大影响",,,,,,deterministic_canonical_hardening,2026-08-24T13:35:14.356040+00:00
603918_金桥信息_2025_ESG报告,s_work_injury,False,重大工伤事故发生率为0、员工作业轻伤率为0,重大工伤事故发生率为0、员工作业轻伤率为0,direct,normalized_or_inferred,,,,deterministic_canonical_hardening,2026-08-24T13:35:14.356040+00:00
603918_金桥信息_2025_ESG报告,s_human_rights,True,公司承诺保障所有员工的基本人权，坚决反对任何形式的强迫劳动、童工及职场虐待，在雇佣全周期中严格遵循公平、平等及人权保护原则。,公司承诺保障所有员工的基本人权，坚决反对任何形式的强迫劳动、童工及职场虐待，在雇佣全周期中严格遵循公平、平等及人权保护原则,,,,,,deterministic_canonical_hardening,2026-08-24T13:35:14.356040+00:00
603918_金桥信息_2025_ESG报告,g_independent_director_ratio,False,董事会成员人数 | 人 | 9,董事会成员人数 | 人 | 9,derived,normalized_or_inferred,ratio_from_disclosed_counts_or_fraction,证据明确给出董事会总人数9人和独立董事人数3人，计算得出占比。,"{""numeric_tokens"":[""9""],""evidence_quote"":""董事会成员人数 | 人 | 9""}",deterministic_canonical_hardening,2026-08-24T13:35:14.356040+00:00
603918_金桥信息_2025_ESG报告,g_board_diversity,False,董事会成员来自信息技术、企业管理、财务、法律等多个领域，具备多元化的专业背景与行业经验,董事会成员来自信息技术、企业管理、财务、法律等多个领域，具备多元化的专业背景与行业经验,derived,normalized_or_inferred,deterministic_normalization_from_disclosed_evidence,证据明确披露了董事会成员的专业背景多元化情况，符合指标定义。,"{""numeric_tokens"":[],""evidence_quote"":""董事会成员来自信息技术、企业管理、财务、法律等多个领域，具备多元化的专业背景与行业经验""}",deterministic_canonical_hardening,2026-08-24T13:35:14.356040+00:00
603918_金桥信息_2025_ESG报告,g_information_disclosure,True,公司确立董事会统一领导、董事长为第一责任人、董事会秘书具体组织、董事会办公室归口执行的信息披露工作机制。制度明确信息披露的范围、标准、程序及各类重大事件的判定与披露时限,"公司确立董事会统一领导、董事长为第一责任人、董事会秘书具体组织、董事会办公室归口执行的信息披露工作机制。
- 制度明确信息披露的范围、标准、程序及各类重大事件的判定与披露时限",,,,,,deterministic_canonical_hardening,2026-08-24T13:35:14.356040+00:00
603979_金诚信_2025_ESG报告,e_ammonia_nitrogen,True,"水体污染物排放* | 废水排放总量 | 吨 | - | - | 32,053,287.00 化学需氧量(COD) | 吨 | - | - | 232.46 五日生化需氧量(BOD5) | 吨 | - | - | 5.00 悬浮物 | 吨 | - | - | 460.62 氨氮 | 吨 | - | - | 7.51","水体污染物排放* | 废水排放总量 | 吨 | - | - | 32,053,287.00 
化学需氧量(COD) | 吨 | - | - | 232.46 
五日生化需氧量(BOD5) | 吨 | - | - | 5.00 
悬浮物 | 吨 | - | - | 460.62 
氨氮 | 吨 | - | - | 7.51",direct,direct,,,,deterministic_canonical_hardening,2026-08-24T13:35:14.356040+00:00
603979_金诚信_2025_ESG报告,e_air_pollutants,True,"气体污染物排放* | 废气排放总量 | 吨 | - | - | 35,894.00 悬浮粒子与颗粒物 | 吨 | - | - | 2.83 非甲烷总烃 | 吨 | - | - | 0 氮氧化物 | 吨 | - | - | 0 硫氧化物 | 吨 | - | - | 0.008","气体污染物排放* | 废气排放总量 | 吨 | - | - | 35,894.00 
悬浮粒子与颗粒物 | 吨 | - | - | 2.83 
非甲烷总烃 | 吨 | - | - | 0 
氮氧化物 | 吨 | - | - | 0 
硫氧化物 | 吨 | - | - | 0.008",direct,direct,,,,deterministic_canonical_hardening,2026-08-24T13:35:14.356040+00:00
603979_金诚信_2025_ESG报告,g_anti_corruption,True,制定《金诚信反舞弊与反商业贿赂管理制度》《金诚信纪检监察工作制度》，并发布《金诚信矿业管理股份有限公司商业道德管理政策声明》，且在所有商务合同中强制嵌入廉洁条款。,制定《金诚信反舞弊与反商业贿赂管理制度》《金诚信纪检监察工作制度》，并发布《金诚信矿业管理股份有限公司商业道德管理政策声明》，且在所有商务合同中强制嵌入廉洁条款,,,,,,deterministic_canonical_hardening,2026-08-24T13:35:14.356040+00:00
603990_麦迪科技_2025_ESG报告,s_safety,True,安全生产 | 安全应急演练次数 | 场次 | / | 1 安全培训场次 | 场 | / | 1 参与安全培训人次 | 人次 | / | 10 安全培训总时长 | 小时 | / | 10,"安全生产 | 安全应急演练次数 | 场次 | / | 1 
安全培训场次 | 场 | / | 1 
参与安全培训人次 | 人次 | / | 10 
安全培训总时长 | 小时 | / | 10",,,,,,deterministic_canonical_hardening,2026-08-24T13:35:14.356040+00:00
603990_麦迪科技_2025_ESG报告,g_board_diversity,False,截至报告期末，公司董事会由5名成员组成，其中女性董事,截至报告期末，公司董事会由5名成员组成，其中女性董事,derived,normalized_or_inferred,deterministic_normalization_from_disclosed_evidence,表格明确披露2025年女性董事人数为1人。,"{""numeric_tokens"":[""5""],""evidence_quote"":""截至报告期末，公司董事会由5名成员组成，其中女性董事""}",deterministic_canonical_hardening,2026-08-24T13:35:14.356040+00:00
603990_麦迪科技_2025_ESG报告,g_esg_governance,True,公司搭建了“决策-管理-执行”的三级ESG治理架构，由董事会牵头，作为ESG事项最高决策机构，承担ESG策略制定、工作监督与指导职责，ESG工作小组负责协调董事会ESG工作指导的执行。,公司搭建了“决策-管理-执行”的三级ESG治理架构，由董事会牵头，作为ESG事项最高决策机构，承担ESG策略制定、工作监督与指导职责，ESG工作小组负责协调董事会ESG工作指导的执行,,,,,,deterministic_canonical_hardening,2026-08-24T13:35:14.356040+00:00
605199_ST葫芦娃_2025_ESG报告,e_waste_total,False,"一般废弃物总量8 | 吨 | 40.70 | 413.92 | 12,203.51","一般废弃物总量8 | 吨 | 40.70 | 413.92 | 12,203.51",derived,direct,aggregation_of_disclosed_components,证据明确列出2025年一般及危险废弃物总量，求和得总产生量。,"{""numeric_tokens"":[""8"",""40.70"",""413.92"",""12,203.51""],""evidence_quote"":""一般废弃物总量8 | 吨 | 40.70 | 413.92 | 12,203.51""}",deterministic_canonical_hardening,2026-08-24T13:35:14.356040+00:00
605199_ST葫芦娃_2025_ESG报告,e_air_pollutants,True,"(废气中)颗粒物(PM)排放量6 | 千克 | 14.27 | 123.00 | 219.70 (废气中)二氧化硫( $SO_2$ )排放量 | 千克 | 17.53 | 19.23 | 27.93 (废气中)氮氧化物( $NO_x$ )排放量7 | 千克 | 1,435.41 | 2,707.83 | 585.21","废气中)颗粒物(PM)排放量6 | 千克 | 14.27 | 123.00 | 219.70 
(废气中)二氧化硫( $SO_2$ )排放量 | 千克 | 17.53 | 19.23 | 27.93 
(废气中)氮氧化物( $NO_x$ )排放量7 | 千克 | 1,435.41 | 2,707.83 | 585.21",direct,direct,,,,deterministic_canonical_hardening,2026-08-24T13:35:14.356040+00:00
605377_华旺科技_2025_ESG报告,e_ghg_total,True,"温室气体排放总量 279,713.69 吨二氧化碳当量","温室气体排放总量
279,713.69 吨二氧化碳当量",direct,direct,,,,deterministic_canonical_hardening,2026-08-24T13:35:14.356040+00:00
605377_华旺科技_2025_ESG报告,e_ghg_intensity,True,温室气体排放强度 0.87 吨二氧化碳当量/万元,"温室气体排放强度
0.87 吨二氧化碳当量/万元",direct,direct,,,,deterministic_canonical_hardening,2026-08-24T13:35:14.356040+00:00
605377_华旺科技_2025_ESG报告,e_energy_total,True,"能源消耗总量 76,802.90 吨标准煤","能源消耗总量
76,802.90 吨标准煤",direct,direct,,,,deterministic_canonical_hardening,2026-08-24T13:35:14.356040+00:00
605377_华旺科技_2025_ESG报告,g_independent_director_ratio,False,专门委员会 | 独立董事(位) | 独立董事占比(%,专门委员会 | 独立董事(位) | 独立董事占比(%,derived,direct,ratio_from_disclosed_counts_or_fraction,证据中表格明确列出了独立董事占比为33.33%,"{""numeric_tokens"":[],""evidence_quote"":""专门委员会 | 独立董事(位) | 独立董事占比(%""}",deterministic_canonical_hardening,2026-08-24T13:35:14.356040+00:00
605377_华旺科技_2025_ESG报告,g_compliance_management,True,环境合规管理 | 环保投入总金额 | 万元 | 967.02 因环境事件受到生态环境等有关部门重大行政处罚的处罚事件 | 件 | 0,"环境合规管理 | 环保投入总金额 | 万元 | 967.02 
因环境事件受到生态环境等有关部门重大行政处罚的处罚事件 | 件 | 0",,,,,,deterministic_canonical_hardening,2026-08-24T13:35:14.356040+00:00
605377_华旺科技_2025_ESG报告,g_risk_management,True,公司严格遵守相关法律法规，建立完善的风险管理及内部控制体系。为全面应对环境变化与内部挑战，公司持续深化风险识别与管理机制。,公司严格遵守相关法律法规，建立完善的风险管理及内部控制体系。为全面应对环境变化与内部挑战，公司持续深化风险识别与管理机制,,,,,,deterministic_canonical_hardening,2026-08-24T13:35:14.356040+00:00
605377_华旺科技_2025_ESG报告,g_party_building,True,公司始终坚持以党建引领为核心，按照“围绕生产抓党建，抓好党建促发展”的工作思路，推动党建工作与生产经营管理有机融合、互促共进。,公司始终坚持以党建引领为核心，按照“围绕生产抓党建，抓好党建促发展”的工作思路，推动党建工作与生产经营管理有机融合、互促共进,,,,,,deterministic_canonical_hardening,2026-08-24T13:35:14.356040+00:00
605377_华旺科技_2025_ESG报告,e_ghg_scope2,True,"间接温室气体排放量（范围二） 274,973.93 吨二氧化碳当量","间接温室气体排放量（范围二）
274,973.93 吨二氧化碳当量",direct,direct,,,,deterministic_canonical_hardening,2026-08-24T13:35:14.356040+00:00
605399_晨光新材_2025_ESG报告,g_board_diversity,False,职工代表董事的设立，进一步丰富了董事会成员构成的多元性,职工代表董事的设立，进一步丰富了董事会成员构成的多元性,derived,normalized_or_inferred,deterministic_normalization_from_disclosed_evidence,证据明确披露了董事会中职工代表董事的数量，体现了多元化构成。,"{""numeric_tokens"":[],""evidence_quote"":""职工代表董事的设立，进一步丰富了董事会成员构成的多元性""}",deterministic_canonical_hardening,2026-08-24T13:35:14.356040+00:00
605399_晨光新材_2025_ESG报告,g_board_meetings,True,公司共召开董事会会议3次，审议通过议案39项，董事会出席率 100\% ；召开各专门委员会会议7次，审议通过议案20项。,"公司共召开董事会会议3次，审议通过议案39项，董事会出席率 
100\%
；召开各专门委员会会议7次，审议通过议案20项",direct,direct,,,,deterministic_canonical_hardening,2026-08-24T13:35:14.356040+00:00
605399_晨光新材_2025_ESG报告,g_stakeholder_communication,True,晨光新材构建了系统化的利益相关方沟通机制，明确各部门的责任分工，并制定清晰的沟通流程与响应标准。通过制度化、多层次的互动体系，公司与股东、员工、客户、供应商等关键群体保持常态化、双向的深度沟通。,晨光新材构建了系统化的利益相关方沟通机制，明确各部门的责任分工，并制定清晰的沟通流程与响应标准。通过制度化、多层次的互动体系，公司与股东、员工、客户、供应商等关键群体保持常态化、双向的深度沟通,,,,,,deterministic_canonical_hardening,2026-08-24T13:35:14.356040+00:00
605399_晨光新材_2025_ESG报告,g_investor_relations,True,股东及投资者 | 循环经济 | 股东会 董事会治理 | 投资关系网站 公司治理 | 股东分红 风险管控 | 业绩说明会 信息披露 | 实地调研 提升投资回报 | 定期报告/临时公告 | 投资者服务热线,"股东及投资者 | 循环经济 | 股东会 
董事会治理 | 投资关系网站 
公司治理 | 股东分红 
风险管控 | 业绩说明会 
信息披露 | 实地调研 
提升投资回报 | 定期报告/临时公告 
| 投资者服务热线",,,,,,deterministic_canonical_hardening,2026-08-24T13:35:14.356040+00:00
605488_福莱新材_2025_ESG报告,e_waste_total,False,2025年，公司一般废弃物产生量（包括非危险废弃物总量）为501.93吨,2025年，公司一般废弃物产生量（包括非危险废弃物总量）为501.93吨,derived,direct,aggregation_of_disclosed_components,证据明确给出一般及危险废弃物产生量数值，单位一致，可加总得出总量。,"{""numeric_tokens"":[""2025"",""501.93""],""evidence_quote"":""2025年，公司一般废弃物产生量（包括非危险废弃物总量）为501.93吨""}",deterministic_canonical_hardening,2026-08-24T13:35:14.356040+00:00
605488_福莱新材_2025_ESG报告,e_air_pollutants,True,主要污染物种类 | 2025年度排放总量(吨) | 2024年度排放总量(吨) 颗粒物(PM) | 0.74 | 2.91 氮氧化物(NOX) | 5.46 | 7.98 挥发性有机物(VOCs) | 19.68 | 15.80,"主要污染物种类 | 2025年度排放总量(吨) | 2024年度排放总量(吨) 
颗粒物(PM) | 0.74 | 2.91 
氮氧化物(NOX) | 5.46 | 7.98 
挥发性有机物(VOCs) | 19.68 | 15.80",derived,direct,deterministic_normalization_from_disclosed_evidence,证据明确列出大气污染物排放数值及单位。,"{""numeric_tokens"":[""2025"",""2024"",""0.74"",""2.91"",""5.46"",""7.98"",""19.68"",""15.80""],""evidence_quote"":""主要污染物种类 | 2025年度排放总量(吨) | 2024年度排放总量(吨) \n颗粒物(PM) | 0.74 | 2.91 \n氮氧化物(NOX) | 5.46 | 7.98 \n挥发性有机物(VOCs) | 19.68 | 15.80""}",deterministic_canonical_hardening,2026-08-24T13:35:14.356040+00:00
605488_福莱新材_2025_ESG报告,s_employee_total,True,"员工概况 | 单位 | 2025年 | 2024年 员工总数 | 人 | 1,833 | 1,679","员工概况 | 单位 | 2025年 | 2024年 
员工总数 | 人 | 1,833 | 1,679",direct,direct,,,,deterministic_canonical_hardening,2026-08-24T13:35:14.356040+00:00
605488_福莱新材_2025_ESG报告,s_employee_gender,True,"按性别划分 | 男性员工 | 人 | 1,344 | 1,206 女性员工 | 人 | 489 | 473","按性别划分 | 男性员工 | 人 | 1,344 | 1,206 
女性员工 | 人 | 489 | 473",direct,direct,,,,deterministic_canonical_hardening,2026-08-24T13:35:14.356040+00:00
605488_福莱新材_2025_ESG报告,g_tax_transparency,True,政府及监管机构(含交易所) | 合规经营 | 守法合规 | 反腐败 | 完善信息披露 | 政策执行 带动就业 | 依法纳税 | 信息披露,"政府及监管机构(含交易所) | 合规经营 | 守法合规 | 
反腐败 | 完善信息披露 | 政策执行 
带动就业 | 依法纳税 | 信息披露",,,,,,deterministic_canonical_hardening,2026-08-24T13:35:14.356040+00:00
605488_福莱新材_2025_ESG报告,g_materiality_assessment,True,GRI 3:实质性议题 2021 3-1 确定实质性议题的过程 | 利益相关方沟通、双重重要性矩阵 3-2 实质性议题列表 | 双重重要性矩阵,"GRI 3:实质性议题 2021 
3-1 确定实质性议题的过程 | 利益相关方沟通、双重重要性矩阵 
3-2 实质性议题列表 | 双重重要性矩阵",,,,,,deterministic_canonical_hardening,2026-08-24T13:35:14.356040+00:00
605599_菜百股份_2025_ESG报告,s_data_security,True,重大数据安全事件、客户隐私泄露事件发生数量0起 数据安全与隐私保护全员培训覆盖率100%,"重大数据安全事件、客户隐私泄露事件发生数量0起 
数据安全与隐私保护全员培训覆盖率100%",,,,,,deterministic_canonical_hardening,2026-08-24T13:35:14.356040+00:00
605599_菜百股份_2025_ESG报告,g_stakeholder_communication,True,菜百股份始终秉承公开透明、双向互动、互利共赢的原则，建立覆盖全维度利益相关方的常态化沟通机制，充分听取各方诉求与建议。,菜百股份始终秉承公开透明、双向互动、互利共赢的原则，建立覆盖全维度利益相关方的常态化沟通机制，充分听取各方诉求与建议,,,,,,deterministic_canonical_hardening,2026-08-24T13:35:14.356040+00:00
605599_菜百股份_2025_ESG报告,g_risk_management,True,公司围绕规范运作与稳健经营要求，构建了涵盖合规管理、内部控制及风险管理的协同管理体系，通过制度建设、流程运行及持续监督相结合的方式，将相关管理要求嵌入日常经营活动。,公司围绕规范运作与稳健经营要求，构建了涵盖合规管理、内部控制及风险管理的协同管理体系，通过制度建设、流程运行及持续监督相结合的方式，将相关管理要求嵌入日常经营活动,,,,,,deterministic_canonical_hardening,2026-08-24T13:35:14.356040+00:00
688015_交控科技_2025_ESG暨社会责任报告,e_green_office,True,内部宣贯环保要求，推动绿色理念融入日常，打造全员参与的低碳办公文化。 建立每日午餐及下班时段巡查机制，明确整改责任，确保节能措施持续有效。,"内部宣贯环保要求，推动绿色理念融入日常，打造全员参与的低碳办公文化。
建立每日午餐及下班时段巡查机制，明确整改责任，确保节能措施持续有效",,,,,,deterministic_canonical_hardening,2026-08-24T13:35:14.356040+00:00
688015_交控科技_2025_ESG暨社会责任报告,s_rural_revitalization,True,我公司积极响应深圳福田区工商联号召捐赠现金，用于支持乡村振兴事业，以实际行动巩固脱贫成果，助力城乡区域协调发展。,我公司积极响应深圳福田区工商联号召捐赠现金，用于支持乡村振兴事业，以实际行动巩固脱贫成果，助力城乡区域协调发展,,,,,,deterministic_canonical_hardening,2026-08-24T13:35:14.356040+00:00
688015_交控科技_2025_ESG暨社会责任报告,g_stakeholder_communication,True,重要利益相关方 | 共同的可持续发展目标 | 沟通与回应 | 政府及监管机构 | 守法合规经营 促进经济发展 | 政企沟通 调研考察,"重要利益相关方 | 共同的可持续发展目标 | 沟通与回应 
| 政府及监管机构 | 守法合规经营 促进经济发展 | 政企沟通 调研考察",,,,,,deterministic_canonical_hardening,2026-08-24T13:35:14.356040+00:00
688015_交控科技_2025_ESG暨社会责任报告,g_audit_committee,True,成员 | 彭红星(主任委员)、吴智勇、王梅 关键数据 | 召开审计委员会4次 审议通过议案21项 审计委员会,"成员 | 彭红星(主任委员)、吴智勇、王梅 
关键数据 | 召开审计委员会4次 审议通过议案21项
审计委员会",,,,,,deterministic_canonical_hardening,2026-08-24T13:35:14.356040+00:00
688051_佳华科技_2025_ESG报告,s_work_injury,False,职业健康安全: 全年无应急事故、工伤事故，无重伤和死亡事故；组织员工职业健康、安全培训 12 次，覆盖 600 余人，完成 600 余名员工例行体检，切实保障员工身心健康；,职业健康安全: 全年无应急事故、工伤事故，无重伤和死亡事故；组织员工职业健康、安全培训 12 次，覆盖 600 余人，完成 600 余名员工例行体检，切实保障员工身心健康；,derived,normalized_or_inferred,deterministic_normalization_from_disclosed_evidence,证据明确披露全年无工伤事故，数值为0。,"{""numeric_tokens"":[""12"",""600"",""600""],""evidence_quote"":""职业健康安全: 全年无应急事故、工伤事故，无重伤和死亡事故；组织员工职业健康、安全培训 12 次，覆盖 600 余人，完成 600 余名员工例行体检，切实保障员工身心健康；""}",deterministic_canonical_hardening,2026-08-24T13:35:14.356040+00:00
688051_佳华科技_2025_ESG报告,s_customer_satisfaction,True,客户满意度率 90%,"客户满意度率
90%",direct,direct,,,,deterministic_canonical_hardening,2026-08-24T13:35:14.356040+00:00
688051_佳华科技_2025_ESG报告,g_independent_director_ratio,False,董事会共9名董事，其中女性董事4名，占比4/9；独立董事3名，占比1/3；职工代表董事1名，占比1/9。,董事会共9名董事，其中女性董事4名，占比4/9；独立董事3名，占比1/3；职工代表董事1名，占比1/9。,direct,normalized_or_inferred,,,,deterministic_canonical_hardening,2026-08-24T13:35:14.356040+00:00
688128_中国电研_2025_ESG报告,e_carbon_management,True,"运用绿色低碳验证技术, 开展公司内部园区碳盘查工作, 摸清生产运营各环节的碳排放情况。积极协助国机集团开展二级企业的碳盘查工作。","运用绿色低碳验证技术, 开展公司内部园区碳盘查工作, 摸清生产运营各环节的碳排放情况。
- 积极协助国机集团开展二级企业的碳盘查工作",,,,,,deterministic_canonical_hardening,2026-08-24T13:35:14.356040+00:00
688128_中国电研_2025_ESG报告,e_energy_total,True,"能源利用 能源消耗总量 | 吨标准煤 | 10,729.63 | 12,360.42","能源利用 
能源消耗总量 | 吨标准煤 | 10,729.63 | 12,360.42",direct,direct,,,,deterministic_canonical_hardening,2026-08-24T13:35:14.356040+00:00
688128_中国电研_2025_ESG报告,e_air_pollutants,True,颗粒物(PM) | 吨 | 1.16 | 1.70 氮氧化物( $NO_x$ )6 | 吨 | 2.86 | 5.90,"颗粒物(PM) | 吨 | 1.16 | 1.70 
氮氧化物( $NO_x$ )6 | 吨 | 2.86 | 5.90",direct,direct,,,,deterministic_canonical_hardening,2026-08-24T13:35:14.356040+00:00
688128_中国电研_2025_ESG报告,s_research_development,True,"创新研发 研发投入金额 | 万元 | 35,845 | 40,573","创新研发 
研发投入金额 | 万元 | 35,845 | 40,573",direct,direct,,,,deterministic_canonical_hardening,2026-08-24T13:35:14.356040+00:00
688128_中国电研_2025_ESG报告,s_human_rights,True,公司明确禁止就业歧视、强制劳动及使用童工，依托人力资源信息系统实现全级次数据穿透式管理与用工全流程留痕。,公司明确禁止就业歧视、强制劳动及使用童工，依托人力资源信息系统实现全级次数据穿透式管理与用工全流程留痕,,,,,,deterministic_canonical_hardening,2026-08-24T13:35:14.356040+00:00
688128_中国电研_2025_ESG报告,g_esg_governance,True,可持续发展治理架构 1,"可持续发展治理架构
1",,,,,,deterministic_canonical_hardening,2026-08-24T13:35:14.356040+00:00
688128_中国电研_2025_ESG报告,g_risk_management,True,公司持续构建与高质量发展相适配的全面风险管理体系。通过完善制度机制与流程管控，推动风险识别、评估与应对贯穿经营管理全过程。,公司持续构建与高质量发展相适配的全面风险管理体系。通过完善制度机制与流程管控，推动风险识别、评估与应对贯穿经营管理全过程,,,,,,deterministic_canonical_hardening,2026-08-24T13:35:14.356040+00:00
688128_中国电研_2025_ESG报告,e_ghg_scope1,True,"范围一排放量 ^{9} | 吨二氧化碳当量 | 8,291.00 | 8,700.40","范围一排放量 $^{9}$ | 吨二氧化碳当量 | 8,291.00 | 8,700.40",direct,direct,,,,deterministic_canonical_hardening,2026-08-24T13:35:14.356040+00:00
688128_中国电研_2025_ESG报告,e_ghg_scope2,True,"范围二排放量 ^{10} | 吨二氧化碳当量 | 24,876.13 | 29,128.63","范围二排放量 $^{10}$ | 吨二氧化碳当量 | 24,876.13 | 29,128.63",direct,direct,,,,deterministic_canonical_hardening,2026-08-24T13:35:14.356040+00:00
688147_微导纳米_2025_ESG报告,e_fuel_consumption,True,"直接能源 | 汽油总耗量 | 公升 | 23,650 | 16,935 $柴油总耗量^8$ | 公升 | 1,424.00 | 127","直接能源 | 汽油总耗量 | 公升 | 23,650 | 16,935 
$柴油总耗量^8$ | 公升 | 1,424.00 | 127",direct,direct,,,,deterministic_canonical_hardening,2026-08-24T13:35:14.356040+00:00
688147_微导纳米_2025_ESG报告,s_employee_total,True,"指标 | 单位 | 2024年 | 2025年 员工总数 | 人 | 1,514 | 1,179","指标 | 单位 | 2024年 | 2025年 
员工总数 | 人 | 1,514 | 1,179",direct,direct,,,,deterministic_canonical_hardening,2026-08-24T13:35:14.356040+00:00
688218_江苏北人_2025_ESG报告,e_electricity_total,True,"类型 | 指标 | 单位 | 2024年 | 2025年 资源使用 | 总用电量 | 千瓦时 | 1,849,208 | 2,928,690","类型 | 指标 | 单位 | 2024年 | 2025年 
资源使用 | 总用电量 | 千瓦时 | 1,849,208 | 2,928,690",direct,direct,,,,deterministic_canonical_hardening,2026-08-24T13:35:14.356040+00:00
688218_江苏北人_2025_ESG报告,e_hazardous_waste,True,有害废弃物排放总量 3 | 吨 | 0.62 | 0.41,有害废弃物排放总量 $^3$ | 吨 | 0.62 | 0.41,direct,direct,,,,deterministic_canonical_hardening,2026-08-24T13:35:14.356040+00:00
688218_江苏北人_2025_ESG报告,s_employee_total,True,指标 | 单位 | 2025年绩效 员工总人数 | 人 | 675,"指标 | 单位 | 2025年绩效 
员工总人数 | 人 | 675",direct,direct,,,,deterministic_canonical_hardening,2026-08-24T13:35:14.356040+00:00
688218_江苏北人_2025_ESG报告,g_shareholder_meetings,False,召开1次年度股东会，2次临时股东会,召开1次年度股东会，2次临时股东会,derived,direct,aggregation_of_disclosed_components,证据明确披露年度及临时股东会次数，合计3次。,"{""numeric_tokens"":[""1"",""2""],""evidence_quote"":""召开1次年度股东会，2次临时股东会""}",deterministic_canonical_hardening,2026-08-24T13:35:14.356040+00:00
688218_江苏北人_2025_ESG报告,e_ghg_scope2,True,范畴 2 | 吨二氧化碳当量 | 708 | 1275,范畴 $^2$ | 吨二氧化碳当量 | 708 | 1275,direct,direct,,,,deterministic_canonical_hardening,2026-08-24T13:35:14.356040+00:00
688226_威腾电气_2025_ESG报告,e_hazardous_waste,True,报告期内，公司有害废弃物总量为80.05吨，合规处置率为 100%,"报告期内，公司有害废弃物总量为80.05吨，合规处置率为 
100\%",direct,direct,,,,deterministic_canonical_hardening,2026-08-24T13:35:14.356040+00:00
688226_威腾电气_2025_ESG报告,s_employee_total,True,"社会指标 员工总人数 | 人 | 1,494 | 1,645","社会指标 
员工总人数 | 人 | 1,494 | 1,645",direct,direct,,,,deterministic_canonical_hardening,2026-08-24T13:35:14.356040+00:00
688226_威腾电气_2025_ESG报告,s_research_development,True,"指标 | 单位 | 2024年 | 2025年 研发投入 | 万元 | 10,378.76 | 9,768.19","指标 | 单位 | 2024年 | 2025年 
研发投入 | 万元 | 10,378.76 | 9,768.19",direct,direct,,,,deterministic_canonical_hardening,2026-08-24T13:35:14.356040+00:00
688226_威腾电气_2025_ESG报告,s_rural_revitalization,True,- 积极响应国家乡村振兴战略，履行企业社会责任 - 以人为本，关注乡村民生，助力乡村经济发展 - 发挥企业自身优势，创新帮扶举措，提高帮扶效果 - 倡导绿色发展，促进乡村生态环境保护,"积极响应国家乡村振兴战略，履行企业社会责任
- 以人为本，关注乡村民生，助力乡村经济发展
- 发挥企业自身优势，创新帮扶举措，提高帮扶效果
- 倡导绿色发展，促进乡村生态环境保护",,,,,,deterministic_canonical_hardening,2026-08-24T13:35:14.356040+00:00
688226_威腾电气_2025_ESG报告,g_board_meetings,True,公司董事会召开10次；共审议、听取议案98项；董事会成员出席率 100\% 。,"公司董事会召开10次；共审议、听取议案98项；董事会成员出席率 
100\%",direct,direct,,,,deterministic_canonical_hardening,2026-08-24T13:35:14.356040+00:00
688226_威腾电气_2025_ESG报告,g_risk_management,True,威腾电气将健全的风险管理与内部控制体系视为公司可持续经营的核心保障。2025年，公司重点推进“法体化”建设，系统性地完善内部治理制度与业务流程，强化以风险为导向的内部控制机制。,威腾电气将健全的风险管理与内部控制体系视为公司可持续经营的核心保障。2025年，公司重点推进“法体化”建设，系统性地完善内部治理制度与业务流程，强化以风险为导向的内部控制机制,,,,,,deterministic_canonical_hardening,2026-08-24T13:35:14.356040+00:00
688261_东微半导_2026_ESG报告,s_research_development,True,"指标 | 单位 | 2025年 研发投入 | 万元 | 9,231.76","指标 | 单位 | 2025年 
研发投入 | 万元 | 9,231.76",direct,direct,,,,deterministic_canonical_hardening,2026-08-24T13:35:14.356040+00:00
688261_东微半导_2026_ESG报告,g_esg_governance,True,公司已搭建起由董事会及战略与ESG委员会（决策层）、ESG工作小组（规划层）、各相关部门（执行层）共同组成的“决策—规划—执行”三级ESG管理架构。,公司已搭建起由董事会及战略与ESG委员会（决策层）、ESG工作小组（规划层）、各相关部门（执行层）共同组成的“决策—规划—执行”三级ESG管理架构,,,,,,deterministic_canonical_hardening,2026-08-24T13:35:14.356040+00:00
688261_东微半导_2026_ESG报告,g_stakeholder_communication,True,利益相关方 | 沟通渠道 | 频率 | 关注议题 股东/投资者 | 股东会 | 非定期 | 利益相关方沟通尽职调查 e互动 | 非定期 报告披露 | 季度 投资者热线 | 非定期 媒体报道 | 非定期 业绩说明会 | 季度 信息披露 | 实时 员工 | 内部信息沟通平台 | 非定期 | 员工权益与发展职业健康与安全 电话与邮件 | 非定期 面对面沟通 | 非定期 员工满意度调查 | 年度 供应商 | 走访稽核 | 非定期 | 反商业贿赂及反贪污供应链安全平等对待中小企业 调研问卷 | 非定期 商务拜访 | 非定期 电话与邮件 | 非定期 客户/经销商 | 专岗对接 | 非定期 | 产品和服务安全与质量数据安全与客户隐私保护反不正当竞争 客户满意度调查 | 年度 媒体 | 媒体采访 | 非定期 | 创新驱动科技伦理社会贡献乡村振兴 公司网站 | 非定期 政府/监察机构 | 信息披露 | 月度 | 应对气候变化环境合规管理能源利用水资源利用污染物排放废弃物处理循环经济生态系统和生物多样性保护 电话与邮件 | 非定期,"利益相关方 | 沟通渠道 | 频率 | 关注议题 
股东/投资者 | 股东会 | 非定期 | 利益相关方沟通尽职调查 
e互动 | 非定期 
报告披露 | 季度 
投资者热线 | 非定期 
媒体报道 | 非定期 
业绩说明会 | 季度 
信息披露 | 实时 
员工 | 内部信息沟通平台 | 非定期 | 员工权益与发展职业健康与安全 
电话与邮件 | 非定期 
面对面沟通 | 非定期 
员工满意度调查 | 年度 
供应商 | 走访稽核 | 非定期 | 反商业贿赂及反贪污供应链安全平等对待中小企业 
调研问卷 | 非定期 
商务拜访 | 非定期 
电话与邮件 | 非定期 
客户/经销商 | 专岗对接 | 非定期 | 产品和服务安全与质量数据安全与客户隐私保护反不正当竞争 
客户满意度调查 | 年度 
媒体 | 媒体采访 | 非定期 | 创新驱动科技伦理社会贡献乡村振兴 
公司网站 | 非定期 
政府/监察机构 | 信息披露 | 月度 | 应对气候变化环境合规管理能源利用水资源利用污染物排放废弃物处理循环经济生态系统和生物多样性保护 
电话与邮件 | 非定期",,,,,,deterministic_canonical_hardening,2026-08-24T13:35:14.356040+00:00
688279_峰岹科技_2025_ESG报告,e_electricity_total,True,"指标 | 单位 | 2023年 | 2024年 | 2025年 耗电量 | 千瓦时 | 539,513.0 | 807,162.4 | 1,126,592.1","指标 | 单位 | 2023年 | 2024年 | 2025年 
耗电量 | 千瓦时 | 539,513.0 | 807,162.4 | 1,126,592.1",direct,direct,,,,deterministic_canonical_hardening,2026-08-24T13:35:14.356040+00:00
688279_峰岹科技_2025_ESG报告,e_ghg_scope1,True,2025年 范围一温室气体排放量 | 吨二氧化碳当量 | 183.1,"2025年 
范围一温室气体排放量 | 吨二氧化碳当量 | 183.1",direct,direct,,,,deterministic_canonical_hardening,2026-08-24T13:35:14.356040+00:00
688348_昱能科技_2025_ESG报告,e_fuel_consumption,True,指标 | 单位 | 2024 | 2025 综合能源消耗量 | 吨标准煤 | 225.62 | 350.06,"指标 | 单位 | 2024 | 2025 
综合能源消耗量 | 吨标准煤 | 225.62 | 350.06",direct,direct,,,,deterministic_canonical_hardening,2026-08-24T13:35:14.356040+00:00
688348_昱能科技_2025_ESG报告,s_work_injury,False,2025年，公司发生一起工伤事件，为员工上下班途中发生交通事故，已按规定完成工伤认定申请,2025年，公司发生一起工伤事件，为员工上下班途中发生交通事故，已按规定完成工伤认定申请,derived,normalized_or_inferred,deterministic_normalization_from_disclosed_evidence,表格明确列出2025年因工伤损失工作日数为14天。,"{""numeric_tokens"":[""2025""],""evidence_quote"":""2025年，公司发生一起工伤事件，为员工上下班途中发生交通事故，已按规定完成工伤认定申请""}",deterministic_canonical_hardening,2026-08-24T13:35:14.356040+00:00
688348_昱能科技_2025_ESG报告,s_product_quality,True,- 制度：制定《质量管理手册》《质保管理程序》《纠正和预防措施控制程序》《不合格品控制程序》《产品召回管理程序》等内部管理制度。 - 治理结构：建立质量管理治理结构，质量总监对产品质量负直接责任，由最高管理层 CEO 进行监督，并由运营副总对质量管理工作进行监控把关。,"制度：制定《质量管理手册》《质保管理程序》《纠正和预防措施控制程序》《不合格品控制程序》《产品召回管理程序》等内部管理制度。
- 治理结构：建立质量管理治理结构，质量总监对产品质量负直接责任，由最高管理层 CEO 进行监督，并由运营副总对质量管理工作进行监控把关",,,,,,deterministic_canonical_hardening,2026-08-24T13:35:14.356040+00:00
688348_昱能科技_2025_ESG报告,s_customer_satisfaction,True,年度客户综合满意度达到 80% 。 • 指标：2025 年，公司各区域客户综合满意度已达成目标。,"年度客户综合满意度达到 
80\%
。
• 指标：2025 年，公司各区域客户综合满意度已达成目标",direct,direct,,,,deterministic_canonical_hardening,2026-08-24T13:35:14.356040+00:00
688348_昱能科技_2025_ESG报告,g_independent_director_ratio,True,截至报告期末，独立董事占比 42.86%。,"截至报告期末，独立董事占比 
42.86\%",direct,direct,,,,deterministic_canonical_hardening,2026-08-24T13:35:14.356040+00:00
688348_昱能科技_2025_ESG报告,s_training,True,"员工接受培训总时长 小时 68,264 95,040","员工接受培训总时长 | 小时 | 68,264 | 95,040",direct,direct,,,,deterministic_canonical_hardening,2026-08-24T13:35:14.356040+00:00
688400_凌云光_2025_ESG报告,e_water_total,True,"水资源 总取水量(整体) | 吨 | 13,158 | 12,421 | 28,120","水资源 
总取水量(整体) | 吨 | 13,158 | 12,421 | 28,120",direct,direct,,,,deterministic_canonical_hardening,2026-08-24T13:35:14.356040+00:00
688400_凌云光_2025_ESG报告,s_employee_total,True,"员工 雇佣员工总数 | 人 | 1,981 | 1,850 | 1,896","员工 
雇佣员工总数 | 人 | 1,981 | 1,850 | 1,896",direct,direct,,,,deterministic_canonical_hardening,2026-08-24T13:35:14.356040+00:00
688400_凌云光_2025_ESG报告,s_research_development,True,2025年，公司共计研发投入5.1亿元，研发投入占收入比重为 17.46%,"2025年，公司共计研发投入5.1亿元，研发投入占收入比重为 
17.46\%",direct,direct,,,,deterministic_canonical_hardening,2026-08-24T13:35:14.356040+00:00
688400_凌云光_2025_ESG报告,g_board_size,False,公司董事会成员结构呈现高度多元化特征：性别维度上男性7名、女性2名,公司董事会成员结构呈现高度多元化特征：性别维度上男性7名、女性2名,derived,direct,aggregation_of_disclosed_components,证据明确列出董事会成员性别分布，合计9人。,"{""numeric_tokens"":[""7"",""2""],""evidence_quote"":""公司董事会成员结构呈现高度多元化特征：性别维度上男性7名、女性2名""}",deterministic_canonical_hardening,2026-08-24T13:35:14.356040+00:00
688400_凌云光_2025_ESG报告,g_shareholder_meetings,True,治理关键绩效 股东大会 | 次 | 4 | 2 | 4,"治理关键绩效 
股东大会 | 次 | 4 | 2 | 4",direct,direct,,,,deterministic_canonical_hardening,2026-08-24T13:35:14.356040+00:00
688400_凌云光_2025_ESG报告,g_stakeholder_communication,True,利益相关方 | 关注议题 | 沟通渠道 政府和监管机构 | 创新发展体系 | 产品质量提升 | 汇报沟通 共创价值供应链 | 强化公司治理 | 监督检查 投资者权益保护 | 遵守商业道德 | 调研座谈 绿色发展 | 资源利用 | 培训 社会贡献 | | 股东/投资者 | 创新发展体系 | 助力智能制造 | 公开业绩交流会 强化公司治理 | 投资者权益保护 | 定期公告与临时公告 遵守商业道德 | 社会贡献 | 股东会 客户 | 产品质量提升 | 共创价值供应链 | 产品需求调研 客户拜访与来访 遵守商业道德 | 助力智能制造 | 产品维护与服务 客户满意度调查 创新发展体系 | | 供应商 | 产品质量提升 | | 公开采购 共创价值供应链 | | 供应商大会 遵守商业道德 | | 供应商准入与评估 员工 | 维护员工权益 | 员工雇佣与薪酬 | 员工绩效与工作沟通 员工大会 员工健康与安全 | 遵守商业道德 | 员工投诉 员工满意度调查 强化公司治理 | | 社会 | 社会贡献 | 绿色发展 | 调研采访 资源利用 | 员工权益保护 | 公司披露信息 强化公司治理 | | 行业活动与论坛 创新发展体系 | | 招聘活动 利益相关方沟通,"利益相关方 | | 
关注议题 | 沟通渠道 
政府和监管机构 | 创新发展体系 | 产品质量提升 | 汇报沟通 
共创价值供应链 | 强化公司治理 | 监督检查 
投资者权益保护 | 遵守商业道德 | 调研座谈 
绿色发展 | 资源利用 | 培训 
社会贡献 | | 
股东/投资者 | 创新发展体系 | 助力智能制造 | 公开业绩交流会 
强化公司治理 | 投资者权益保护 | 定期公告与临时公告 
遵守商业道德 | 社会贡献 | 股东会 
客户 | 产品质量提升 | 共创价值供应链 | 产品需求调研 客户拜访与来访 
遵守商业道德 | 助力智能制造 | 产品维护与服务 客户满意度调查 
创新发展体系 | | 
供应商 | 产品质量提升 | | 公开采购 
共创价值供应链 | | 供应商大会 
遵守商业道德 | | 供应商准入与评估 
员工 | 维护员工权益 | 员工雇佣与薪酬 | 员工绩效与工作沟通 员工大会 
员工健康与安全 | 遵守商业道德 | 员工投诉 员工满意度调查 
强化公司治理 | | 
社会 | 社会贡献 | 绿色发展 | 调研采访 
资源利用 | 员工权益保护 | 公司披露信息 
强化公司治理 | | 行业活动与论坛 
创新发展体系 | | 招聘活动
利益相关方沟通",,,,,,deterministic_canonical_hardening,2026-08-24T13:35:14.356040+00:00
688409_富创精密_2025_ESG报告,s_patents,True,| 本年新增 | 累计数量 申请数(个) | 获得数(个) | 申请数(个) | 获得数(个) 发明专利 | 72 | 25 | 539 | 91 实用新型专利 | 59 | 48 | 415 | 300 外观设计专利 | 0 | 0 | 2 | 2 软件著作权 | 0 | 0 | 2 | 2 其他 | 0 | 0 | 0 | 0 合计 | 131 | 73 | 958 | 395,"本年新增 | 累计数量 
申请数(个) | 获得数(个) | 申请数(个) | 获得数(个) 
发明专利 | 72 | 25 | 539 | 91 
实用新型专利 | 59 | 48 | 415 | 300 
外观设计专利 | 0 | 0 | 2 | 2 
软件著作权 | 0 | 0 | 2 | 2 
其他 | 0 | 0 | 0 | 0 
合计 | 131 | 73 | 958 | 395",direct,direct,,,,deterministic_canonical_hardening,2026-08-24T13:35:14.356040+00:00
688409_富创精密_2025_ESG报告,g_independent_director_ratio,False,公司董事会由9名董事组成，其中独立董事3名，独立董事占比达到1/3，符合监管要求及公司制度规定,公司董事会由9名董事组成，其中独立董事3名，独立董事占比达到1/3，符合监管要求及公司制度规定,direct,normalized_or_inferred,,,,deterministic_canonical_hardening,2026-08-24T13:35:14.356040+00:00
688409_富创精密_2025_ESG报告,g_business_ethics,True,"制定并开展覆盖公司全员的商业道德教育。报告期内,公司未发生商业贿赂及贪污事件或相关诉讼案件;报告期内,公司未发生因不正当竞争行为导致诉讼或重大行政处罚事件","制定并开展覆盖公司全员的商业道德教育。 | 报告期内,公司未发生商业贿赂及贪污事件或相关诉讼案件;报告期内,公司未发生因不正当竞争行为导致诉讼或重大行政处罚事件",,,,,,deterministic_canonical_hardening,2026-08-24T13:35:14.356040+00:00
688439_振华风光_2025_ESG报告,s_employee_gender,True,按性别划分 女性员工数量 | 人 | 280,"按性别划分 
女性员工数量 | 人 | 280",direct,direct,,,,deterministic_canonical_hardening,2026-08-24T13:35:14.356040+00:00
688503_聚和材料_2025_ESG报告,e_biodiversity,True,"实施维度 | 核心举措 | 实施目标 合规布局 | 生产基地均选址于成熟工业园区工业用地,不涉及自然保护区、生态红线区、重要水源地等生态敏感区域 | 从源头规避经营活动对自然生态系统、生物栖息地的破坏","实施维度 | 核心举措 | 实施目标 
合规布局 | 生产基地均选址于成熟工业园区工业用地,不涉及自然保护区、生态红线区、重要水源地等生态敏感区域 | 从源头规避经营活动对自然生态系统、生物栖息地的破坏",,,,,,deterministic_canonical_hardening,2026-08-24T13:35:14.356040+00:00
688503_聚和材料_2025_ESG报告,g_independent_director_ratio,False,董事会共9名成员，其中非独立董事5名、独立董事3名、职工代表董事1名,董事会共9名成员，其中非独立董事5名、独立董事3名、职工代表董事1名,derived,normalized_or_inferred,ratio_from_disclosed_counts_or_fraction,证据明确给出董事总数9人及独立董事3人，可计算占比。,"{""numeric_tokens"":[""9"",""5"",""3"",""1""],""evidence_quote"":""董事会共9名成员，其中非独立董事5名、独立董事3名、职工代表董事1名""}",deterministic_canonical_hardening,2026-08-24T13:35:14.356040+00:00
688503_聚和材料_2025_ESG报告,g_audit_committee,True,"委员会名称 | 2025年度履职重点与关键议案 | 会议次数 | 审议情况 审计委员会 | 审议年度/半年度/季度报告、内部审计工作报告、募集资金存放与使用情况、外部审计机构选聘、金融机构申请授信额度及担保额度等事项,监督审计工作质量 | 7次 | 100%通过","委员会名称 | 2025年度履职重点与关键议案 | 会议次数 | 审议情况 
审计委员会 | 审议年度/半年度/季度报告、内部审计工作报告、募集资金存放与使用情况、外部审计机构选聘、金融机构申请授信额度及担保额度等事项,监督审计工作质量 | 7次 | 100%通过",,,,,,deterministic_canonical_hardening,2026-08-24T13:35:14.356040+00:00
688509_正元地信_2025_ESG报告,g_independent_director_ratio,False,截至2025年末，董事会由5名董事组成（其中独立董事3名）,截至2025年末，董事会由5名董事组成（其中独立董事3名）,derived,normalized_or_inferred,ratio_from_disclosed_counts_or_fraction,证据明确给出董事总数5名及独董3名，计算占比为60%。,"{""numeric_tokens"":[""2025"",""5"",""3""],""evidence_quote"":""截至2025年末，董事会由5名董事组成（其中独立董事3名）""}",deterministic_canonical_hardening,2026-08-24T13:35:14.356040+00:00
688515_裕太微_2025_ESG报告,s_patents,True,关键指标 | 单位 | 总数 | 报告期内获得数量 累计授权专利数 | 项 | 99 | 23 其中:发明专利 | 项 | 55 | 14 其中:实用新型专利 | 项 | 25 | 2 其中:境外发明专利 | 项 | 19 | 7,"关键指标 | 单位 | 总数 | 报告期内获得数量 
累计授权专利数 | 项 | 99 | 23 
其中:发明专利 | 项 | 55 | 14 
其中:实用新型专利 | 项 | 25 | 2 
其中:境外发明专利 | 项 | 19 | 7",direct,direct,,,,deterministic_canonical_hardening,2026-08-24T13:35:14.356040+00:00
688515_裕太微_2025_ESG报告,g_party_building,True,公司依据《中国共产党章程》及上级党组织批复，规范设立基层党组织。2025年8月，公司正式成立党支部，在公司治理中发挥政治引领作用。,公司依据《中国共产党章程》及上级党组织批复，规范设立基层党组织。2025年8月，公司正式成立党支部，在公司治理中发挥政治引领作用,,,,,,deterministic_canonical_hardening,2026-08-24T13:35:14.356040+00:00
688560_明冠新材_2025_ESG报告,e_water_total,True,"指标 | 单位 | 2024年 | 2025年 总用水量 | 吨 | 85,459 | 80,567","指标 | 单位 | 2024年 | 2025年 
总用水量 | 吨 | 85,459 | 80,567",direct,direct,,,,deterministic_canonical_hardening,2026-08-24T13:35:14.356040+00:00
688560_明冠新材_2025_ESG报告,s_employee_total,True,指标 | 单位 | 2024年 | 2025年 员工总人数 | 人 | 419 | 502,"指标 | 单位 | 2024年 | 2025年 
员工总人数 | 人 | 419 | 502",direct,direct,,,,deterministic_canonical_hardening,2026-08-24T13:35:14.356040+00:00
688560_明冠新材_2025_ESG报告,s_compensation_benefits,True,公司制定《员工福利管理规定》，持续完善员工福利体系，规范落实各项福利保障。通过为员工提供多元、贴心的福利保障，切实提升员工满意度与归属感。,公司制定《员工福利管理规定》，持续完善员工福利体系，规范落实各项福利保障。通过为员工提供多元、贴心的福利保障，切实提升员工满意度与归属感,,,,,,deterministic_canonical_hardening,2026-08-24T13:35:14.356040+00:00
688560_明冠新材_2025_ESG报告,s_work_injury,True,总工伤人数 | 人 | 2 | 0 其中:公司雇员 | 人 | 2 | 0 承包商员工 | 人 | 0 | 0,"总工伤人数 | 人 | 2 | 0 
其中:公司雇员 | 人 | 2 | 0 
承包商员工 | 人 | 0 | 0",direct,direct,,,,deterministic_canonical_hardening,2026-08-24T13:35:14.356040+00:00
688598_金博股份_2025_ESG报告,e_water_total,True,"水资源管理 耗水量 | 吨 | 424,578","水资源管理 
耗水量 | 吨 | 424,578",direct,direct,,,,deterministic_canonical_hardening,2026-08-24T13:35:14.356040+00:00
688598_金博股份_2025_ESG报告,e_waste_total,True,"废弃物排放 废弃物总量 | 1,324.43 | 吨","废弃物排放 
废弃物总量 | 1,324.43 | 吨",direct,direct,,,,deterministic_canonical_hardening,2026-08-24T13:35:14.356040+00:00
688598_金博股份_2025_ESG报告,e_air_pollutants,True,废气排放 硫氧化物排放总量 | 6.08 | 吨 硫氧化物核定的年度排放总量 | 90.94 | 吨 氮氧化物排放总量 | 9.81 | 吨 氮氧化物核定的年度排放总量 | 19.85 | 吨 挥发性有机物排放总量 | 2.31 | 吨 颗粒物排放总量 | 6.56 | 吨,"废气排放 
硫氧化物排放总量 | 6.08 | 吨 
硫氧化物核定的年度排放总量 | 90.94 | 吨 
氮氧化物排放总量 | 9.81 | 吨 
氮氧化物核定的年度排放总量 | 19.85 | 吨 
挥发性有机物排放总量 | 2.31 | 吨 
颗粒物排放总量 | 6.56 | 吨",direct,direct,,,,deterministic_canonical_hardening,2026-08-24T13:35:14.356040+00:00
688598_金博股份_2025_ESG报告,s_diversity_equal_opportunity,True,GRI 405多元化与平等机会 2016 | 405-1 管治机构与员工的多元化 | 聚贤育能 405-2 男女基本工资和报酬的比例,"GRI 405多元化与平等机会 2016 | 405-1 管治机构与员工的多元化 | 聚贤育能 
405-2 男女基本工资和报酬的比例",,,,,,deterministic_canonical_hardening,2026-08-24T13:35:14.356040+00:00
688598_金博股份_2025_ESG报告,s_data_security,True,数据安全与隐私保护 涉及侵犯客户隐私和丢失客户资料的经证实的投诉 | 件 | 0 发生泄露客户信息事件数量 | 件 | 0,"数据安全与隐私保护 
涉及侵犯客户隐私和丢失客户资料的经证实的投诉 | 件 | 0 
发生泄露客户信息事件数量 | 件 | 0",,,,,,deterministic_canonical_hardening,2026-08-24T13:35:14.356040+00:00
688598_金博股份_2025_ESG报告,s_supplier,True,"供应商管理 供应商总数 | 家 | 225 其中,省内合格供应商数量 | 个 | 193 其中,省外合格供应商数量 | 个 | 32 新增供应商数量 | 个 | 151 本地化采购比例 | % | 41.26 供应商本地化比例 | % | 85.78","供应商管理 
供应商总数 | 家 | 225 
其中,省内合格供应商数量 | 个 | 193 
其中,省外合格供应商数量 | 个 | 32 
新增供应商数量 | 个 | 151 
本地化采购比例 | % | 41.26 
供应商本地化比例 | % | 85.78",,,,,,deterministic_canonical_hardening,2026-08-24T13:35:14.356040+00:00
688598_金博股份_2025_ESG报告,s_community_investment,True,社会公益与乡村振兴 社会公益投入金额 | 万元 | 51.00,"社会公益与乡村振兴 
社会公益投入金额 | 万元 | 51.00",direct,direct,,,,deterministic_canonical_hardening,2026-08-24T13:35:14.356040+00:00
688598_金博股份_2025_ESG报告,g_independent_director_ratio,False,董事9名 | 其中:独立董事3名,董事9名 | 其中:独立董事3名,derived,normalized_or_inferred,ratio_from_disclosed_counts_or_fraction,证据明确给出董事总数及独董人数，可计算占比。,"{""numeric_tokens"":[""9"",""3""],""evidence_quote"":""董事9名 | 其中:独立董事3名""}",deterministic_canonical_hardening,2026-08-24T13:35:14.356040+00:00
688598_金博股份_2025_ESG报告,g_party_building,True,公司坚持党建引领与企业发展深度融合，以党建品牌建设为抓手，将红色基因融入经营管理、队伍建设与业务发展全过程。,公司坚持党建引领与企业发展深度融合，以党建品牌建设为抓手，将红色基因融入经营管理、队伍建设与业务发展全过程,,,,,,deterministic_canonical_hardening,2026-08-24T13:35:14.356040+00:00
688613_奥精医疗_2025_ESG报告,s_compensation_benefits,True,奥精医疗在设计高管薪酬体系时，着重将可持续发展目标与管理层履职成效进行深度融合，采用“制度明确 + 考核联动”的方式，推动高管薪酬与多维度 ESG 绩效指标挂钩。,奥精医疗在设计高管薪酬体系时，着重将可持续发展目标与管理层履职成效进行深度融合，采用“制度明确 + 考核联动”的方式，推动高管薪酬与多维度 ESG 绩效指标挂钩,,,,,,deterministic_canonical_hardening,2026-08-24T13:35:14.356040+00:00
688613_奥精医疗_2025_ESG报告,s_human_rights,True,利益相关方 | 主要关注点 | 采取行动 | 沟通渠道 员工 | ·健康安全 | ·职工代表大会 | ·员工代表大会 ·培训发展 | ·咖啡时间 | ·咖啡时间 ·劳工人权 | ·团队建设活动 | ·团队建设活动 ·多元化与机会平等 | ·员工内外部培训 | ·家庭日 | | ·内部邮箱、论坛,"利益相关方 | 主要关注点 | 采取行动 | 沟通渠道 
员工 | ·健康安全 | ·职工代表大会 | ·员工代表大会 
·培训发展 | ·咖啡时间 | ·咖啡时间 
·劳工人权 | ·团队建设活动 | ·团队建设活动 
·多元化与机会平等 | ·员工内外部培训 | ·家庭日 
| | ·内部邮箱、论坛",,,,,,deterministic_canonical_hardening,2026-08-24T13:35:14.356040+00:00
688613_奥精医疗_2025_ESG报告,g_independent_director_ratio,True,| 类别 | 占比 | | --- | --- | | 独立董事 | 33% | | 非独立董事 | 67% |,"类别 | 占比 |
| --- | --- |
| 独立董事 | 33% |
| 非独立董事 | 67%",direct,direct,,,,deterministic_canonical_hardening,2026-08-24T13:35:14.356040+00:00
688613_奥精医疗_2025_ESG报告,g_shareholder_meetings,False,"其中, 三次临时股东大会分别审议了 1 项专项投资、1 项关联交易以及 22 项重大议题","其中, 三次临时股东大会分别审议了 1 项专项投资、1 项关联交易以及 22 项重大议题",derived,direct,deterministic_normalization_from_disclosed_evidence,证据明确提及召开了三次临时股东大会，数值清晰。,"{""numeric_tokens"":[""1"",""1"",""22""],""evidence_quote"":""其中, 三次临时股东大会分别审议了 1 项专项投资、1 项关联交易以及 22 项重大议题""}",deterministic_canonical_hardening,2026-08-24T13:35:14.356040+00:00
688613_奥精医疗_2025_ESG报告,g_stakeholder_communication,True,利益相关方 | 主要关注点 | 采取行动 | 沟通渠道 股东和投资者 | ·公司治理·合规经营利益相关方沟通 | ·股东会·财务年报·定期报告与公告·公司官网及公众号·投资者热线及邮箱 | ·股东大会·财务年报,"利益相关方 | 主要关注点 | 采取行动 | 沟通渠道 
股东和投资者 | ·公司治理·合规经营利益相关方沟通 | ·股东会·财务年报·定期报告与公告·公司官网及公众号·投资者热线及邮箱 | ·股东大会·财务年报",,,,,,deterministic_canonical_hardening,2026-08-24T13:35:14.356040+00:00
688618_三旺通信_2025_ESG报告,s_data_security,True,"通过标准化培训管理落地信息安全运营机制,为企业构建合规有效的信息安全管理体系提供组织支撑与人才储备,助力保障业务全链路数据安全与可持续运营。","通过标准化培训管理落地信息安全运营机制, 为企业构建合规有效的信息安全管理体系提供组织支撑与人才储备, 助力保障业务全链路数据安全与可持续运营",,,,,,deterministic_canonical_hardening,2026-08-24T13:35:14.356040+00:00
688618_三旺通信_2025_ESG报告,s_research_development,True,"指标 | 单位 | 2025年 研发投入 | 万元 | 7,630.46","指标 | 单位 | 2025年 
研发投入 | 万元 | 7,630.46",direct,direct,,,,deterministic_canonical_hardening,2026-08-24T13:35:14.356040+00:00
688618_三旺通信_2025_ESG报告,g_independent_director_ratio,True,公司董事会由3名独立董事与4名非独立董事构成，独立董事占比约为 43% 。,"公司董事会由3名独立董事与4名非独立董事构成，独立董事占比约为 
43\%",direct,direct,,,,deterministic_canonical_hardening,2026-08-24T13:35:14.356040+00:00
688618_三旺通信_2025_ESG报告,g_shareholder_meetings,True,指标 | 单位 | 2025年 股东会召开总次数 | 次 | 4,"指标 | 单位 | 2025年 
股东会召开总次数 | 次 | 4",direct,direct,,,,deterministic_canonical_hardening,2026-08-24T13:35:14.356040+00:00
688618_三旺通信_2025_ESG报告,g_esg_governance,True,"P3.3 可持续发展治理 | 2-9/2-10//2-11/2-12/2-14/2-16/2-27/2-29/3-1/3-2/3-3 | G1.1/G1.3 筑牢治理基石,智创通信未来","P3.3 
可持续发展治理 | 2-9/2-10//2-11/2-12/2-14/2-16/2-27/2-29/3-1/3-2/3-3 | G1.1/G1.3 
筑牢治理基石,智创通信未来",,,,,,deterministic_canonical_hardening,2026-08-24T13:35:14.356040+00:00
688690_纳微科技_2025_ESG报告,e_air_pollutants,True,废气排放总量 | 6.3003 吨 废气排放强度 | 0.0104 吨 / 百万元营收 废气排放情况 统计范围：苏州基地和常熟基地。,"废气排放总量 | 6.3003 吨 
废气排放强度 | 0.0104 吨 / 百万元营收
废气排放情况
统计范围：苏州基地和常熟基地",direct,direct,,,,deterministic_canonical_hardening,2026-08-24T13:35:14.356040+00:00
688690_纳微科技_2025_ESG报告,s_employee_gender,True,"其中,苏州基地女性员工人数 | 人 | 苏州基地 | 125 | 116 | 107 其中,苏州基地女性员工占比 | % | 苏州基地 | 31.17 | 29.37 | 29.97","其中,苏州基地女性员工人数 | 人 | 苏州基地 | 125 | 116 | 107 
其中,苏州基地女性员工占比 | % | 苏州基地 | 31.17 | 29.37 | 29.97",direct,direct,,,,deterministic_canonical_hardening,2026-08-24T13:35:14.356040+00:00
688709_成都华微_2025_ESG报告,g_independent_director_ratio,False,报告期内，成都华微的董事会共9人，其中独立董事3人。,报告期内，成都华微的董事会共9人，其中独立董事3人。,derived,normalized_or_inferred,ratio_from_disclosed_counts_or_fraction,证据明确给出董事会总人数及独董人数，可计算占比。,"{""numeric_tokens"":[""9"",""3""],""evidence_quote"":""报告期内，成都华微的董事会共9人，其中独立董事3人。""}",deterministic_canonical_hardening,2026-08-24T13:35:14.356040+00:00
688709_成都华微_2025_ESG报告,s_training,True,员工年人均培训时长 33小时,"员工年人均培训时长
33小时",direct,direct,,,,deterministic_canonical_hardening,2026-08-24T13:35:14.356040+00:00
688728_格科微_2025_ESG报告,e_waste_total,False,"一般固体废弃物产生量 | 吨 | 4,463.46","一般固体废弃物产生量 | 吨 | 4,463.46",derived,direct,aggregation_of_disclosed_components,证据明确列出危险及一般固废产生量，求和得总废弃物产生量。,"{""numeric_tokens"":[""4,463.46""],""evidence_quote"":""一般固体废弃物产生量 | 吨 | 4,463.46""}",deterministic_canonical_hardening,2026-08-24T13:35:14.356040+00:00
688728_格科微_2025_ESG报告,e_hazardous_waste,False,格科半导体产生量（t,格科半导体产生量（t,derived,direct,aggregation_of_disclosed_components,证据明确列出两处危险废弃物产生量数值及单位，可加总得出总量。,"{""numeric_tokens"":[],""evidence_quote"":""格科半导体产生量（t""}",deterministic_canonical_hardening,2026-08-24T13:35:14.356040+00:00
688728_格科微_2025_ESG报告,e_green_office,True,- 使用LED灯泡、安装节能空调、厕所使用感应灯 - 无纸化办公、非必要不打印、双面打印、电子化文档储存、实行线上审批和其他内部工作流程、使用电子签字盖章系统,"使用LED灯泡、安装节能空调、厕所使用感应灯
- 无纸化办公、非必要不打印、双面打印、电子化文档储存、实行线上审批和其他内部工作流程、使用电子签字盖章系统",,,,,,deterministic_canonical_hardening,2026-08-24T13:35:14.356040+00:00
688728_格科微_2025_ESG报告,s_customer_complaints,True,2025 接获关于产品及服务的投诉数目 | 件 | 4,"2025 
接获关于产品及服务的投诉数目 | 件 | 4",direct,direct,,,,deterministic_canonical_hardening,2026-08-24T13:35:14.356040+00:00
688728_格科微_2025_ESG报告,s_community_investment,True,社会贡献 指标名称 | 单位 | 2025 社区公益投入金额 | 万元 | 203.21,"社会贡献 
指标名称 | 单位 | 2025 
社区公益投入金额 | 万元 | 203.21",direct,direct,,,,deterministic_canonical_hardening,2026-08-24T13:35:14.356040+00:00
688728_格科微_2025_ESG报告,g_board_size,True,指标名称 | 单位 | 2025 董事会总人数 | 人 | 7,"指标名称 | 单位 | 2025 
董事会总人数 | 人 | 7",direct,direct,,,,deterministic_canonical_hardening,2026-08-24T13:35:14.356040+00:00
688728_格科微_2025_ESG报告,g_shareholder_meetings,True,召开年度股东会 次 1 召开临时股东会 次 2,"召开年度股东会 | 次 | 1 
召开临时股东会 | 次 | 2",derived,direct,aggregation_of_disclosed_components,证据明确披露年度及临时股东会次数，合计3次。,"{""numeric_tokens"":[""1"",""2""],""evidence_quote"":""召开年度股东会 | 次 | 1 \n召开临时股东会 | 次 | 2""}",deterministic_canonical_hardening,2026-08-24T13:35:14.356040+00:00
688728_格科微_2025_ESG报告,e_ghg_scope1,True,"范围一温室气体排放量^2 | 吨二氧化碳当量 | 1,480.95","范围一温室气体排放量^2$ | 吨二氧化碳当量 | 1,480.95",direct,direct,,,,deterministic_canonical_hardening,2026-08-24T13:35:14.356040+00:00
688728_格科微_2025_ESG报告,s_training,True,2025 受训总人数 | 人 | 2199,"2025 
受训总人数 | 人 | 2199",direct,direct,,,,deterministic_canonical_hardening,2026-08-24T13:35:14.356040+00:00
688818_电科蓝天_2025_ESG报告,e_ammonia_nitrogen,True,氨氮含量(NH3-N) 0.33吨,"氨氮含量(NH3-N) 
0.33吨",direct,direct,,,,deterministic_canonical_hardening,2026-08-24T13:35:14.356040+00:00
688818_电科蓝天_2025_ESG报告,e_air_pollutants,True,颗粒物（PM）排放量 77.56千克,"颗粒物（PM）排放量 
77.56千克",direct,direct,,,,deterministic_canonical_hardening,2026-08-24T13:35:14.356040+00:00
688818_电科蓝天_2025_ESG报告,e_voc,True,挥发性有机物（VOCs）排放量 444.49千克,"挥发性有机物（VOCs）排放量 
444.49千克",direct,direct,,,,deterministic_canonical_hardening,2026-08-24T13:35:14.356040+00:00
688818_电科蓝天_2025_ESG报告,e_particulate,True,颗粒物（PM）排放量 77.56千克,"颗粒物（PM）排放量 
77.56千克",direct,direct,,,,deterministic_canonical_hardening,2026-08-24T13:35:14.356040+00:00
688818_电科蓝天_2025_ESG报告,g_board_diversity,True,公司董事会成员 11 人，其中女性董事 1 人，占比 9%。,公司董事会成员 11 人，其中女性董事 1 人，占比 9%,direct,direct,,,,deterministic_canonical_hardening,2026-08-24T13:35:14.356040+00:00
920001_纬达光电_2025_ESG报告,e_fuel_consumption,True,"天然气消耗量 | 立方米 | 1,826,514 柴油消耗量 | 升 | 3,298.59 汽油消耗量 | 升 | 4,736.65","天然气消耗量 | 立方米 | 1,826,514 
柴油消耗量 | 升 | 3,298.59 
汽油消耗量 | 升 | 4,736.65",direct,direct,,,,deterministic_canonical_hardening,2026-08-24T13:35:14.356040+00:00
920001_纬达光电_2025_ESG报告,e_air_pollutants,True,废气排放种类 | 单位 | 排放量 氮氧化物 | 吨 | 0.9238 硫氧化物 | 吨 | 0 颗粒物 | 吨 | 0.2263 挥发性有机物(VOC) | 吨 | 2.6741,"废气排放种类 | 单位 | 排放量 
氮氧化物 | 吨 | 0.9238 
硫氧化物 | 吨 | 0 
颗粒物 | 吨 | 0.2263 
挥发性有机物(VOC) | 吨 | 2.6741",direct,direct,,,,deterministic_canonical_hardening,2026-08-24T13:35:14.356040+00:00
920001_纬达光电_2025_ESG报告,s_supplier,True,公司依据《供应商管理程序》《采购管理程序》等内部管理制度，构建起覆盖供应商准入、审核、监督、评估全环节的全生命周期管理体系，通过资质审核、合规承诺、定期 ESG 评价等系统性管控措施，强化供应链 ESG 全流程管理。,公司依据《供应商管理程序》《采购管理程序》等内部管理制度，构建起覆盖供应商准入、审核、监督、评估全环节的全生命周期管理体系，通过资质审核、合规承诺、定期 ESG 评价等系统性管控措施，强化供应链 ESG 全流程管理,,,,,,deterministic_canonical_hardening,2026-08-24T13:35:14.356040+00:00
920001_纬达光电_2025_ESG报告,e_ghg_scope2,True,"范围二^2 | 非再生外购电力 | 吨二氧化碳当量 | 4,485.98 | 不适用 | 不适用 | 4,485.98 | 4,485.98","范围二^2$ | 非再生外购电力 | 吨二氧化碳当量 | 4,485.98 | 不适用 | 不适用 | 4,485.98 | 4,485.98",direct,direct,,,,deterministic_canonical_hardening,2026-08-24T13:35:14.356040+00:00
920019_铜冠矿建_2025_ESG报告,g_independent_director_ratio,False,董事会共 8 名董事，其中独立董事 3 人,董事会共 8 名董事，其中独立董事 3 人,derived,normalized_or_inferred,ratio_from_disclosed_counts_or_fraction,证据明确给出董事总数8人及独董3人，计算占比为37.5%。,"{""numeric_tokens"":[""8"",""3""],""evidence_quote"":""董事会共 8 名董事，其中独立董事 3 人""}",deterministic_canonical_hardening,2026-08-24T13:35:14.356040+00:00
920019_铜冠矿建_2025_ESG报告,g_tax_transparency,True,政府及监管机构 | 守法合规经营 | 完善公司治理 依法纳税 | 主动依法纳税,"政府及监管机构 | 守法合规经营 | 完善公司治理 
依法纳税 | 主动依法纳税",,,,,,deterministic_canonical_hardening,2026-08-24T13:35:14.356040+00:00
920019_铜冠矿建_2025_ESG报告,g_party_building,True,坚持党建与生产经营深度融合，将党建引领转化为实实在在的发展驱动力，推行党建工作例会制度，开展党支部书记抓党建工作述职。,坚持党建与生产经营深度融合，将党建引领转化为实实在在的发展驱动力，推行党建工作例会制度，开展党支部书记抓党建工作述职,,,,,,deterministic_canonical_hardening,2026-08-24T13:35:14.356040+00:00
920019_铜冠矿建_2025_ESG报告,s_training,True,维度 | 指标名称 | 单位 | 2023 | 2024 | 2025 社会绩效 | 人均培训时长 | 小时 | 24 | 61 | 34,"维度 | 指标名称 | 单位 | 2023 | 2024 | 2025 
社会绩效 | 人均培训时长 | 小时 | 24 | 61 | 34",direct,direct,,,,deterministic_canonical_hardening,2026-08-24T13:35:14.356040+00:00
920029_开发科技_2025_ESG报告,e_energy_total,True,"能源 能源消耗总量 | 吨标煤 | 1,767.13 | 1,689.21","能源 
能源消耗总量 | 吨标煤 | 1,767.13 | 1,689.21",direct,direct,,,,deterministic_canonical_hardening,2026-08-24T13:35:14.356040+00:00
920029_开发科技_2025_ESG报告,e_hazardous_waste,True,有害废弃物 有害废弃物产生总量 | 吨 | 136.4 | 97.63,"有害废弃物 
有害废弃物产生总量 | 吨 | 136.4 | 97.63",direct,direct,,,,deterministic_canonical_hardening,2026-08-24T13:35:14.356040+00:00
920029_开发科技_2025_ESG报告,e_nonhazardous_waste,True,无害废弃物 无害废弃物产生总量 | 吨 | 618.77 | 610.41,"无害废弃物 
无害废弃物产生总量 | 吨 | 618.77 | 610.41",direct,direct,,,,deterministic_canonical_hardening,2026-08-24T13:35:14.356040+00:00
920029_开发科技_2025_ESG报告,e_air_pollutants,True,污染物 | 单位 | 2024 | 2025 挥发性有机物(VOCs) | 吨 | 1.21 | 2.92 颗粒物(PM) | 吨 | 0.251 | 0.439,"污染物 | 单位 | 2024 | 2025 
挥发性有机物(VOCs) | 吨 | 1.21 | 2.92 
颗粒物(PM) | 吨 | 0.251 | 0.439",direct,direct,,,,deterministic_canonical_hardening,2026-08-24T13:35:14.356040+00:00
920029_开发科技_2025_ESG报告,e_ghg_scope1,True,范围1(直接排放) | 固定燃烧(柴油发电机、汽油商务车) | 7.16 逸散排放(制冷剂、灭火器、废水处理等) | 443.85,"范围1(直接排放) | 固定燃烧(柴油发电机、汽油商务车) | 7.16 
逸散排放(制冷剂、灭火器、废水处理等) | 443.85",derived,normalized_or_inferred,aggregation_of_disclosed_components,证据明确列出范围1直接排放分项及合计值451.01 tCO2e。,"{""numeric_tokens"":[""1"",""7.16"",""443.85""],""evidence_quote"":""范围1(直接排放) | 固定燃烧(柴油发电机、汽油商务车) | 7.16 \n逸散排放(制冷剂、灭火器、废水处理等) | 443.85""}",deterministic_canonical_hardening,2026-08-24T13:35:14.356040+00:00
920029_开发科技_2025_ESG报告,e_ghg_scope2,False,"范围2(间接排放) | 电网电力-基于位置 | 7,157.45","范围2(间接排放) | 电网电力-基于位置 | 7,157.45",direct,normalized_or_inferred,,,,deterministic_canonical_hardening,2026-08-24T13:35:14.356040+00:00
920039_国义招标_2025_ESG报告,e_climate_risk,True,公司构建了“决策层—管理层—执行层”三级联动的气候治理架构，明确管理职责与行动要求。该架构通过分层协作统筹气候变化应对行动，确保应对气候变化的各项措施精准落地、高效执行。,公司构建了“决策层—管理层—执行层”三级联动的气候治理架构，明确管理职责与行动要求。该架构通过分层协作统筹气候变化应对行动，确保应对气候变化的各项措施精准落地、高效执行,,,,,,deterministic_canonical_hardening,2026-08-24T13:35:14.356040+00:00
920039_国义招标_2025_ESG报告,s_research_development,True,"2025年 研发投入 | 万元 | 1,934.49","2025年 
研发投入 | 万元 | 1,934.49",direct,direct,,,,deterministic_canonical_hardening,2026-08-24T13:35:14.356040+00:00
920039_国义招标_2025_ESG报告,g_stakeholder_communication,True,未来公司将持续完善 ESG 治理与信息披露机制，深化利益相关方沟通，推动企业价值与经济、社会、环境综合效益协同发展。,未来公司将持续完善 ESG 治理与信息披露机制，深化利益相关方沟通，推动企业价值与经济、社会、环境综合效益协同发展,,,,,,deterministic_canonical_hardening,2026-08-24T13:35:14.356040+00:00
920039_国义招标_2025_ESG报告,e_ghg_scope1,True,2025年 范围一温室气体排放量 | 吨二氧化碳当量 | 85.68,"2025年 
范围一温室气体排放量 | 吨二氧化碳当量 | 85.68",direct,direct,,,,deterministic_canonical_hardening,2026-08-24T13:35:14.356040+00:00
920122_中纺标_2025_ESG报告,e_energy_total,False,| 能源消耗总计 | 428 | 100 |,| 能源消耗总计 | 428 | 100 |,direct,normalized_or_inferred,,,,deterministic_canonical_hardening,2026-08-24T13:35:14.356040+00:00
920122_中纺标_2025_ESG报告,e_fuel_consumption,False,"2025年全年,能源消费总量为428吨标煤,同比2024年同期490.18吨标煤,下降约12.69%。","2025年全年,能源消费总量为428吨标煤,同比2024年同期490.18吨标煤,下降约12.69%。",direct,normalized_or_inferred,,,,deterministic_canonical_hardening,2026-08-24T13:35:14.356040+00:00
920122_中纺标_2025_ESG报告,g_board_diversity,False,"性别构成上,女性董事3名、男性董事2名,多元的性别结构助力决策更全面","性别构成上,女性董事3名、男性董事2名,多元的性别结构助力决策更全面",direct,normalized_or_inferred,,,,deterministic_canonical_hardening,2026-08-24T13:35:14.356040+00:00
920167_同享科技_2025_ESG报告,e_fuel_consumption,True,"汽油使用量 | 升 | 12,176.13 | 8,746.98 | 7,621.81 柴油使用量 | 升 | 4,983.48 | 5,988.04 | 4,872.39","汽油使用量 | 升 | 12,176.13 | 8,746.98 | 7,621.81 
柴油使用量 | 升 | 4,983.48 | 5,988.04 | 4,872.39",direct,direct,,,,deterministic_canonical_hardening,2026-08-24T13:35:14.356040+00:00
920167_同享科技_2025_ESG报告,e_water_total,True,"水资源使用 总取水量 | 吨 | 12,469 | 15,300 | 16,587","水资源使用 
总取水量 | 吨 | 12,469 | 15,300 | 16,587",direct,direct,,,,deterministic_canonical_hardening,2026-08-24T13:35:14.356040+00:00
920167_同享科技_2025_ESG报告,e_waste_recycling,True,2025年，累计完成报废塑料线盘加工约200吨，占全年使用总量约 18\% 。,"2025年，累计完成报废塑料线盘加工约200吨，占全年使用总量约 
18\%",direct,direct,,,,deterministic_canonical_hardening,2026-08-24T13:35:14.356040+00:00
920167_同享科技_2025_ESG报告,s_customer_complaints,False,报告期内，公司未发生客户投诉事件。,报告期内，公司未发生客户投诉事件。,derived,normalized_or_inferred,zero_event_normalization,证据明确披露报告期内无投诉，数值为0。,"{""numeric_tokens"":[],""evidence_quote"":""报告期内，公司未发生客户投诉事件。""}",deterministic_canonical_hardening,2026-08-24T13:35:14.356040+00:00
920167_同享科技_2025_ESG报告,g_anti_corruption,True,公司制定《商业道德与反腐败管理制度》《反舞弊、反腐败、反商业贿赂合规制度》等内部管理制度，持续规范和完善商业道德相关的行为准则及要求。,公司制定《商业道德与反腐败管理制度》《反舞弊、反腐败、反商业贿赂合规制度》等内部管理制度，持续规范和完善商业道德相关的行为准则及要求,,,,,,deterministic_canonical_hardening,2026-08-24T13:35:14.356040+00:00
920299_灿能电力_2025_可持续发展报告,s_research_development,True,"关键指标 | 单位 | 2025年完成情况 研发费用总额 | 万元 | 1,096.75","关键指标 | 单位 | 2025年完成情况 
研发费用总额 | 万元 | 1,096.75",direct,direct,,,,deterministic_canonical_hardening,2026-08-24T13:35:14.356040+00:00
920299_灿能电力_2025_可持续发展报告,g_independent_director_ratio,False,公司董事会由6名成员组成，其中包括4名非独立董事与2名独立董事，独立董事占比达三分之一。,公司董事会由6名成员组成，其中包括4名非独立董事与2名独立董事，独立董事占比达三分之一。,derived,normalized_or_inferred,ratio_from_disclosed_counts_or_fraction,证据明确给出独立董事占比为三分之一。,"{""numeric_tokens"":[""6"",""4"",""2""],""evidence_quote"":""公司董事会由6名成员组成，其中包括4名非独立董事与2名独立董事，独立董事占比达三分之一。""}",deterministic_canonical_hardening,2026-08-24T13:35:14.356040+00:00
920665_科强股份_2025_ESG报告,g_board_diversity,True,董事会女性占比 - 33.33%,董事会女性占比 | - | 33.33%,direct,direct,,,,deterministic_canonical_hardening,2026-08-24T13:35:14.356040+00:00
920665_科强股份_2025_ESG报告,g_stakeholder_communication,True,公司对内持续完善 ESG 治理实践，通过强化利益相关方沟通、优化 ESG 重要性议题管理等举措，稳步提升 ESG 管理水平。,公司对内持续完善 ESG 治理实践，通过强化利益相关方沟通、优化 ESG 重要性议题管理等举措，稳步提升 ESG 管理水平,,,,,,deterministic_canonical_hardening,2026-08-24T13:35:14.356040+00:00
